Nombre variable,Tipo de variable,Base de datos de origen,Descripcion,Rango o valores unicos,% Valores faltantes (N/A)
Periodo_fiscal,Entero (integer),Actividades en el LABNL Lab Cultural Ciudadano 2022-2024,Periodo en el que se realizo la actividad,2022 a 2025,0
Programa,Categorica,Actividades en el LABNL Lab Cultural Ciudadano 2022-2024,Nombre del programa del cual se desprenden proyectos y actividades o eventos,Cultura de la Gobernanza; Innovacion Cultural; Innovacion cultural,0
Proyecto,Categorica,Actividades en el LABNL Lab Cultural Ciudadano 2022-2024,Nombre del proyecto del cual se desprenden actividades o eventos,Actividades institucionales; Cultura para la Inclusion; LABNL Lab Cultural Ciudadano; Mediacion Investigacion Creacion; Programa LABNL; Prototipado; Sesiones de prototipado con Mediacion; Sesiones de prototipado con mediacion,0
Tipo_actividad,Categorica,Actividades en el LABNL Lab Cultural Ciudadano 2022-2024,Tipo de actividad o evento,"Aniversario; Aprender haciendo; Capacitacion; Comunidad; Copia, pega, replica; Dialogo abierto / Conversatorio; Evento comunitario; Exposicion; Festival; Maraton tematico colaborativo; Multidisciplinario; Presentacion audiovisual; Presentacion de danza; Presentacion de libro; Presentacion de prototipo; Presentacion de teatro; Presentacion multidisciplinaria; Prestamo de espacio; Proyeccion de cine; Proyecto ciudadano; Proyecto de Mediacion-Investigacion-Creacion; Recorrido; Residencia artistica; Sesion de mediacion; Sesiones abiertas; Sesiones de prototipado; Taller; Visita con mediacion; evento comunitario; exposicion",0
Disciplina,Categorica,Actividades en el LABNL Lab Cultural Ciudadano 2022-2024,Tipo de disciplina relacionada a las artes y el quehacer cultural en la cual se inserta el proyecto o actividad realizada,Multidisciplinario; sin dato,0
Nombre_actividad,Texto libre,Actividades en el LABNL Lab Cultural Ciudadano 2022-2024,Nombre completo con el que se difundio la actividad,291 valores unicos,0
Sinopsis,Texto libre,Actividades en el LABNL Lab Cultural Ciudadano 2022-2024,Redaccion para dar difusion a la actividad,183 valores unicos,0.2
Linea_accion,Categorica,Actividades en el LABNL Lab Cultural Ciudadano 2022-2024,Sin descripcion,"LA  5.1.2 Construir agendas y espacios de reflexion interinstitucionales, de participacion ciudadana y con sociedad civil organizada para tener mecanismos de gobierno abierto y transparencia proactiva.; LA 1.1.1 Realizar mapeos colaborativos, encuestas y/o estudios diagnosticos encaminados a conocer el ecosistema cultural de Nuevo Leon.; LA 1.2.1 Apoyar y acompanar los proyectos de innovacion cultural de las personas.; LA 1.2.2 Fortalecer las redes y comunidades de agentes culturales locales, artistas y grupos de personas interesadas a traves de la movilidad, herramientas de gestion y profesionalizacion.; LA 1.2.3 Diseno y oferta de talleres y cursos de capacitacion para potenciar el uso de canales digitales para el desarrollo y acceso a actividades artisticas y culturales.; LA 2.1.1 Realizar acciones encaminadas a la formacion de publicos, mediacion artistica e intercambio de ideas.; LA 2.2.1 Gestionar talleres, conversatorios y capacitaciones en temas de economia creativa y cultura sostenible dirigidos a emprendedores(as), artistas y creadores.; LA 3.1.1 Convocar mesas periodicas de dialogo/trabajo como espacios de encuentro para publicos diversos.; LA 3.2.1 Activar espacios publicos para el encuentro de comunidades a traves de las metodologias de mediacion cultural, artistica, comunitaria y de innovacion social.; LA 3.2.1 Activar espacios publicos para el encuentro de comunidades a traves de las metodologias de mediacion cultural, artistica, comunitaria y de innovacion social. (SALAS DE LECTURA); LA 3.2.2 Activar espacios de experiencia colectiva para propiciar el encuentro ciudadano y la celebracion de las identidades locales.; LA 3.2.3 Propiciar la generacion de laboratorios culturales distribuidos en espacios con infraestructura especializada para el acceso de la poblacion a procesos de experimentacion e innovacion cultural.; LA 5.1.3 Impulsar la coordinacion entre actores para generar de datos, informacion e investigacion estrategica para la toma de decisiones.; LA 5.2.1 Establecer mesas de trabajo con personas expertas del sector, sociedad civil, asi como, representantes de publicos diversos.",0
Derecho_cultural,Categorica,Actividades en el LABNL Lab Cultural Ciudadano 2022-2024,Sin descripcion,"I. Acceso a la cultura y al disfrute de los bienes y servicios que presta la institucion
(por ejemplo mediante eventos culturales gratuitos, medios de difusion para garantizar que el mensaje llegue a la mayor cantidad de poblacion, etc.); I. Acceso a la cultura y al disfrute de los bienes y servicios que presta la institucion (por ejemplo mediante eventos culturales gratuitos, medios de difusion para garantizar que el mensaje llegue a la mayor cantidad de poblacion, etc.); IX. Utilizar las tecnologias de la informacion y las comunicaciones para el ejercicio de los derechos culturales; V. Participar de manera activa y creativa en la cultura.",0
Objetivo_actividad,Categorica,Actividades en el LABNL Lab Cultural Ciudadano 2022-2024,Redaccion por la cual se registran las metas y alcances propuestos por el proyecto,"Activar  los bienes y servicios culturales  de publicos diversos; Activar la innovacion de publicos diversos; Activar los bienes y servicios culturales de publicos diversos; Activar los conocimientos colectivos de la comunidad LGBTTTIQ+; Activar los conocimientos colectivos de las mujeres; Activar los conocimientos colectivos de las personas migrantes; Activar los conocimientos colectivos de ninas, ninos y adolescentes; Activar los conocimientos colectivos de publicos diversos; Apoyar el desarollo humano de las mujeres; Apoyar el desarollo humano de publicos diversos; Apoyar la innovacion de publicos diversos; Atender los indicadores de publicos diversos; Comunicar la innovacion de la comunidad LGBTTTIQ+; Comunicar la innovacion de las mujeres; Comunicar la innovacion de las personas con discapacidad; Comunicar la innovacion de las personas migrantes; Comunicar la innovacion de publicos diversos; Desarrollar los conocimientos colectivos de publicos diversos; Difundir la diversidad cultural de publicos diversos; Difundir la expresion de las mujeres; Difundir la expresion de las personas migrantes; Difundir la expresion de publicos diversos; Difundir los conocimientos colectivos de publicos diversos; Dimensionar los retos sociales de las personas migrantes; Divulgar los conocimientos colectivos de publicos diversos; Exponer la participacion ciudadana de publicos diversos; Fomentar la inclusion de ninas, ninos y adolescentes; Fomentar los conocimientos colectivos de publicos diversos; Presentar los bienes y servicios culturales de publicos diversos; Promover los bienes y servicios culturales de publicos diversos (+9 mas)",0.4
Cantidad_sesiones,Categorica,Actividades en el LABNL Lab Cultural Ciudadano 2022-2024,Numero de sesiones en las que se realizo la actividad,0; 1; 10; 11; 110; 114; 12; 125; 13; 135; 14; 140; 147; 15; 150; 154; 157; 16; 160; 161; 17; 18; 19; 2; 20; 21; 22; 220; 23; 235 (+30 mas),0.1
Fecha _inicio,Tiempo (fecha/hora),Actividades en el LABNL Lab Cultural Ciudadano 2022-2024,Sin descripcion,2022-01-01 00:00:00 a 2025-12-01 00:00:00,0
Fecha_fin,Tiempo (fecha/hora),Actividades en el LABNL Lab Cultural Ciudadano 2022-2024,Fecha en la que finalizo la actividad,2022-04-01 00:00:00 a 2026-01-01 00:00:00,0
Mes,Categorica,Actividades en el LABNL Lab Cultural Ciudadano 2022-2024,Mes en el que ocurrio la actividad (llenado automatico),abril; agosto; diciembre; enero; febrero; julio; junio; marzo; mayo; noviembre; octubre; septiembre,0
Hora_inicio,Categorica,Actividades en el LABNL Lab Cultural Ciudadano 2022-2024,Hora en la que inicio la actividad,00:00:00 UTC - 6; 09:00:00 UTC - 6; 10:00:00 UTC - 6; 11:00:00 UTC - 6; 11:00:00 a.m.; 11:30:00 p.m.; 12:00:00 UTC - 6; 12:00:00 p.m.; 12:30:00 p.m.; 13:00:00 UTC - 6; 13:00:00 p.m.; 14:00:00 UTC - 6; 14:00:00 p.m.; 15:00; 15:00:00 UTC - 6; 15:30:00 UTC - 6; 16:00:00 UTC - 6; 16:30:00 UTC - 6; 17:00:00 UTC - 6; 17:30:00 UTC - 6; 18:00:00 UTC - 6; 18:30:00 UTC - 6; 18:40:00 UTC - 6; 19:00:00 UTC - 6; 19:30:00 UTC - 6; 1:00:00 p.m.; 2:00:00 p.m.; 3:00:00 p.m.; 3:30:00 p.m.; 4:00:00 p.m. (+6 mas),0
Hora_fin,Categorica,Actividades en el LABNL Lab Cultural Ciudadano 2022-2024,Hora en la que finalizo la actividad,12:00:00 UTC - 6; 14:00:00 UTC - 6; 15:00:00 UTC - 6; 15:00:00 p.m.; 16:00:00 UTC - 6; 17:00:00 UTC - 6; 17:30:00 UTC - 6; 18:00:00 UTC - 6; 18:25:00 UTC - 6; 18:30:00 UTC - 6; 19:00:00 UTC - 6; 19:30:00 UTC - 6; 19:30:00 p.m.; 1:00:00 p.m.; 20:00; 20:00:00 UTC - 6; 20:30:00 UTC - 6; 20:45:00 UTC - 6; 21:00:00 UTC - 6; 23:59:59 UTC - 6; 2:00:00 p.m.; 3:00:00 p.m.; 4:00:00 p.m.; 5:00:00 p.m.; 5:30:00 p.m.; 6:00:00 p.m.; 6:30:00 p.m.; 7:00:00 p.m.; 8:00:00 p.m.; 8:30:00 p.m. (+1 mas),0
Municipio,Categorica,Actividades en el LABNL Lab Cultural Ciudadano 2022-2024,Nombre del municipio donde se encuentra el espacio donde se realizo la actividad,Merida; Monterrey; San Nicolas de los Garza; San Pedro Garza Garcia; Zapopan,0.7
Espacio,Categorica,Actividades en el LABNL Lab Cultural Ciudadano 2022-2024,Nombre del espacio donde se realizo la actividad,"Auditorio San Pedro; Biblioteca Universitaria ""Raul Rangel Frias""; Casa de la Cultura de Nuevo Leon; Centro Cultural ""Plaza Fatima""; Centro estudiantil del Tecnologico de Monterrey; Cintermex; Explanada Cultural LABNL; Facultad de Ciencias Biologicas; Gimnasio deportivo ""Tecnologico de Monterrey""; Instituto de Informacion Estadistica y Geografica de Jalisco; LABNL Lab Cultural Ciudadano; LABNL Lab Cultural Ciudadano de Monterrey; Macroplaza; Parque ""El Capitan""; Parque ""Espana""; Plaza de ""El chorro""; Tec Sounds Radio; Universidad Autonoma de Yucatan (UADY); Universidad del Norte",0.4
Asistentes_totales,Texto libre,Actividades en el LABNL Lab Cultural Ciudadano 2022-2024,Numero total de personas asistentes,209 valores unicos,0.1
Mujeres,Categorica,Actividades en el LABNL Lab Cultural Ciudadano 2022-2024,Numero total de asistentes mujeres,0; 1; 10; 103; 104; 106; 107; 11; 110; 113; 114; 12; 120; 123; 124; 126; 13; 135; 14; 142; 149; 15; 159; 16; 17; 178; 18; 181; 183; 185 (+91 mas),1.1
Hombres,Texto libre,Actividades en el LABNL Lab Cultural Ciudadano 2022-2024,Numero total de asistentes hombres,149 valores unicos,1.1
Primera_infancia,Categorica,Actividades en el LABNL Lab Cultural Ciudadano 2022-2024,Numero de asistentes totales menores,0; 1; 13; 2; 3; 4; 6; sin dato,1.1
01_PI_Hombres,Categorica,Actividades en el LABNL Lab Cultural Ciudadano 2022-2024,Numero de asistentes hombres menores,0; 1; 2; 22; 3; 4; 5; 8; sin dato,1.1
01_PI_Mujeres,Categorica,Actividades en el LABNL Lab Cultural Ciudadano 2022-2024,Numero de asistentes mujeres menores,0; 1; 10; 12; 14; 15; 16; 19; 2; 27; 29; 3; 32; 4; 5; 52; 6; 7; 8; 9; sin dato,1.1
NNA,Categorica,Actividades en el LABNL Lab Cultural Ciudadano 2022-2024,Numero de asistentes totales entre 6 y 11 años de edad,0; 1; 10; 12; 13; 14; 16; 19; 2; 29; 3; 34; 4; 5; 50; 6; 7; 8; 9; sin dato,1.1
01_NNA_Hombres,Categorica,Actividades en el LABNL Lab Cultural Ciudadano 2022-2024,Numero de asistentes hombres entre 6 y 11 años de edad,0; 1; 12; 13; 2; 22; 3; 4; 5; 53; 6; 8; 9; sin dato,1.1
01_NNA_Mujeres,Categorica,Actividades en el LABNL Lab Cultural Ciudadano 2022-2024,Numero de asistentes mujeres entre 6 y 11 años de edad,0; 1; 10; 13; 14; 15; 16; 19; 2; 20; 28; 3; 30; 33; 4; 5; 53; 6; 7; 8; 9; sin dato,1.1
Adolescentes,Categorica,Actividades en el LABNL Lab Cultural Ciudadano 2022-2024,Numero de asistentes totales entre 12 y 17 años de edad,0; 1; 10; 11; 12; 13; 14; 158; 16; 17; 18; 19; 2; 20; 21; 22; 28; 3; 30; 32; 33; 35; 36; 38; 39; 4; 41; 42; 43; 48 (+10 mas),1.1
02_Adolescentes_Hombres,Categorica,Actividades en el LABNL Lab Cultural Ciudadano 2022-2024,Numero de asistentes hombres entre 12 y 17 años de edad,0; 1; 10; 103; 106; 107; 11; 116; 12; 122; 13; 133; 138; 14; 149; 15; 151; 16; 17; 18; 19; 2; 20; 21; 22; 229; 235; 24; 25; 253 (+45 mas),1.1
02_Adolescentes_Mujeres,Categorica,Actividades en el LABNL Lab Cultural Ciudadano 2022-2024,Numero de asistentes mujeres entre 12 y 17 años de edad,0; 1; 10; 11; 12; 13; 14; 15; 157; 16; 17; 18; 19; 2; 20; 21; 22; 23; 24; 27; 28; 3; 32; 36; 4; 40; 41; 5; 50; 54 (+11 mas),1.1
Jovenes,Categorica,Actividades en el LABNL Lab Cultural Ciudadano 2022-2024,Numero de asistentes totales entre 18 y 29 años de edad,0; 1; 10; 101; 102; 103; 107; 109; 11; 111; 119; 12; 120; 125; 13; 130; 137; 14; 140; 147; 15; 152; 157; 16; 161; 17; 18; 19; 2; 20 (+85 mas),1.1
03_Jovenes_Hombres,Categorica,Actividades en el LABNL Lab Cultural Ciudadano 2022-2024,Numero de asistentes hombres entre 18 y 29 años de edad,0; 1; 10; 105; 107; 11; 110; 111; 112; 114; 12; 122; 127; 129; 13; 14; 140; 145; 149; 15; 16; 17; 170; 18; 180; 188; 19; 194; 2; 20 (+71 mas),1.1
03_Jovenes_Mujeres,Categorica,Actividades en el LABNL Lab Cultural Ciudadano 2022-2024,Numero de asistentes mujeres entre 18 y 29 años de edad,0; 1; 10; 103; 104; 106; 11; 111; 115; 12; 124; 13; 14; 142; 147; 15; 150; 16; 17; 170; 18; 181; 183; 19; 192; 2; 20; 208; 21; 212 (+65 mas),1.1
Adultos,Categorica,Actividades en el LABNL Lab Cultural Ciudadano 2022-2024,Numero de asistentes totales  entre 30 y 59 años de edad,0; 1; 10; 101; 104; 11; 111; 115; 117; 12; 120; 121; 125; 127; 13; 130; 131; 133; 134; 135; 14; 140; 141; 142; 144; 145; 146; 148; 149; 15 (+94 mas),1.1
04_Adultos_Hombres,Categorica,Actividades en el LABNL Lab Cultural Ciudadano 2022-2024,Numero de asistentes hombres entre 30 y 59 años de edad,0; 1; 10; 101; 106; 108; 11; 110; 111; 113; 115; 117; 118; 12; 124; 13; 133; 134; 14; 143; 144; 146; 147; 15; 151; 158; 16; 164; 165; 17 (+61 mas),1.1
04_Adultos_Mujeres,Categorica,Actividades en el LABNL Lab Cultural Ciudadano 2022-2024,Numero de asistentes mujeres entre 30 y 59 años de edad,0; 1; 10; 104; 11; 12; 124; 125; 128; 13; 139; 14; 146; 15; 153; 157; 17; 176; 18; 19; 2; 20; 21; 22; 23; 24; 25; 26; 27; 28 (+36 mas),15.6
Personas_adultas_mayores,Categorica,Actividades en el LABNL Lab Cultural Ciudadano 2022-2024,Numero de asistentes totales mayores de 60 años de edad,0; 1; 10; 11; 13; 14; 15; 16; 18; 19; 2; 21; 23; 24; 25; 26; 27; 28; 29; 3; 32; 33; 35; 36; 37; 4; 40; 41; 42; 43 (+9 mas),0
05_P_Adultas_Mayores_Hombres,Categorica,Actividades en el LABNL Lab Cultural Ciudadano 2022-2024,Sin descripcion,0; 1; 10; 11; 13; 14; 15; 18; 19; 2; 20; 22; 23; 24; 25; 26; 27; 28; 3; 33; 34; 35; 38; 4; 40; 41; 44; 48; 5; 52 (+5 mas),0.1
05_P_Adultas_ Mayores_Mujeres,Categorica,Actividades en el LABNL Lab Cultural Ciudadano 2022-2024,Sin descripcion,0; 1; 10; 11; 12; 15; 2; 3; 4; 5; 6; 7; 8; 9; sin dato,0.1
Personas_indigenas,Categorica,Actividades en el LABNL Lab Cultural Ciudadano 2022-2024,Numero de asistentes de personas indígenas,0; 1; 11; 13; 15; 16; 18; 19; 2; 20; 3; 4; 5; 6; 7; 8; 9; H; sin dato,0.1
Personas_discapacidad,Categorica,Actividades en el LABNL Lab Cultural Ciudadano 2022-2024,Numero de asistentes de personas con discapacidad,0; 1; 10; 12; 15; 16; 17; 19; 2; 20; 21; 26; 3; 4; 5; 6; 7; 8; 9; sin dato,0.1
Personas_migrantes,Categorica,Actividades en el LABNL Lab Cultural Ciudadano 2022-2024,Numero de asistentes de personas migrantes,0; 1; 10; 11; 13; 14; 15; 16; 17; 2; 20; 21; 22; 24; 25; 3; 4; 5; 6; 8; 9; sin dato,0.1
Personas_privadas_libertad,Categorica,Actividades en el LABNL Lab Cultural Ciudadano 2022-2024,Numero de asistentes de personas privadas de su libertad,0; 1; 11; 2; 3; 47; 62; 7; sin dato,0.1
Afrodescendientes,Entero (integer),Actividades en el LABNL Lab Cultural Ciudadano 2022-2024,Numero de asistentes de personas afrodescendientes,0 a 2025,0.1
LGBTTTIQ,Categorica,Actividades en el LABNL Lab Cultural Ciudadano 2022-2024,Numero de asistentes de personas LGBTTTIQ+,0; 1; 10; 11; 13; 14; 15; 16; 17; 18; 19; 2; 20; 25; 27; 28; 3; 33; 4; 40; 43; 44; 46; 48; 5; 50; 53; 55; 58; 59 (+9 mas),0.1
Unnamed: 45,Categorica,Actividades en el LABNL Lab Cultural Ciudadano 2022-2024,Sin descripcion,Actividades institucionales; Programa LABNL; Sesiones de prototipado con Mediacion; Sesiones de prototipado con mediacion,66.2
Unnamed: 46,Categorica,Actividades en el LABNL Lab Cultural Ciudadano 2022-2024,Sin descripcion,Aprender haciendo; Comunidad; Dialogo abierto / Conversatorio; Evento comunitario; Festival; Prestamo de espacio; Proyecto ciudadano; Proyecto de Mediacion-Investigacion-Creacion; Recorrido; Sesion de mediacion; Sesiones abiertas; Sesiones de prototipado; Visita con mediacion,66.2
Unnamed: 47,Categorica,Actividades en el LABNL Lab Cultural Ciudadano 2022-2024,Sin descripcion,Multidisciplinario,66.2
Unnamed: 48,Categorica,Actividades en el LABNL Lab Cultural Ciudadano 2022-2024,Sin descripcion,A jugar Pitarra; Aprender Haciendo: Narrativas Inmersivas; Aprender Haciendo: Visualizacion Creativa de Datos; Aroace; Atlas de Genero NL; Auto-Constructores; Autoconstructores: Saberes y practicas para la autonomia constructiva; Campamento MILA; Cierre de comunidades; ColectiBi[o]t: orquesta de laptops y dispositivos moviles; Cultivo de Escritores; Derecho a Jugar; Dia del Patrimonio; Dia del Patrimonio | editaton; Drink&Doc; Ecos de Vida; El Cuerpo como Maquina para el Reciclaje; Encuentro 2025 | Dialogo Abierto; Encuentro 2025 | Sesiones Abiertas; Entorno Total; Espacio de computadoras; Espejismos lucidos; Evento externo; Exo-cabezas; FESTILAB 2025; Fotovoz; Frugal Hacks 4 Climate Change; Gente de los Condo; GeoSTATS; HEN: arte para todxs (+47 mas),66.2
Unnamed: 49,Categorica,Actividades en el LABNL Lab Cultural Ciudadano 2022-2024,Sin descripcion,"A jugar pitarra es un proyecto que busca crear una app sobre Pitarra, un juego tradicional mexicano.; A lo largo de tres sesiones, se exploraron conocimientos y tecnicas que combinan construccion con tierra y plantas suculentas locales para crear un artefacto vivo capaz de filtrar metales pesados en el aire e intervenir ventanas desde una perspectiva sostenible y afectiva.; Actividad de cierre de las comunidades de LABNL en donde estas presentan los resultados de sus prototipos realizados durante el ano 2025.; Atlas de Genero Nuevo Leon busca crear una plataforma digital de facil y libre acceso que reuna informacion sobre desigualdades de genero.; Campamento en colaboracion con VerificadoMX en donde jovenes y adultos aprenden sobre alfabetizacion digital.; Celebracion de la efemeride estatal dedicada al patrimonio tangible e intangible del estado de Nuevo Leon en colaboracion con comunidades de LABNL Lab Cultural Ciudadano, que exploran prototipos afines a tematicas de preservacion y cuidado del patrimonio local.; Clase magistral por parte de la Seretaria de Cultura, Melissa Segura da a conocer el papel de las mujeres en la innovacion ciudadana a partir del trabajo en proyectos ciudadanos de LABNL, destacando su participacion en la apropiacion tecnologica, la generacion de conocimiento y la incidencia social.; Comunidad que desarrolla herramientas que permitan habitar, ocupar, rehabilitar, resignificar y reapropiarse del espacio publico, desde una perspectiva ciudadana inclusiva, sostenible e interseccional.; Comunidad que investiga, documenta y divulga la memoria ciudadana enfocada en las herencias culturales edificadas de Monterrey.; Conciertos realizados por Corazon de Robota.; Conciertos realizados por Ivan Abreu y Malitzin Cortes los cuales utilizan elementos de LiveCoding para llevar acabo experiencias sonoras innovadoras.; Conciertos realizados por Lolo y Sosaku.; Conciertos realizados por Rocio Beringuer.; Corazon de Robota ensena a la comunidad parte de los procesos que forman parte de sus distintas obras.; El objetivo es desarrollar un recorrido virtual experimental por las estaciones ferroviarias que formaban parte del itinerario Monterrey - Paredon - Espinazo.; El proyecto busca crear un juego de mesa basado en la historia y mitologia del noreste del pais, en espanol, con reglas basicas y de facil acceso, alejado de las narrativas, historias y modos de vida eurocentristas.; El proyecto busca desarrollar una app con interaccion en tiempo real entre artistas y publicos con discapacidad que les permita tener una mejor experiencia en eventos y como herramienta para que los espacios escenicos puedan ofrecer mejores condiciones para el acceso, permanencia y salida del lugar, asi como para ubicar zonas practicas como rampas, sanitarios, estacionamientos, entre otras.; El proyecto busca experimentar con materiales, formas y mecanismos para co-disenar y fabricar un artefacto que pueda utilizarse en espacios domesticos y reducidos para cultivar setas comestibles, germinar semillas y hacer fermentos, todo con un mismo objeto.; El proyecto busca que ciudadanos autodidactas que han reacondicionado sus propios espacios habitacionales, compartan sus saberes y practicas para generar propuestas que ayuden a repensar las azoteas de las casas para volverlas en espacios contemplativos, de descanso y ocio, utilizando materiales que se tengan al alcance y plantas nativas que ayuden a reducir la incidencia solar sobre las casas.; En el marco de la Semana AMI 2025, impulsada por la UNESCO, Digitalis, Verificado MX y LABNL invitan a este encuentro de dos dias dedicado a explorar el ecosistema digital desde una mirada critica, creativa y segura. A traves de talleres, dialogos y paneles, se reflexionara sobre el papel de la tecnologia y la informacion en la vida cotidiana.; Espejismos lucidos es un proyecto ciudadano que buscan enfrentar los desafios emocionales explorando en la creacion de un album de musica conceptual colectivo.; Este proyecto busca crear un libro de leyendas del norte del pais escrito en braille y acompanado de ilustraciones impresas en bajorrelieve, con la intencion de que sea accesible para todas las personas.; Este proyecto busca promover la formacion de escritores a partir de la creacion colaborativa de un libro electronico, utilizando los juegos de rol como motor creativo.; Evento comunitario en donde se incentivan las practicas ludicas y de juego a traves de distintos actores ciudadanos que se encargan de propiciar estas actividades.; Evento en donde los proyectos ciudadanos presentaron los resultados y avances de sus prototipos desarrollados durante la convocatoria de Proyectos Ciudadanos 2025.; Evento en donde los proyectos ciudadanos y comunidades de LABNL Lab Cultural Ciudadano desarrollaron la documentacion de los prototipos que han estado trabajando.; Evento en donde los proyectos ciudadanos y comunidades de LABNL Lab Cultural Ciudadano presentan los avances relacionados a los prototipos que han estado desarrollando.; Festival en celebracion del cuarto aniversario de la apertura de LABNL Lab Cultural Ciudadano.; Gente de los Condo es una comunidad ue busca activar el uso de las plazas comunes de los Condominios Constitucion.; Grupo ciudadano en continua exploracion de la vida microscopica de los espacios naturales y urbanos dese una perspectiva de ciencia ciudadana, social y artistica. (+41 mas)",66.2
Unnamed: 50,Categorica,Actividades en el LABNL Lab Cultural Ciudadano 2022-2024,Sin descripcion,"LA 1.2.1 Apoyar y acompanar los proyectos de innovacion cultural de las personas.; LA 3.2.1 Activar espacios publicos para el encuentro de comunidades a traves de las metodologias de mediacion cultural, artistica, comunitaria y de innovacion social.; LA 3.2.1 Activar espacios publicos para el encuentro de comunidades a traves de las metodologias de mediacion cultural, artistica, comunitaria y de innovacion social. (SALAS DE LECTURA); LA 3.2.2 Activar espacios de experiencia colectiva para propiciar el encuentro ciudadano y la celebracion de las identidades locales.",66.2
Unnamed: 51,Categorica,Actividades en el LABNL Lab Cultural Ciudadano 2022-2024,Sin descripcion,"I. Acceso a la cultura y al disfrute de los bienes y servicios que presta la institucion
(por ejemplo mediante eventos culturales gratuitos, medios de difusion para garantizar que el mensaje llegue a la mayor cantidad de poblacion, etc.); I. Acceso a la cultura y al disfrute de los bienes y servicios que presta la institucion (por ejemplo mediante eventos culturales gratuitos, medios de difusion para garantizar que el mensaje llegue a la mayor cantidad de poblacion, etc.); V. Participar de manera activa y creativa en la cultura.",66.2
Unnamed: 52,Categorica,Actividades en el LABNL Lab Cultural Ciudadano 2022-2024,Sin descripcion,"Activar  los bienes y servicios culturales  de publicos diversos; Activar los bienes y servicios culturales de publicos diversos; Activar los conocimientos colectivos de publicos diversos; Atender los indicadores de publicos diversos; Difundir los conocimientos colectivos de publicos diversos; Promover los bienes y servicios culturales de publicos diversos; Propiciar  la creacion artistica  de publicos diversos; Propiciar  los bienes y servicios culturales  de publicos diversos; Propiciar  los conocimientos colectivos  de la comunidad LGBTTTIQ+; Propiciar  los conocimientos colectivos  de las mujeres; Propiciar  los conocimientos colectivos  de las personas adultas mayores; Propiciar  los conocimientos colectivos  de las personas con discapacidad; Propiciar  los conocimientos colectivos  de ninas, ninos y adolescentes; Propiciar  los conocimientos colectivos  de publicos diversos",67
Unnamed: 53,Entero (integer),Actividades en el LABNL Lab Cultural Ciudadano 2022-2024,Sin descripcion,1 a 161,66.2
Unnamed: 54,Tiempo (fecha/hora),Actividades en el LABNL Lab Cultural Ciudadano 2022-2024,Sin descripcion,2024-01-01 00:00:00 a 2025-12-01 00:00:00,66.2
Unnamed: 55,Tiempo (fecha/hora),Actividades en el LABNL Lab Cultural Ciudadano 2022-2024,Sin descripcion,2024-01-06 00:00:00 a 2026-01-01 00:00:00,66.2
Unnamed: 56,Categorica,Actividades en el LABNL Lab Cultural Ciudadano 2022-2024,Sin descripcion,abril; agosto; diciembre; enero; febrero; julio; junio; marzo; mayo; noviembre; octubre; septiembre,66.2
Unnamed: 57,Categorica,Actividades en el LABNL Lab Cultural Ciudadano 2022-2024,Sin descripcion,12:00:00 p.m.; 15:00; 1:00:00 p.m.; 2:00:00 p.m.; 3:00:00 p.m.; 4:00:00 p.m.; 5:00:00 p.m.; 5:30:00 p.m.; 6:00:00 p.m.; 6:30:00 p.m.; 7:00:00 p.m.; 9:00:00 a.m.,66.2
Unnamed: 58,Categorica,Actividades en el LABNL Lab Cultural Ciudadano 2022-2024,Sin descripcion,15:00:00 p.m.; 20:00; 3:00:00 p.m.; 5:00:00 p.m.; 6:30:00 p.m.; 7:00:00 p.m.; 8:00:00 p.m.; 8:30:00 p.m.; 9:00:00 p.m.,66.2
Unnamed: 59,Categorica,Actividades en el LABNL Lab Cultural Ciudadano 2022-2024,Sin descripcion,Monterrey,66.9
Unnamed: 60,Categorica,Actividades en el LABNL Lab Cultural Ciudadano 2022-2024,Sin descripcion,LABNL Lab Cultural Ciudadano; LABNL Lab Cultural Ciudadano de Monterrey,66.2
Unnamed: 61,Entero (integer),Actividades en el LABNL Lab Cultural Ciudadano 2022-2024,Sin descripcion,0 a 1550,66.2
Unnamed: 62,Entero (integer),Actividades en el LABNL Lab Cultural Ciudadano 2022-2024,Sin descripcion,0 a 575,66.2
Unnamed: 63,Entero (integer),Actividades en el LABNL Lab Cultural Ciudadano 2022-2024,Sin descripcion,0 a 731,66.2
Unnamed: 64,Entero (integer),Actividades en el LABNL Lab Cultural Ciudadano 2022-2024,Sin descripcion,0 a 6,66.2
Unnamed: 65,Entero (integer),Actividades en el LABNL Lab Cultural Ciudadano 2022-2024,Sin descripcion,0 a 5,66.2
Unnamed: 66,Entero (integer),Actividades en el LABNL Lab Cultural Ciudadano 2022-2024,Sin descripcion,0 a 3,66.2
Unnamed: 67,Entero (integer),Actividades en el LABNL Lab Cultural Ciudadano 2022-2024,Sin descripcion,0 a 8,66.2
Unnamed: 68,Entero (integer),Actividades en el LABNL Lab Cultural Ciudadano 2022-2024,Sin descripcion,0 a 5,66.2
Unnamed: 69,Entero (integer),Actividades en el LABNL Lab Cultural Ciudadano 2022-2024,Sin descripcion,0 a 6,66.2
Unnamed: 70,Entero (integer),Actividades en el LABNL Lab Cultural Ciudadano 2022-2024,Sin descripcion,0 a 53,66.2
Unnamed: 71,Entero (integer),Actividades en el LABNL Lab Cultural Ciudadano 2022-2024,Sin descripcion,0 a 30,66.2
Unnamed: 72,Entero (integer),Actividades en el LABNL Lab Cultural Ciudadano 2022-2024,Sin descripcion,0 a 28,66.2
Unnamed: 73,Entero (integer),Actividades en el LABNL Lab Cultural Ciudadano 2022-2024,Sin descripcion,0 a 806,66.2
Unnamed: 74,Entero (integer),Actividades en el LABNL Lab Cultural Ciudadano 2022-2024,Sin descripcion,0 a 417,66.2
Unnamed: 75,Entero (integer),Actividades en el LABNL Lab Cultural Ciudadano 2022-2024,Sin descripcion,0 a 389,66.2
Unnamed: 76,Entero (integer),Actividades en el LABNL Lab Cultural Ciudadano 2022-2024,Sin descripcion,0 a 492,66.2
Unnamed: 77,Entero (integer),Actividades en el LABNL Lab Cultural Ciudadano 2022-2024,Sin descripcion,0 a 316,66.2
Unnamed: 78,Entero (integer),Actividades en el LABNL Lab Cultural Ciudadano 2022-2024,Sin descripcion,0 a 176,66.2
Unnamed: 79,Entero (integer),Actividades en el LABNL Lab Cultural Ciudadano 2022-2024,Sin descripcion,0 a 52,66.2
Unnamed: 80,Entero (integer),Actividades en el LABNL Lab Cultural Ciudadano 2022-2024,Sin descripcion,0 a 48,66.2
Unnamed: 81,Entero (integer),Actividades en el LABNL Lab Cultural Ciudadano 2022-2024,Sin descripcion,0 a 12,66.2
Unnamed: 82,Entero (integer),Actividades en el LABNL Lab Cultural Ciudadano 2022-2024,Sin descripcion,0 a 20,66.2
Unnamed: 83,Entero (integer),Actividades en el LABNL Lab Cultural Ciudadano 2022-2024,Sin descripcion,0 a 26,66.2
Unnamed: 84,Entero (integer),Actividades en el LABNL Lab Cultural Ciudadano 2022-2024,Sin descripcion,0 a 25,66.2
Unnamed: 85,Entero (integer),Actividades en el LABNL Lab Cultural Ciudadano 2022-2024,Sin descripcion,0 a 0,66.2
Unnamed: 86,Entero (integer),Actividades en el LABNL Lab Cultural Ciudadano 2022-2024,Sin descripcion,0 a 15,66.2
Unnamed: 87,Entero (integer),Actividades en el LABNL Lab Cultural Ciudadano 2022-2024,Sin descripcion,0 a 70,66.2
periodo,Entero (integer),Agua reutilizada,Año de registro/reporte/facturacion,2024 a 2025,0
mes,Categorica,Agua reutilizada,Mes de registro/facturacion/reporte,abril; agosto; diciembre; enero; febrero; julio; junio; marzo; mayo; noviembre; octubre; septiembre,0
agua_reutilizada,Entero (integer),Agua reutilizada,Volumen en metros cubicos de agua tratada contratada para reuso,5252123 a 5919169,0
agua_facturada_reuso,Entero (integer),Agua reutilizada,Volumen en metros cubicos de agua tratada facturada para reuso,3802306 a 4398634,0
expediente,Texto libre,Albergues Rurales Juveniles,expediente o clave del beneficiario al que se le brinda el servicio,496 valores unicos,0
municipio,Categorica,Albergues Rurales Juveniles,municipio donde se encuentra el albergue,Aramberri; Doctor Arroyo; Galeana; Iturbide; Monterrey; Zaragoza,0
nombre_del_albergue,Categorica,Albergues Rurales Juveniles,Nombre del Albergue donde se brinda el servicio,Albergue Rural Juvenil Acuï¿; Albergue Rural Juvenil Doctor Arroyo; Albergue Rural Juvenil El Charquillo; Albergue Rural Juvenil Galeana; Albergue Rural Juvenil Iturbide; Albergue Rural Juvenil La Ascension; Albergue Rural Juvenil San Cayetano de Vacas; Albergue Rural Juvenil Zaragoza; Centro para un mejor maï¿½a,0
edad,Entero (integer),Albergues Rurales Juveniles,Es la edad del beneficiario,11 a 23,0
sexo,Categorica,Albergues Rurales Juveniles,Especifica el Tipo de Sexo de las personas que se benefician,H; M,0
motivo_ingreso,Categorica,Albergues Rurales Juveniles,Es el motivo por el cual se presta el servicio a los beneficiarios,1 Semestre CECyTE; 1 cuatrimestre mantenimiento; 1 grado secundaria; 1 semestre bachillerato; 10 cuatrimestre universidad; 2 Semestre CECyTE; 2 grado secundaria; 3 Semestre CECyTE; 3 grado secundaria; 3 semestre bachillerato; 3 semestre universidad; 4 Semestre CECyTE; 4 cuatrimestre universidad; 5 Semestre CECyTE; 5 cuatrimestre universidad; 5 semestre bachillerato; 6 Semestre CECyTE; 7 cuatrimestre agricultura; 7 cuatrimestre mantenimiento; 7 licenciatura en educacion; Apoyo escolar; Continuar Estudios; Estudios profesionales,0
estatus,Categorica,Albergues Rurales Juveniles,Especifica el estatus del beneficiario durante el mes,BAJA; Baja; Cambio de Edad; Subsecuente,0
mes,Categorica,Albergues Rurales Juveniles,nombre del mes en el cual se toma el dato,ABRIL; AGOSTO; DICIEMBRE; Enero; FEBRERO; JULIO; JUNIO; MARZO; MAYO; NOVIEMBRE; OCTUBRE; SEPTIEMBRE,0
periodo,Entero (integer),Albergues Rurales Juveniles,"para un mejor orden de la base de datos, se concateno el periodo a reportar yyyy",2025 a 2025,0
fecha_integracion,Tiempo (fecha/hora),Asambleas Juntas de Mejora,Fecha de creacion de la Junta de Mejoramiento,1985-12-10 00:00:00 a 2025-08-07 00:00:00,1.9
ultima_asamblea,Tiempo (fecha/hora),Asambleas Juntas de Mejora,Ultima fecha registrada en la que se llevo a cabo una asamblea,2024-01-23 00:00:00 a 2025-12-17 00:00:00,0.3
tipo_de_asamblea,Categorica,Asambleas Juntas de Mejora,"Las asambleas se pueden llevar a cabo ya sea por integracion de una junta, relevacion parcial ( cuando solo algunas personas que integran la junta cambian) o (relevacion total (cuando hay un cambio de todas las personas que integran la junta)",integracion; relevacion_parcial; relevacion_total,0.3
municipio,Categorica,Asambleas Juntas de Mejora,Municipio a la que pertenece la Junta de Mejoramiento,; apodaca; el carmen; escobedo; garcia; general escobedo; guadalupe; hidalgo; juarez; mina; monterrey; salinas victoria; santiago,0.1
colonia,Texto libre,Asambleas Juntas de Mejora,"Colonia, fraccionamiento o residencial a la que pertenece la Junta de Mejoramiento",194 valores unicos,0.3
ubicacion,Categorica,Asambleas Juntas de Mejora,Lugar especifico donde se llevo a cabo la asamblea de la junta de mejora,calle feliciano dominguez; calle laurel y jazmin; calle principal de la colonia; calle yahualica; cancha del fraccionamiento; casa club del fraccionamiento; caseta de la colonia; centro social; comedor comunitario; domicilio de vecino; estacionamiento del fraccionamiento; palapa del fraccionamiento; parque de la colonia; parque del fraccionamiento; plaza de la colonia; quiosco del fraccionamiento; terraza del fraccionamiento,0.4
asistencia_total,Entero (integer),Asambleas Juntas de Mejora,Cantidad total de personas que asisitieron a la asamblea,8 a 314,15.5
genero_f_asist,Entero (integer),Asambleas Juntas de Mejora,Numero de personas que asistieron a la asamblea que se identificaron con la identidad sexogenerica  femenina,2 a 183,15.5
genero_m_asist,Entero (integer),Asambleas Juntas de Mejora,Numero de personas que que asistieron a la asamblea que se identificaron con la identidad sexogenerica masculino,0 a 152,15.5
genero_presi,Categorica,Asambleas Juntas de Mejora,Identidad sexogenerica de la persona que preside la mesa directiva,F; H; M; m; sin valor,0.3
ocupacion_presi,Categorica,Asambleas Juntas de Mejora,Ocupación desarrollada por la persona con el titulo de presidencia de la mesa directiva,activismo; ama de casa; empleada; estudiante; independiente; jubilacion; jubilado; sin dato; sin valor; trabajo_del_hogar,15.5
grado_estudios_presi,Categorica,Asambleas Juntas de Mejora,Nivel academico obtenido por la persona con el titulo de presidencia de la mesa directiva,basica; media_superior; posgrado; sin dato; superior,15.5
genero_secre,Categorica,Asambleas Juntas de Mejora,Identidad sexogenerica de la persona que posee el titulo de secretaria de la mesa directiva,F; M,15.5
ocupacion_secre,Categorica,Asambleas Juntas de Mejora,Ocupación desarrollada por la persona con el titulo de secretaria de la mesa directiva,empleada; empleado; estudiante; independiente; jubilacion; jubilada; sin dato; trabajo_del_hogar,15.5
grado_estudios_secre,Categorica,Asambleas Juntas de Mejora,Nivel academico obtenido por la persona con el titulo de secretaria de la mesa directiva,basica; media_superior; posgrado; sin dato; superioir; superior,15.5
genero_teso,Categorica,Asambleas Juntas de Mejora,Identidad sexogenerica de la persona que posee el titulo de tesoreria de la mesa directiva,F; M,15.5
ocupacion_teso,Categorica,Asambleas Juntas de Mejora,Ocupación desarrollada  por la persona con el titulo de tesoreria de la mesa directiva,empleada; empleado; estudiante; independiente; jubilacion; sin dato; trabajo_del_hogar,15.5
grado_estudios_teso,Categorica,Asambleas Juntas de Mejora,Nivel academico obtenido por la persona con el titulo de tesoreria de la mesa directiva,basica; media_superior; posgrado; sin dato; superior,15.5
genero_vo1,Categorica,Asambleas Juntas de Mejora,Identidad sexogenerica de la persona que posee el titulo de vocalia 1 de la mesa directiva,F; M; sin dato; sin valor,15.5
ocupacion_vo1,Categorica,Asambleas Juntas de Mejora,Ocupación desarrollada por la persona con el titulo de vocalia 1 de la mesa directiva,busqueda_de_empleo; empleada; independiente; jubilacion; jubilado; liderazgo_religioso; sin dato; sin valor; trabajo_del_hogar,15.5
grado_estudios_vo1,Categorica,Asambleas Juntas de Mejora,Nivel academico obtenido por la persona con el titulo de vocalia 1 de la mesa directiva,basica; media_superior; ninguna; posgrado; sin dato; sin valor; superior,15.5
genero_vo2,Categorica,Asambleas Juntas de Mejora,Identidad sexogenerica de la persona que posee el titulo de vocalia 2 de la mesa directiva,F; M; sin valor,15.5
ocupacion_vo2,Categorica,Asambleas Juntas de Mejora,Ocupación desarrollada por la persona con el titulo de vocalia 2 de la mesa directiva,empleada; empleado; independiente; jubilacion; sin dato; sin valor; trabajo_del_hogar,15.5
grado_estudios_vo2,Categorica,Asambleas Juntas de Mejora,Nivel academico obtenido por la persona con el titulo de vocalia 2 de la mesa directiva,basica; independiente; media_superior; posgrado; sin dato; sin valor; superior,15.5
genero_vo3,Categorica,Asambleas Juntas de Mejora,Identidad sexogenerica de la persona que posee el titulo de vocalia 3 de la mesa directiva,F; M; sin dato; sin valor,15.5
ocupacion_vo3,Categorica,Asambleas Juntas de Mejora,Ocupación desarrollada por la persona con el titulo de vocalia 3 de la mesa directiva,empleada; empleado; estudiante; independiente; jubilacion; jubilado; sin dato; sin valor; trabajo_del_hogar,15.5
grado_estudios_vo3,Categorica,Asambleas Juntas de Mejora,Nivel academico obtenido por la persona con el titulo de vocalia 3 de la mesa directiva,basica; media_superior; ninguna; posgrado; sin dato; sin valor; superior,15.5
genero_vo4,Categorica,Asambleas Juntas de Mejora,Identidad sexogenerica de la persona que posee el titulo de vocalia 4 de la mesa directiva,F; M; sin dato; sin valor,31.2
ocupacion_vo4,Categorica,Asambleas Juntas de Mejora,Ocupación desarrollada por la persona con el titulo de vocalia 4 de la mesa directiva,activista; empleada; independiente; jubilacion; sin dato; sin valor; trabajo_del_hogar,31.2
grado_estudios_vo4,Categorica,Asambleas Juntas de Mejora,Nivel academico obtenido por la persona con el titulo de vocalia 4 de la mesa directiva,basica; media_superior; posgrado; sin dato; sin valor; superior,31.2
genero_vo5,Categorica,Asambleas Juntas de Mejora,Identidad sexogenerica de la persona que posee el titulo de vocalia 5 de la mesa directiva,F; M; sin dato; sin valor,31.2
ocupacion_vo5,Categorica,Asambleas Juntas de Mejora,Ocupación desarrollada por la persona con el titulo de vocalia 5 de la mesa directiva,empleada; independiente; sin dato; sin valor; trabajo_del_hogar,31.2
grado_estudios_vo5,Categorica,Asambleas Juntas de Mejora,Nivel academico obtenido por la persona con el titulo de vocalia 5 de la mesa directiva,basica; media_superior; posgrado; sin dato; sin valor; superior,31.2
genero_vo6,Categorica,Asambleas Juntas de Mejora,Identidad sexogenerica de la persona que posee el titulo de vocalia 6 de la mesa directiva,F; M; sin valor,31.2
ocupacion_vo6,Categorica,Asambleas Juntas de Mejora,Ocupación desarrollada por la persona con el titulo de vocalia 6 de la mesa directiva,independiente; jubilacion; sin valor; trabajo_del_hogar,31.2
grado_estudios_vo6,Categorica,Asambleas Juntas de Mejora,Nivel academico obtenido por la persona con el titulo de vocalia 6 de la mesa directiva,basica; media_superior; sin valor; superior,31.2
genero_vo7,Categorica,Asambleas Juntas de Mejora,Identidad sexogenerica de la persona que posee el titulo de vocalia 7 de la mesa directiva,F; M; sin valor,31.2
ocupacion_vo7,Categorica,Asambleas Juntas de Mejora,Ocupación desarrollada por la persona con el titulo de vocalia 7 de la mesa directiva,independiente; sin valor; trabajo_del_hogar,31.2
grado_estudios_vo7,Categorica,Asambleas Juntas de Mejora,Nivel academico obtenido por la persona con el titulo de vocalia 7 de la mesa directiva,basica; media_superior; posgrado; sin valor,31.2
genero_vo8,Categorica,Asambleas Juntas de Mejora,Identidad sexogenerica de la persona que posee el titulo de vocalia 8 de la mesa directiva,F; sin valor,31.2
ocupacion_vo8,Categorica,Asambleas Juntas de Mejora,Ocupación desarrollada por la persona con el titulo de vocalia 8 de la mesa directiva,sin valor; trabajo_del_hogar,31.2
grado_estudios_vo8,Categorica,Asambleas Juntas de Mejora,Nivel academico obtenido por la persona con el titulo de vocalia 8 de la mesa directiva,basica; sin valor; superior,31.2
genero_vo9,Categorica,Asambleas Juntas de Mejora,Identidad sexogenerica de la persona que posee el titulo de vocalia 9 de la mesa directiva,M; sin valor,31.2
ocupacion_vo9,Categorica,Asambleas Juntas de Mejora,Ocupación desarrollada por la persona con el titulo de vocalia 9 de la mesa directiva,independiente; sin valor,31.2
grado_estudios_vo9,Categorica,Asambleas Juntas de Mejora,Nivel academico obtenido por la persona con el titulo de vocalia 9 de la mesa directiva,basica; sin valor,31.2
genero_vo10,Categorica,Asambleas Juntas de Mejora,Identidad sexogenerica de la persona que posee el titulo de vocalia 10 de la mesa directiva,F; sin valor,31.2
ocupacion_vo10,Categorica,Asambleas Juntas de Mejora,Ocupación desarrollada por la persona con el titulo de vocalia 10 de la mesa directiva,empleada; sin valor,31.2
grado_estudios_vo10,Categorica,Asambleas Juntas de Mejora,Nivel academico obtenido por la persona con el titulo de vocalia 10 de la mesa directiva,basica; sin valor,31.2
lat,Texto libre,Asambleas Juntas de Mejora,"Angulo imaginario que determina la distancia entre un punto cualquiera y el ecuador (la linea imaginaria Horizontal que divide al mundo en dos hemisferio, georeferenciado al punto donde se llevo a cabo la asamblea",294 valores unicos,0.3
lon,Texto libre,Asambleas Juntas de Mejora,"Angulo imaginario que determina la distancia entre un punto cualquiera y el meridiano 0, georeferenciado al punto donde se llevo a cabo  la asamblea",205 valores unicos,0.3
asistencia,Entero (integer),Asambleas Juntas de Mejora,Sin descripcion,8 a 298,84.8
genero_f,Entero (integer),Asambleas Juntas de Mejora,Sin descripcion,3 a 183,84.8
genero_m,Entero (integer),Asambleas Juntas de Mejora,Sin descripcion,0 a 115,84.8
fecha,Entero (integer),Asistencia de personas a actividades de CONARTE,Fecha en la que se realizo la actividad,2025 a 2025,0
bien_servicio,Texto libre,Asistencia de personas a actividades de CONARTE,Campo de registro descriptivo que identifica la salida especifica de la actividad cultural segun el producto o servicio artistico que se le brinda a las personas,34 valores unicos,0
disciplina,Categorica,Asistencia de personas a actividades de CONARTE,Campo que clasifica la actividad realizada segun la disciplina artistica a la que pertenece,Artes Plasticas; Cine y Video; Danza; Fotografia; Gestion cultural; Humanidades; Literatura; Multidisciplinario; Musica; Patrimonio Cultural; Patrimonio cultural; Teatro,0
rango_edad,Categorica,Asistencia de personas a actividades de CONARTE,Campo que segmenta a las personas que asistieron a alguna actividad del organismo por grupo etario,Adolescentes; Adultos; Adultos Mayores; Infantil; Jovenes,0
total_asistentes,Entero (integer),Asistencia de personas a actividades de CONARTE,Campo que muestra la sumatoria de asistencias de mujeres y hombres de las actividades realizadas,0 a 142686,0
total_mujeres,Entero (integer),Asistencia de personas a actividades de CONARTE,Campo de registro de asistencias por sexo biologico a las actividades realizadas,0 a 72391,0
total_hombres,Entero (integer),Asistencia de personas a actividades de CONARTE,Campo de registro de asistencias por sexo biologico a las actividades realizadas,0 a 70840,0
Fecha Atenci¢n,Texto libre,Atenciones Ciudadanas,Sin descripcion,123 valores unicos,19.7
Atenciones Telef¢nicas,Entero (integer),Atenciones Ciudadanas,Sin descripcion,0 a 13,19.7
Atenciones Digitales,Texto libre,Atenciones Ciudadanas,Sin descripcion,109 valores unicos,19.7
Atenciones Presenciales,Entero (integer),Atenciones Ciudadanas,Sin descripcion,0 a 26781,19.7
Unnamed: 4,Categorica,Atenciones Ciudadanas,Sin descripcion,"35592.0; 36,911; 40,066; 40,498",97.5
fecha_atencion,Texto libre,Atenciones Ciudadanas,"Fecha en la que se dio la consulta, solicitud o situacion del usuario",31 valores unicos,80.3
atenciones_telefonicas,Entero (integer),Atenciones Ciudadanas,"Numero de consultas, solicitudes o situaciones que se da a las personas usuarias a traves del irc  el canal telefonico",0 a 3,80.3
atenciones_digitales,Categorica,Atenciones Ciudadanas,"Numero de consultas, solicitudes o situaciones que se da a las personas usuarias a traves del irc por medios digitales","1,114; 149; 25; 437; 45; 46; 48; 51; 542; 557; 59; 60; 62; 621; 662; 691; 707; 716; 717; 762; 799; 809; 81; 836; 853; 880; 886; 888; 942; 954",80.3
atenciones_presenciales,Entero (integer),Atenciones Ciudadanas,"Numero de consultas, solicitudes o situaciones que se da a las personas usuarias a traves del irc de manera presencial",0 a 1448,80.3
Folio,Texto libre,Atenciones del 070 por canal,"Código único numérico asignado a cada atención en el Sistema de Atención Ciudadana 070,  ejemplo: SAC-26-0000001",256423 valores unicos,5.4
Año,Entero (integer),Atenciones del 070 por canal,Periodo de apertura del folio asignado a la atención,2025 a 2026,5.4
Mes,Categorica,Atenciones del 070 por canal,Mes de apertura del folio asignado a la atención,abril; agosto; diciembre; enero; febrero; julio; junio; marzo; mayo; noviembre; octubre,5.4
Día,Entero (integer),Atenciones del 070 por canal,Día de apertura del folio asignado a la atención,1 a 19,5.4
Canal,Categorica,Atenciones del 070 por canal,Método de contacto ciudadano utilizado por los usuarios para acceder a un servicio ligado al Sistema de Atención Ciudadana 070,Digital; Presencial; Telefónico,5.4
Categoría,Categorica,Atenciones del 070 por canal,Nombre del tipo de categoría de atención brindada referente al tipo de servicio requerido por el usuario,Acompañamiento; Asesoría; Difusión; Orientación; Sondeo; Ticket,5.4
Servicio,Categorica,Atenciones del 070 por canal,Nombre del tipo de servicio de atención brindada según el Catálogo de Servicios disponibles en el Sistema de Atención 070,Acompañamiento; Asesoría y orientación  (Control Vehicular); Asesoría y orientación (Ambiental); Asesoría y orientación (DIF); Asesoría y orientación (Digital); Asesoría y orientación (Empleo); Asesoría y orientación (Generalista); Asesoría y orientación (IMA); Asesoría y orientación (Legal); Asesoría y orientación (Metrorrey); Asesoría y orientación (Mujeres); Asesoría y orientación (Nueva Ruta); Asesoría y orientación (Nutrición); Asesoría y orientación (RED CAM); Asesoría y orientación (Registral y Catastral); Asesoría y orientación (SAT NL); Asesoría y orientación (Salud mental); Asesoría y orientación (Salud); Difusión de gobierno; Emergencias; Orientación general (Digital); Orientación general (Itinerante); Orientación general (Pabellón Ciudadano); Protección Civil; Sondeo de opinión; Ticket Agua y Drenaje; Ticket Asociación de Psicólogos; Ticket CEMER; Ticket COESAMED; Ticket Contraloría NL (+19 mas),5.4
Subtipo_servicio,Categorica,Atenciones del 070 por canal,Nombre del tipo de subtipo de servicio de atención brindada según el Catálogo de Servicios disponibles en el Sistema de Atención 070,075 (maltrato menores); 911 (emergencias); Acceso NL; Acceso Nuevo León; Alerta inmobiliaria y catastral; Alta de vehículo; Animal silvestre; Animales domésticos bienestar; Animales domésticos maltrato; Aparato movilidad o cuidado; Apoyo Discapacidad; Apoyo adultos mayores; Apoyo discapacidad; Apoyo especial; App URBANI; Asesoría legal; Asesoría psicológica; Atención Registro Público; Atención ciudadana; Atención especial; Atención psicológica; Atención y validación; Autos abandonados; Baja de vehículo; Bienestar animal; Bolsa de empleo (SILAP); CURP en línea; Calidad en el servicio; Cambio de propietario; Canalización a servicios (+140 mas),5.4
Dependencia_Responsable,Categorica,Atenciones del 070 por canal,Nombre de la dependencia encargada de brindar la atención solicitada por el usuario o la cual es responsable de brindar algún tipo de seguimiento,Asociación de Psicólogos de Nuevo León; Comisión Estatal de Arbitraje Médico en Nuevo León; Comisión Estatal de Mejora a Regulatoria; Contraloría y Transparencia Gubernamental; Fideicomiso de Desarrollo Urbano; Instituto Registral y Catastral del Estado de Nuevo León; Instituto de Control Vehicular; Instituto de Movilidad y Accesibilidad de Nuevo León; Parque Fundidora; Parques y Vida Silvestre de Nuevo León; Red Estatal de Autopistas de Nuevo León; SAT NL; Secretaría General de Gobierno; Secretaría de Educación; Secretaría de Igualdad e Inclusión; Secretaría de Medio Ambiente de Nuevo León; Secretaría de Movilidad y Planeación Urbana Nuevo León; Secretaría de Participación Ciudadana; Secretaría de Salud; Secretaría de Seguridad; Secretaría de las Mujeres; Secretaría del Trabajo; Servicios de Agua y Drenaje de Monterrey; Sistema de Transporte Colectivo Metrorrey; Sistema para el Desarrollo Integral de la Familia del Estado de Nuevo León; Subsecretaría de Atención Ciudadana,5.4
Municipio,Categorica,Atenciones del 070 por canal,Entidad municipal de referencia brindada por la persona usuaria al momento de solicitar un servicio de atencion por cualquier canal del 070,Abasolo; Agualeguas; Allende; Anáhuac; Apodaca; Aramberri; Bustamante; Cadereyta Jiménez; Cerralvo; China; Ciénega de Flores; Doctor Arroyo; Doctor Coss; Doctor González; El Carmen; Galeana; García; General Bravo; General Escobedo; General Terán; General Treviño; General Zaragoza; General Zuazua; Guadalupe; Hidalgo; Higueras; Hualahuises; Iturbide; Juárez; Lampazos de Naranjo (+21 mas),69.1
SAC-26-0094868,Categorica,Atenciones del 070 por canal,Sin descripcion,AYD-26-0000032; AYD-26-0000033; AYD-26-0000034; AYD-26-0000035; AYD-26-0000036; AYD-26-0000037; AYD-26-0000038; AYD-26-0000039; AYD-26-0000040; AYD-26-0000041; CMR-26-0000009; CMR-26-0000010; CYT-26-0000006; CYT-26-0000007; CYT-26-0000009; DIF-26-0000010; ICV-26-0000005; IMA-26-0000131; IMA-26-0000132; IMA-26-0000133; IMA-26-0000134; IMA-26-0000135; IMA-26-0000136; IMA-26-0000137; IMA-26-0000138; IMA-26-0000139; IMA-26-0000140; IMA-26-0000141; IMA-26-0000142; IMA-26-0000143 (+13010 mas),95.2
2026,Entero (integer),Atenciones del 070 por canal,Sin descripcion,2026 a 2026,95.2
enero,Categorica,Atenciones del 070 por canal,Sin descripcion,enero,95.2
15,Entero (integer),Atenciones del 070 por canal,Sin descripcion,15 a 17,95.2
Telefónico,Categorica,Atenciones del 070 por canal,Sin descripcion,Digital; Presencial; Telefónico,95.2
Orientación,Categorica,Atenciones del 070 por canal,Sin descripcion,Acompañamiento; Asesoría; Difusión; Orientación; Ticket,95.2
Asesoría y orientación (Generalista),Categorica,Atenciones del 070 por canal,Sin descripcion,Acompañamiento; Asesoría y orientación  (Control Vehicular); Asesoría y orientación (DIF); Asesoría y orientación (Digital); Asesoría y orientación (Empleo); Asesoría y orientación (Generalista); Asesoría y orientación (IMA); Asesoría y orientación (Legal); Asesoría y orientación (Metrorrey); Asesoría y orientación (Mujeres); Asesoría y orientación (Nueva Ruta); Asesoría y orientación (Registral y Catastral); Asesoría y orientación (SAT NL); Asesoría y orientación (Salud mental); Asesoría y orientación (Salud); Difusión de gobierno; Emergencias; Orientación general (Pabellón Ciudadano); Ticket Agua y Drenaje; Ticket CEMER; Ticket Contraloría NL; Ticket Control Vehicular; Ticket DIF NL; Ticket IMA; Ticket Metrorrey; Ticket Secretaría de Igualdad e Inclusión; Ticket Secretaría de Medio Ambiente; Ticket Secretaría de Participación Ciudadana; Ticket Secretaría del Trabajo; Ticket Seguridad Pública,95.2
Gobierno Estatal (NL),Categorica,Atenciones del 070 por canal,Sin descripcion,911 (emergencias); Acceso Nuevo León; Alerta inmobiliaria y catastral; Alta de vehículo; Animales domésticos maltrato; Aparato movilidad o cuidado; Apoyo Discapacidad; Apoyo discapacidad; App URBANI; Asesoría legal; Asesoría psicológica; Autos abandonados; Baja de vehículo; Bolsa de empleo (SILAP); Calidad en el servicio; Cambio de propietario; Canalización a servicios; Certificaciones; ComproNL; Constancias; Contención emocional; Convivencia; Corrupción; Declaración estatal; Delegaciones ICV; Denuncia; Descuentos y convenios; Difusión temática; Directorio de unidades médicas; Drenaje y alcantarillado (+64 mas),95.2
Subsecretaría de Atención Ciudadana,Categorica,Atenciones del 070 por canal,Sin descripcion,Comisión Estatal de Mejora a Regulatoria; Contraloría y Transparencia Gubernamental; Instituto de Control Vehicular; Instituto de Movilidad y Accesibilidad de Nuevo León; Secretaría de Igualdad e Inclusión; Secretaría de Medio Ambiente de Nuevo León; Secretaría de Participación Ciudadana; Secretaría de Seguridad; Secretaría de las Mujeres; Secretaría del Trabajo; Servicios de Agua y Drenaje de Monterrey; Sistema de Transporte Colectivo Metrorrey; Sistema para el Desarrollo Integral de la Familia del Estado de Nuevo León; Subsecretaría de Atención Ciudadana,95.2
NULL,Categorica,Atenciones del 070 por canal,Sin descripcion,Abasolo; Agualeguas; Allende; Anáhuac; Apodaca; Aramberri; Bustamante; Cadereyta Jiménez; China; Ciénega de Flores; Doctor Coss; Doctor González; El Carmen; Galeana; García; General Bravo; General Escobedo; General Terán; General Treviño; General Zaragoza; General Zuazua; Guadalupe; Hidalgo; Higueras; Hualahuises; Iturbide; Juárez; Linares; Los Herreras; Los Ramones (+15 mas),98.3
fecha_atencion,Tiempo (fecha/hora),Atenciones del 070 por canal,Sin descripcion,2024-03-01 00:00:00 a 2025-09-30 00:00:00,99.4
atenciones_telefonicas,Entero (integer),Atenciones del 070 por canal,Sin descripcion,504 a 5815,99.4
atenciones_digitales,Entero (integer),Atenciones del 070 por canal,Sin descripcion,0 a 907,99.4
atenciones_presenciales,Entero (integer),Atenciones del 070 por canal,Sin descripcion,0 a 2346,99.4
SkillServicio,Categorica,Atenciones del 070 por canal,Sin descripcion,A_CONTROL VEHICULAR; A_GENERALISTA; A_IMA; A_METRORREY; A_NUEVA RUTA; AyB_FIN DE SEMANA; AyB_NOCTURNO; B_DIF; B_GENERALISTA; B_MUJERES; C_AMBIENTAL; C_LEGAL; C_REGISTRO CATASTRO; C_SALUD; C_SALUD MENTAL; C_SAT NL; D_GENERALISTA; E_GENERALISTA,91.6
MedioContacto,Categorica,Atenciones del 070 por canal,Sin descripcion,Correo electrónico; Facebook; Pabellón Ciudadano; Teléfono; WhatsApp,91.6
Expediente,Categorica,Audiencias Públicas,Numero de expediente asignado a la Audiencia Publica,DIIMP-AP-014-2023; DIIMP-AP-018-2023; DIIMP-AP-020-2023; DIIMP-AP-021-2023; DIIMP-AP-023-2024; DIIMP-AP-024-2024; DIIMP-AP-028-2024; DIIMP-AP-030-2024,0
Tema,Categorica,Audiencias Públicas,Tema sobre el que versa el dialogo de la Audiencia Publica,Bosques Ciudadanos; Conservacion integral y sostenible del rio Santa Catarina; Conservacion y Gestion del Parque La Huasteca; Fortalecimiento de procesos de busqueda y atencion a personas victimas de desaparicion; Jovenes egresados de los sistemas de proteccion; Preservacion del parque Libertad; Programa de Respuesta a Contingencias Atmosfericas de Nuevo Leon; Reparacion Integral de la Secundaria No. 1 Capitan Alonso de Leon,0
Fecha_Solicitud,Tiempo (fecha/hora),Audiencias Públicas,Fecha en la que se recibio la solicitud en formato dd/mm/aaaa,2023-04-12 00:00:00 a 2025-04-23 00:00:00,0
Fecha_Admision,Tiempo (fecha/hora),Audiencias Públicas,Fecha en la que se emite el acuerdo de admision en formato dd/mm/aaaa,2023-05-22 00:00:00 a 2025-05-02 00:00:00,0
Fecha_Audiencia,Tiempo (fecha/hora),Audiencias Públicas,Fecha en la que se celebra la Audiencia Publica en formato dd/mm/aaaa,2023-06-07 00:00:00 a 2025-05-30 00:00:00,0
Fecha_Cierre,Tiempo (fecha/hora),Audiencias Públicas,Fecha en la que se emite el acuerdo de cierre de la audiencia publica en formato dd/mm/aaaa,2023-07-07 00:00:00 a 2024-12-10 00:00:00,0
Solicitante_Hombre,Entero (integer),Audiencias Públicas,Cantidad de personas identificadas como Hombres que solicitan la audiencia,0 a 3,0
Solicitante_Mujer,Entero (integer),Audiencias Públicas,Cantidad de personas identificadas como Mujeres que solicitan la audiencia,0 a 3,0
Solicitante_Otro,Entero (integer),Audiencias Públicas,"Cantidad de personas identificadas que no se identifican ni como Hombre, ni como Mujer que solicitan la audiencia",0 a 0,0
Dependencias_Cantidad,Entero (integer),Audiencias Públicas,Cantidad de dependencias participantes en la audiencia,0 a 8,0
Dependencias,Categorica,Audiencias Públicas,Listado separado por punto y coma de dependencias que participan en la Audiencia Publica,"Secretaria de Educacion; Instituto Constructor de Infraestructura Fisica Educativa y Deportiva de Nuevo Leon; Secretaria de Medio Ambiente; Secretaria de Medio Ambiente;  
Agencia de la Calidad del Aire del Estado de Nuevo Leon; Secretaria de Medio Ambiente;  
Secretaria de Turismo; Secretaria de Participacion Ciudadana; Comision Ejecutiva Estatal de Atencion a Victimas; Comision Local de Busqueda de Personas; Secretaria de Salud; Secretaria de las Mujeres; Secretaria de Igualdad e Inclusion; Secretaria de  Educacion.; Secretaria de Participacion Ciudadana; Secretaria de Medio Ambiente; Secretaria de Movilidad y Planeacion Urbana; Parques y Vida Silvestre; Proteccion Civil de la Secretaria General de Gobierno; Secretaria de Participacion Ciudadana; Secretaria de Salud; Sistema Estatal de Proteccion Integral de los Derechos de las Ninas; Ninos y Adolescentes de Nuevo Leon; Secretaria de Igualdad e Inclusion; Secretaria de Eduacion;Secretaria del Trabajo;Sistema para el Desarrollo Integral de la Familia del Estado de Nuevo Leon; Instituto de la Vivienda; Instituto Estatal de la Juventud.; Secretaria de Salud; Secretaria de Igualdad e Inclusion; Secretaria de Medio Ambiente; Secretaria de Participacion Ciudadana.",0
Autoridades_Hombre,Entero (integer),Audiencias Públicas,Cantidad de personas funcionarias publicas que participaron en la audiencia identificadas como Hombres,1 a 5,0
Autoridades_Mujer,Entero (integer),Audiencias Públicas,Cantidad de personas funcionarias publicass que participaron en la audiencia identificadas como Mujeres,0 a 7,0
Autoridades_Otro,Entero (integer),Audiencias Públicas,"Cantidad de personas funcionarias publicas que participaron en la audiencia que no se identifican como Hombres, ni como Mujeres",0 a 0,0
Participantes_Hombre,Entero (integer),Audiencias Públicas,Cantidad de personas representando a la parte solicitante que participaron en la audiencia identificadas como Hombres,0 a 4,0
Participantes_Mujer,Entero (integer),Audiencias Públicas,Cantidad de personas representando a la parte solicitante que participaron en la audiencia identificadas como Mujeres,2 a 6,0
Participantes_Otro,Entero (integer),Audiencias Públicas,"Cantidad de personas representando a la parte solicitante que participaron en la audiencia que no se identifican como Hombres, ni como Mujeres",0 a 1,0
Acta_PDF,Categorica,Audiencias Públicas,Liga al acta en formato PDF,https://drive.google.com/file/d/11_yGUy1RQ9MlKulcJPhld-sbvtc9qkwX/view?usp=sharing; https://drive.google.com/file/d/1Rgu1-gTXym99SG1BRlLDKHoEGuRQhw3w/view?usp=sharing; https://drive.google.com/file/d/1WZ3aWfvAPSvSaBZzDKh20Mzz_R2faix6/view?usp=drive_link; https://drive.google.com/file/d/1g18h8HInk3e6QLzaTe0VGBYSoBSfZzmu/view?usp=sharing; https://participacionciudadana.nl.gob.mx/wp-content/uploads/2023/audiencias/2023/014/acta.pdf; https://participacionciudadana.nl.gob.mx/wp-content/uploads/2023/audiencias/2023/018/acta.pdf; https://participacionciudadana.nl.gob.mx/wp-content/uploads/2023/audiencias/2023/020/acta.pdf; https://participacionciudadana.nl.gob.mx/wp-content/uploads/2023/audiencias/2023/021/acta.pdf,0
Acta_TXT,Categorica,Audiencias Públicas,Liga al acta en formato TXT,https://drive.google.com/file/d/195kbHf1oshhBWdblfudGUL0UhSKNMIVP/view?usp=drive_link; https://drive.google.com/file/d/1NZryX9F-zIVlY1nmryzfhEeo3XLyd4XR/view?usp=drive_link; https://drive.google.com/file/d/1oBiywAVDU3p4kxz8WO-lck3vyNw_j1RU/view?usp=drive_link; https://drive.google.com/file/d/1oRHPAgAEwotmxlKe_4IL__H7oGoLLji7/view?usp=drive_link; https://participacionciudadana.nl.gob.mx/wp-content/uploads/documentos/actasaudienciaspublicas/DIIMP-AP-014-2023%20Acta%20de%20Acuerdos%20Jovenes%20Egresados.txt; https://participacionciudadana.nl.gob.mx/wp-content/uploads/documentos/actasaudienciaspublicas/DIIMP_AP_018_2023_Acta_de_Acuerdos_Conservacion_Integral_Y_Sostenible.txt; https://participacionciudadana.nl.gob.mx/wp-content/uploads/documentos/actasaudienciaspublicas/DIIMP_AP_020_2023_Fortalecimiento_de_Procesos_de_Busqueda_y_Atencion.txt; https://participacionciudadana.nl.gob.mx/wp-content/uploads/documentos/actasaudienciaspublicas/DIIMP_AP_021_2023_Acta_de_Acuerdos_Preservacion_del_Parque_Libertad.txt,0
Acuerdos,Entero (integer),Audiencias Públicas,Cantidad de acuerdos establecidos en la audiencia,1 a 7,0
Acuerdo_1,Categorica,Audiencias Públicas,"Texto del primer acuerdo que figura en el acta, si es que existe","Instalacion de mesas de trabajo coordinadas por la Secretaria de Medio Ambiente con el objetivo de trabajar en la actualizacion de trabajar en la actualizacion del Programa de Respuesta a Contingencias Atmosfericas de Nuevo Leòn, en las que participan las organizaciones integrantes de la Alianza del Aire, miembros del actual Comite Directivo del (PRCA), representantes del sector Academico, otros ordenes de gobierno y la iniciativa privada, siendo la primera el 26 de agosto de 2024.; Instalacion de mesas de trabajo mensual, coordinadas por la Secretaria de Educacion con la Asociacion de Padres de Familia de la Escuela Secundaria No. 1, con la finalidad de informar los avances sobre los trabajos de reparacion de la infraestructura del plantel, siendo la primera el 19 de julio a las 10:00 horas.; La Secretaria de Medio Ambiente socializara con la comunidad, la informacion clave de las actividades de reforestacion, a traves de los medios que tenga a su alcance a fin de garantizar la transparencia y fortalecer la participacion informada.; Medio Ambiente enviara la propuesta de convenio de colaboracion entre la Secretaria de Medio Ambiente, Cumbre Cotidiana A.C. y Escalada Libre A.C.; Por parte de la Secretaria de Salud: Se programa una visita para el dia 24-veinticuatro de noviembre de la presente anualidad, para efectos de revisar la intervencion que se esta realizando actualmente.; Revisar las actividades, proyectos y programas de acuerdo a su ambito de competencia para atender en el corto plazo a las juventudes egresadas de programas de proteccion y entregar dicha informacion antes de siete dias habiles.; Se desahogaron de manera verbal cada uno de los puntos solicitados, y se realizo la entrega de manera escrita a la parte promovente de la informacion correspondiente a los puntos tratados por parte de la Comision Ejecutiva Estatal de Atencion a Victimas a traves de las presentaciones expuestas.; Una vez que se determine un plan de accion, podra crearse un grupo de acompanamiento para monitorear los avances en la implementacion del plan, asegurar la transparencia en el uso de recursos, verificar el cumplimiento adecuado del plan, y en su caso, emitir sugerencias y recomendaciones.  Para su integracion se solicitara que el movimiento UnRioEnElRio envie un listado de 10 perfiles, los cuales deberan acreditar solvencia tecnica para los fines del mismo, en disciplinas como la ecologia, biologia, manejo de areas naturales, hidrologia, rescate de fauna, entre otras afines, y sin vinculacion partidista.",0
Acuerdo_2,Categorica,Audiencias Públicas,"Texto del segundo acuerdo que figura en el acta, si es que existe","Instalar en los proximos 30 dias mesas de trabajo coordinadas por la Secretaria de Participacion Ciudadana para la construccion de un programa de politica publica integral para garantizar el derecho a la autonomia progresiva de ninas, ninos y adolescentes sin cuidados parentales, que al cumplir la mayoria de edad deben de egresar de Centros de Asistencia Social tanto publicos como privados.; La  Comision Ejecutiva Estatal de Atencion a Victimas buscara tener una reunion con el INFONAVIT para gestionar la forma de agilizar los tramites relativos entre dicha institucion y familiares de las victimas por desaparicion.; La Secretaria de Medio Ambiente celebrara una reunion con el Colectivo Piensa Verde para dar a conocer mas detalles sobre la informacion disponible para socializar y coordinar visitas a los sitios de reforestacion urbana.; Medio Ambiente elaborara un oficio para gestionar el acceso a deportistas al Parque la Huasteca, dirigido a las autoridades municipales y federales competentes.; Por parte de la Secretaria de Salud: Se propone una sesion posterior, que sea mas amplia a fin de exponer las caracteristicas de los planos, estudios y demas informacion relacionada con el proyecto del Hospital Infantil.; Se compromete a realizar una revision al instrumento de control utilizado para garantizar la imparticion de las clases del siguiente ciclo escolar de formato virtual y compartirlo con los padres de familia.; Se gestionara con la Federacion acciones coordinadas y mecanismos legales para la gestion integral y sostenible del Rio Santa Catarina, asimismo, se llevaran acabo las acciones necesarias ante la federacion para garantizar la declaratoria de area natural protegida estatal, en su modalidad de corredor biologico ripario en la cuenca del Rio Bravo y la Sierra Madre Oriental.; Se gestionara con la Federacion acciones coordinadas y mecanismos legales para la gestion integral y sostenible del Rio Santa Catarina, asimismo, se llevaran acabo las acciones necesarias ante la federación para garantizar la declaratoria de area natural protegida estatal, en su modalidad de corredor biologico ripario en la cuenca del Rio Bravo y la Sierra Madre Oriental.; Sin dato",0
Acuerdo_3,Categorica,Audiencias Públicas,"Texto del tercer acuerdo que figura en el acta, si es que existe","Agilizar la revision financiera que se estarealizando a la cuenta de la asociacion de madres y padres de familia y compartir los resultados cuando el proceso lo permita.; Antes de los 7 dias habiles las dependencias deberan designar a la persona responsable que participara en su representacion en las mesas de trabajo.; Elaborar una propuesta de difusion en conjunto con Organizaciones de la Sociedad Civil [OSC] para socializar el Acuerdo por el que se da a conocer el resumen del Programa de Manejo del Parque Nacional de Cumbres de Monterrey, en donde se establecen y se divulgan las directrices para la conservacion y uso sostenible del parque.; La  Comision Ejecutiva Estatal de Atencion a Victimas y la Comision Local de Busqueda buscaran un espacio con autoridades homologas de Tamaulipas para coordinar los procesos de busqueda en dicho estado.; Piensa Verde, Nuevo Leon, se incorporara en las actividades de reforestacion, con el objetivo de fortalecer la corresponsabilidad en el cuidado ambiental de acuerdo a los terminos que acuerde con la Secretaria de Medio Ambiente.; Por parte de la Secretaria de Salud: Una vez concluido el proyecto definitivo del Hospital Infantil la Secretaria de Salud  podra integrar mesas de dialogo con las vecinas y vecinos del “Parque Libertad”, para la revision de los planos y atender sus dudas sobre el proyecto.; Se compartira publicamente en los proximos 7 dias una ficha tecnica que contenga toda la informacion y  cualquier otro dato sobre la memoria de calculo empleada para evaluar el riesgo hidrometeorologico en el Rio Santa Catarina en todos los formatos disponibles.; Sin dato",0
Acuerdo_4,Categorica,Audiencias Públicas,"Texto del cuarto acuerdo que figura en el acta, si es que existe","Establecer una mesa tecnica interdisciplinaria de especialistas en la que se discutan los diferentes escenarios de modelacion y opciones de mitigacion de riesgos hidrometeorologicos. Para su integracion se solicitara que el movimiento un UnRioEnElRio envie un listado de 10 perfiles que acrediten solvencia tecnica (en disciplinas como hidrologia, meteorologia, riesgos, calculo geoespacial, proteccion civil, ecologia), con etica y sentido del bien comun, sin vinculacion partidista, de los cuales dos preferentemente tres seran integrados a la mesa conformada por 6 integrantes privilegiando la paridad de genero.  Los trabajos de esta mesa concluiran con un documento tecnico que cuente con recomendaciones, el cual sera enviado al Presidente del Consejo Tecnico Geologico e Hidrometeorologico de Nuevo Leon y a la Secretaria de Medio Ambiente para que conforme a sus atribuciones realicen un plan de accion que quedara a consideracion de la CONAGUA y SEMARNAT.; Garantizar la transparencia y efectividad en la gestion de la vigilancia “Parque La Huasteca"" mediante el envio trimestral de reportes sobre las inspecciones realizadas para detectar la presencia de escombros y/o residuos, a cargo de la Procuraduria Estatal de Proteccion al Medio Ambiente.; La Comision Ejecutiva Estatal de Atencion a Victimas realizara una sesion para identificar los casos pendientes de inclusion en el registro estatal de victimas de Nuevo Leon, su gestion con el registro de Tamaulipas y su inclusion en los programas sociales.; La Secretaria de Medio Ambiente convocara a una reunion con el Colectivo Piensa Verde y empresas vinculadas con actividades de alto impacto ambiental con el fin de dialogar sobre su posible participacion en acciones de prevencion, mantenimiento y mitigacion de la contaminacion al medio ambiente, asi como de  restauracion ambiental, relacionadas con actividades de reforestacion.; Por parte de la Secretaria de Salud: Se programara una visita con vecinas y vecinos del Parque Libertad a fin de establecer un  dialogo y atender sus peticiones sobre el proyecto Hospital Infantil.; Sin dato; Socializar los conceptos de atencion estructural y su calendarizacion que recibirala escuela en virtud del dictamen del peritaje de infraestructura del plantel, una vez terminado el proceso de licitacion.",8.3
Acuerdo_5,Categorica,Audiencias Públicas,"Texto del quinto acuerdo que figura en el acta, si es que existe","La Secretaria de Medio Ambiente enviara la Norma Ambiental Estatal NAE-SMA-007-2022 aplicable al diseño, siembra, mantenimiento y preservacion de los arboles, al Colectivo de Piensa Verde, Nuevo Leon y se establecera un grupo de trabajo interinstitucional y ciudadano para la elaboracion de propuestas de reforma que la Secretaria de Medio Ambiente presentara al Congreso del Estado, con el objetivo de fortalecer el marco legal que respalde y garantice las acciones de reforestacion en el Estado de Nuevo Leon.; Por parte de la Secretaria de Igualdad e Inclusion: Se encargara de emitir la convocatoria para la creacion de un comite de participacion comunitaria, el cual podra ser integrado por vecinas y vecinos del Parque Libertad”  con la finalidad de proponer actividades relacionadas con el centro comunitario, lo anterior conforme a lo estipulado en los lineamientos de comites de participacion ciudadana de la Secretaria de Igualdad e Inclusion.; Por parte de la Secretaria de Igualdad e Inclusión: Se encargara de emitir la convocatoria para la creacion de un comite de participacion comunitaria, el cual podra ser integrado por vecinas y vecinos del Parque Libertad”  con la finalidad de proponer actividades relacionadas con el centro comunitario, lo anterior conforme a lo estipulado en los lineamientos de comites de participacion ciudadana de la Secretaria de Igualdad e Inclusion.; Sensibilizar a las personas prestadoras de servicios turisticos y personas usuarias acerca de las normas y estandares de operacion en el parque, con el objetivo de regular las actividades para que se desarrollen de manera segura y respetuosa con el entorno natural, en colaboracion con OSC y otros actores interesados.; Sin dato",25
Acuerdo_6,Categorica,Audiencias Públicas,"Texto del sexto acuerdo que figura en el acta, si es que existe",Por parte de la Secretaria de Igualdad e Inclusion: Se realizaran sesiones de trabajo con las vecinas y vecinos del Parque Libertad para exponer los detalles del centro comunitario.; Por parte de la Secretaria de Igualdad e Inclusión: Se realizaran sesiones de trabajo con las vecinas y vecinos del Parque Libertad para exponer los detalles del centro comunitario.; Sin dato,25
Acuerdo_7,Categorica,Audiencias Públicas,"Texto del septimo acuerdo que figura en el acta, si es que existe",Por parte de la Secretaria de Medio Ambiente: Se propone realizar un recorrido en el Parque Libertad y derivado de ello poder evaluar las peticiones de vecinas y vecinos.; Sin dato,25
Acuerdo_8,Categorica,Audiencias Públicas,"Texto del octavo acuerdo que figura en el acta, si es que existe",Sin dato,33.3
Acuerdo_9,Categorica,Audiencias Públicas,"Texto del noveno acuerdo que figura en el acta, si es que existe",Sin dato,33.3
Acuerdo_10,Categorica,Audiencias Públicas,"Texto del decimo acuerdo que figura en el acta, si es que existe",Sin dato,33.3
Acuerdo_11,Categorica,Audiencias Públicas,"Texto del onceavo acuerdo que figura en el acta, si es que existe",Sin dato,33.3
Acuerdo_12,Categorica,Audiencias Públicas,"Texto del doceavo acuerdo que figura en el acta, si es que existe",Sin dato,33.3
Acuerdo_13,Categorica,Audiencias Públicas,"Texto del treceavo acuerdo que figura en el acta, si es que existe",Sin dato,33.3
Acuerdo_14,Categorica,Audiencias Públicas,"Texto del catorceavo acuerdo que figura en el acta, si es que existe",Sin dato,33.3
Acuerdo_15,Categorica,Audiencias Públicas,"Texto del quinceavo acuerdo que figura en el acta, si es que existe",Sin dato,33.3
periodo,Entero (integer),Campamento deportivo de verano,Ejercicio que se reporta,2025 a 2025,0
programa,Categorica,Campamento deportivo de verano,Nombre del programa institucional al que pertenece la actividad.,Deporte social,0
disciplina,Categorica,Campamento deportivo de verano,"Rama deportiva, cultural o tematica especifica de la actividad.",basquetbol; box judo karate luchas cross fit taekwondo atletismo futbol playa clavados basquetbol 3 x 3 voleibol playa nataión badminton y tenis de mesa.; futbol; tenis; voleibol,0
nombre_actividad,Categorica,Campamento deportivo de verano,Que el inscrito socialice con sus companeros se divierta de una manera segura y aprenda lo basico de las disciplinas deportivas impartidas esperando que en un futuro se integre a alguna de nuestras Escuelas de Iniciacion Deportiva.,Campamento de Verano,0
objetivo_actividad,Categorica,Campamento deportivo de verano,Sin descripcion,Que el nino socialice con sus companeros se divierta de una manera segura y aprenda lo basico de las disciplinas deportivas impartidas esperando que en un futuro se integre a alguna de nuestras Escuelas de Iniciación Deportiva.,0
cantidad_sesiones,Categorica,Campamento deportivo de verano,Numero total de sesiones o veces que se realizo la actividad en el periodo reportado.,2 semanas; 3 semanas,0
fecha_inicio,Categorica,Campamento deportivo de verano,La fecha en que la persona comienza sus actividades,07-jul; 21-jul,0
fecha_fin,Categorica,Campamento deportivo de verano,La fecha en que la persona concluye sus actividades,01-ago; 18-jul; 25-jul,0
hora_inicio_actividades,Categorica,Campamento deportivo de verano,La hora programada en que la persona inicia su actividad,08:30; 09:30,0
hora_fin_actividades,Categorica,Campamento deportivo de verano,La hora programada en que la persona concluye su actividad,11:00; 11:30; 13:00,0
sede,Categorica,Campamento deportivo de verano,Nombre del inmueble o instalacion donde se realiza la actividad.,Estadio Nuevo Leon; Gimnasio Nuevo Leon Gonzalitos; Paque Ninos Heroes,0
espacio,Categorica,Campamento deportivo de verano,Area especifica dentro de la sede donde se desarrolla la actividad.,Cancha; Canchas; Centro tenistico; Diferentes instalaciones,0
asistentes,Entero (integer),Campamento deportivo de verano,Total de personas que participaron en la actividad.,40 a 397,0
hombres,Entero (integer),Campamento deportivo de verano,Numero total de participantes del sexo masculino.,28 a 247,0
mujeres,Entero (integer),Campamento deportivo de verano,Numero total de participantes del sexo femenino.,8 a 150,0
rango_edad,Categorica,Campamento deportivo de verano,Clasificacion de los participantes segun grupo etario o categoria establecida por el programa.,3 a 21; 7 a 15; 7 a 16; 8 a 15; 8 a 16,0
Ejercicio,Entero (integer),Capacitaciones FIDECITRUS enero-agosto 2025,periodo fiscal o administrativo dentro ano calendario en el cual se registran actos operaciones conforme disposiciones legales aplicables,2025 a 2025,0
Fecha_inicio,Tiempo (fecha/hora),Capacitaciones FIDECITRUS enero-agosto 2025,fecha que indica inicio vigencia ejecucion acto programa actividad conforme registro oficial,2025-04-01 00:00:00 a 2025-04-01 00:00:00,0
Fecha_término ,Tiempo (fecha/hora),Capacitaciones FIDECITRUS enero-agosto 2025,fecha que indica conclusion vigencia ejecucion acto programa actividad conforme registro oficial,2025-04-30 00:00:00 a 2025-04-30 00:00:00,0
Denominación_fideicomiso_fondo_público_mandato_cualquier _contrato_análogo,Categorica,Capacitaciones FIDECITRUS enero-agosto 2025,Sin descripcion,FIDEICOMISO PARA EL DESARROLLO DE LA ZONA CITRÍCOLA DEL ESTADO DE NUEVO LEON,0
Nombre_de_Capacitacion_Acitvidad ,Categorica,Capacitaciones FIDECITRUS enero-agosto 2025,Sin descripcion,Taller de capacitación ABC del emprendedor,0
Unidad_territorial,Categorica,Capacitaciones FIDECITRUS enero-agosto 2025,area geografica administrativa utilizada organizacion control actividades servicios,Montemorelos,0
sexo,Categorica,Capacitaciones FIDECITRUS enero-agosto 2025,condicion biologica persona utilizada clasificacion basica fines administrativos estadisticos,Hombre; Mujer,0
componente,Categorica,Capacitaciones-portafolio 2025-2026,Nombre del programa al que pertenece el curso a impartir,Empoderamiento a las Mujeres; Incorporacion a la Perspectiva de Genero; Masculinidades; Mujeres Libres de Violencia; Seminario De Acoso Y Hostigamiento Sexual Y Laboral,0
competencia,Categorica,Capacitaciones-portafolio 2025-2026,Temas a capacitar,Derechos Humanos; En respuesta al Art. 6o Bis.- El Instituto Estatal de las Mujeres sera el organismo responsable de elaborar el programa y emitir la certificacion de los lineamientos para la capacitacion que implementen los tres poderes del Gobierno del Estado y los ayuntamientos; Enfoque de genero para la prevenciond e la violencia contra las mujeres; Igualdad y cultura de equidad; Imparticion de justicia; Portafolio de Seminarios,0
eje_tematico,Entero (integer),Capacitaciones-portafolio 2025-2026,A donde va enfocado el tema,1 a 10,0
nombre_curso,Texto libre,Capacitaciones-portafolio 2025-2026,Curso impartido,56 valores unicos,0
horas_duracion,Entero (integer),Capacitaciones-portafolio 2025-2026,Tiempo de duracion,4 a 20,0
objetivo,Texto libre,Capacitaciones-portafolio 2025-2026,Explicacion del enfoque del curso,39 valores unicos,0
modalida,Categorica,Capacitaciones-portafolio 2025-2026,Sin descripcion,"presencial; presencial, linea",0
secretaria,Categorica,Centro Estatal de Becas,corresponde a la secretaria de educacion del estado de nuevo leon,centro estatal becas,0
periodo,Categorica,Centro Estatal de Becas,intervalo de tiempo del programa,2022-2023; 2023-2024; 2024-2025,0
nombre_programa,Categorica,Centro Estatal de Becas,contiene el nombre del programa de beca que se publica a travez de una convocatoria abierta a la ciudadania,beca   inclusion educativa educacion media superior; beca   inclusion educativa educacion superior; beca   inclusion educativa para titulacion educacion superior; beca  educacion basica crece con nuevo leon; beca  educacion basica excelencia; beca  educacion basica merito aca mico; beca  educacion basica primeros pasos; beca  educacion media superior concluye; beca  educacion media superior siguele; beca  educacion superior superate; beca condicion  vulnerabilidad educacion media superior; beca condicion  vulnerabilidad educacion superior; beca inclusion educativa educacion basica; beca inclusion educativa par  educacion inicial educacion basica; beca inclusion educativa para grupos indigenas educacion basica; beca stem educacion superior; beca stem para bachilleratos tecnologicos; becas en instituciones educativas particulares  educacion basica y especial,0
objetivo,Categorica,Centro Estatal de Becas,finalidad principal del programa,coadyuvar en la cobertura  educacion basica   poblacion indigena mediante la entrega  becas o apoyos contribuyendo en la permanencia y reduciendo la  serciîn escolar en el sistema educativo  nuevo leon; coadyuvar en la cobertura  la educacion basica  excelencia mediante la entrega  becas o apoyos contribuyendo   excelencia aca mica  l alumnado en el sistema educativo  nuevo leon; coadyuvar en la cobertura  la educacion basica mediante la entrega  becas o apoyos contribuyendo en la permanencia y reduciendo la  serciîn escolar en el sistema educativo  nuevo leon; coadyuvar en la cobertura  la educacion media superior mediante la entrega  becas o apoyos contribuyendo en la permanencia y continuacion  sus estudios reduciendo la  sercion escolar en el sistema educativo  nuevo leon; coadyuvar en la cobertura  la educacion superior mediante la entrega  becas o apoyos contribuyendo   conclusiîn y titulacion  l educando; coadyuvar en la cobertura  la educacion superior mediante la entrega  becas o apoyos contribuyendo en la permanencia y reduciendo la  sercion escolar en el sistema educativo  nuevo leon; coadyuvar en la cobertura  las escuelas particulares  educacion basica para que los alumnos  alto rendimiento que por necesidad economica puedan acce r a una beca o apoyo para continuar sus estudios; consolidar la cobertura educativa en educacion inicial asegurando que se ejerza el  recho a una educacion equitativa  s  la primera infancia a traves  becas o apoyos que promuevan su  sarrollo integral,0
nivel_educativo,Categorica,Centro Estatal de Becas,constituye la etapa de aprendizaje alcanzado,educacion basica; educacion media superior; educacion superior,0
tipo _apoyo,Categorica,Centro Estatal de Becas,Sin descripcion,beca educativa,0
monto,Categorica,Centro Estatal de Becas,Importe a otorgar en pesos por ciclo escolar,0; 2000; 2500; 3000; 5000; sin valor,0
total_entregado,Categorica,Centro Estatal de Becas,constituye el importe total del apoyo,0; 1; 1109; 1137; 165; 181; 19036; 19980; 2; 205; 27; 2767; 287; 292; 2968; 308; 3325; 479; 49; 593; 70; 8; 84; 9; 90; sin valor,0
masculino,Categorica,Centro Estatal de Becas,Número de hombres beneficiados,0; 1; 110; 1238; 1243; 125; 129; 135; 1730; 18; 2; 23; 240; 246; 3; 32; 354; 487; 49; 5; 81; 87; 9673; 9950; sin valor,0
femenino,Categorica,Centro Estatal de Becas,Número de mujeres beneficiadas,0; 1; 10030; 124; 1529; 1595; 162; 163; 1725; 173; 2; 233; 26; 353; 38; 4; 41; 5; 650; 66; 7; 71; 755; 78; 9; 9363; sin valor,0
municipio,Categorica,Centro Estatal de Becas,localidad que se encuentra dentro de un estado,abasolo agualeguas allen  anahuac apodaca aramberri bustamante cadereyta jimenez cerralvo china cienega  flores doctor arroyo doctor coss doctor gonzalez el carmen galeana garcia general bravo general escobedo general teran general zaragoza general zuazua guadalupe hidalgo higueras hualahuises iturbi  juarez lampazos  naranjo linares los ramones marin mier y noriega mina montemorelos monterrey pesqueria rayones sabinas hidalgo salinas victoria san nicolas  los garza san pedro garza garcia santa catarina santiago vallecillo villaldama; abasolo agualeguas allen  anahuac apodaca aramberri bustamante cadereyta jimenez cerralvo china cienega  flores doctor coss doctor gonzalez doctor arroyo el carmen galeana garcia general- bravo general escobedo general teran general trevino general zaragoza general zuazua guadalupe hidalgo higueras hualahuises iturbi  juarez lampazos  naranjo linares los aldamas los herreras los ramones marin mier y noriega mina montemorelos monterrey paras pesqueria rayones sabinas hidalgo salinas victoria san nicolas  los garza san pedro garza garcia santa catarina santiago vallecillo villaldama; abasolo agualeguas allen  anahuac apodaca aramberri bustamante cadereyta jimenez china cienega  flores dr arroyo el carmen galeana garcia general bravo general escobedo general teran general trevino general zaragoza general zuazua guadalupe hidalgo hualahuises iturbi  juarez lampazos  naranjo linares los ramones marin mier y noriega mina montemorelos monterrey pesqueria sabinas hidalgo salinas victoria san nicolas  los garza san pedro garza garcia santa catarina; abasolo agualeguas anahuac apodaca aramberri bustamante cadereyta jimenez cerralvo china cienega  flores doctor gonzalez doctor arroyo el carmen galeana garcia general bravo general escobedo general teran general zaragoza general zuazua guadalupe hidalgo hualahuises iturbi  juarez lampazos  naranjo linares los ramones marin mier y noriega mina montemorelos monterrey paras pesqueria rayones sabinas hidalgo salinas victoria san nicolas  los garza san pedro garza garcia santa catarina santiago vallecillo; allen  anahuac apodaca aramberri cadereyta jimenez china cienega  flores doctor arroyo el carmen galeana garcia general bravo general escobedo general teran general zaragoza general zuazua guadalupe hidalgo higueras hualahuises iturbi  juarez lampazos  naranjo linares marin mier y noriega montemorelos monterrey pesqueria sabinas hidalgo salinas victoria san nicolas  los garza san pedro garza garcia santa catarina san tiago villaldama; anahuac apodaca aramberri cadereyta jimenez china cienega  flores doctor arroyo el carmen galeana garcia general bravo general escobedo general teran general zuazua guadalupe higueras hualahuises iturbi  juarez linares los herreras melchor ocampo mier y noriega mina montemorelos monterrey pesqueria salinas victoria san nicolas  los garza santa catarina santiago villaldama; anahuac cadereyta jimenez cienega  flores doctor arroyo garcia general escobedo general zuazua guadalupe hidalgo linares monterrey pesqueria san nicolas  los garza santiago; apodaca aramberri cadereyta jimenez cerralvo cienega  flores dr arroyo el carmen escobedo galeana garcia general teran general zaragoza general zuazua guadalupe juarez mier y noriega mina monterrey pesqueria salinas victoria san nicolas   los garza santa catarina villaldama; apodaca aramberri cadereyta jimenez cerralvo doctor arroyo el carmen escobedo galeana garcia general teran general zaragoza general zuazua guadalupe juarez mier y noriega monterrey pesqueria salinas victoria san nicolas  los garza santa catarina; apodaca aramberri cadereyta jimenez cienega  flores doctor arroyo el carmen escobedo galeana garcia general teran guadalupe juarez mier y noriega mina monterrey pesqueria san nicolas   los garza santa catarina villaldama; apodaca aramberri cadereyta jimenez cienega  flores galeana garcia general bravo general escobedo general zuazua guadalupe hualahuises juarez monterrey pesqueria salinas victoria san nicolas  los garza san pedro garza garcia santa catarina santiago; apodaca aramberri cienega  flores doctor arroyo el carmen galeana garcia general escobedo general zaragoza general zuazua hualahuises linares monterrey pesqueria san nicolas  los garza santa catarina; apodaca aramberri doctor arroyo galeana garcia general escobedo genera zuazua guadalupe hualahuises juarez mier y noriega monterrey san nicolas  los garza san pedro garza garcia santa catarina; apodaca cadereyta jimenez cienega  flores el carmen general escobedo general zuazua guadalupe juarez pesqueria salinas victoria san pedro garza garcia; apodaca cadereyta jimenez doctor arroyo galeana garcia general escobedo general zuazua guadalupe juarez linares montemorelos monterrey pesqueria salinas victoria san nicolas  los garza san pedro garza garcia santa catarina; apodaca doctor arroyo galeana garcia guadalupe linares santa catarina; apodaca el carmen escobedo guadalupe juarez monterrey salinas victoria san nicolas  los garza; apodaca galeana garcia general bravo general escobedo monterrey santa catarina; aramberri cienega  flores doctor arroyo escobedo galeana garcia general teran general zaragoza general zuazua guadalupe juarez mier y noriega monterrey salinas victoria san nicolas  los garza; aramberri monterrey; cadereyta jimenez escobedo garcia general zuazua guadalupe juarez monterrey pesqueria salinas victoria santa catarina; doctor arroyo el carmen garcia general escobedo guadalupe mier y noriega mina monterrey sabinas hidalgo san nicolas  los garza santa catarina; el carmen garcia guadalupe monterrey; escobedo juarez monterrey salinas victoria; monterrey; sin valor,0
periodo,Entero (integer),Clínica deportiva para adultos,Ejercicio que se reporta,2025 a 2025,0
programa,Categorica,Clínica deportiva para adultos,Nombre del programa institucional al que pertenece la actividad.,Deporte social,0
disciplina,Categorica,Clínica deportiva para adultos,"Rama deportiva, cultural o tematica especifica de la actividad.",aparatos; badminton; box; entrenamiento funcional; escalada deportiva; natacion; tenis; tenis de mesa; voleibol playa,0
nombre_actividad,Categorica,Clínica deportiva para adultos,Que el usuario tenga un espacio optimo para aprender los fundamentos basicos o en su momento seguir desarrollando su habilidad deportiva y sus capacidades fisicas.,Clinica de Adultos,0
frecuencia,Entero (integer),Clínica deportiva para adultos,Numero total de sesiones o veces que se realizo la actividad en el periodo reportado.,1 a 6,0
duracion_actividad,Categorica,Clínica deportiva para adultos,Periocidad con la que se realiza la actividad,Permanente,0
hora_inicio,Categorica,Clínica deportiva para adultos,La hora programada en que la persona inicia su actividad,06:00; 08:30; 19:00; 19:30; 20:00,0
hora_fin,Categorica,Clínica deportiva para adultos,La hora programada en que la persona concluye su actividad,11:00; 20:00; 20:30; 21:00; 21:30,0
sede,Categorica,Clínica deportiva para adultos,Nombre del inmueble o instalacion donde se realiza la actividad.,Parque ninos heroes,0
espacio,Categorica,Clínica deportiva para adultos,Area especifica dentro de la sede donde se desarrolla la actividad.,casa combates; casa raquetas; centro acuatico; centro tenistico; gimnasio publico; halterofilia; muro escalada; voleibol playa,0
asistentes,Entero (integer),Clínica deportiva para adultos,Total de personas que participaron en la actividad.,60 a 2688,0
hombres,Entero (integer),Clínica deportiva para adultos,Numero total de participantes del sexo masculino.,46 a 1101,0
mujeres,Entero (integer),Clínica deportiva para adultos,Numero total de participantes del sexo femenino.,6 a 1587,0
mes_registro,Categorica,Conciliaciones Laborales,Mes en que se registra la conciliacion,Abril; Enero; Febrero; Julio; Junio; Marzo; Mayo; abril; agosto; diciembre; enero; febrero; julio; junio; marzo; mayo; noviembre; octubre; septiembre,0
periodo_registro,Entero (integer),Conciliaciones Laborales,Año en que se registra la conciliacion,2025 a 2026,0
entidad_registro,Categorica,Conciliaciones Laborales,Entidad Federativa donde se registra la conciliacion,Nuevo Leon,0
municipio_registro,Entero (integer),Conciliaciones Laborales,Municipio Federativa donde se registra la conciliacion,33 a 39,0
ubicacion_establecimiento,Categorica,Conciliaciones Laborales,Municipio donde se ubica el establecimiento,ABASoLo; ALLENDE; ALTAMIRA; ALVARo oBREGoN; ANAHUAC; APoDACA; ATIZAPAN DE ZARAGOZA; AZCAPoTZALCo; Abasolo; Aguascalientes; Allende; Altamira; Alvaro obregon; Anahuac; Apodaca; Arramberri; Arteaga; Azcapotzalco; BENITO JUAREZ; Bustamante; CADEREYTA JIMENEZ; CARMEN; CERRALVo; CHINA; CIENEGA DE FLoRES; CIUDAD MADERO; COACALCO DE BERRIOZABAL; CORDOBA; COYOACAN; CUAJIMALPA DE MORELOS (+123 mas),0
total_trabajadores,Entero (integer),Conciliaciones Laborales,Total de personas trabajadoras involucradas en la conciliacion,0 a 19,0
total_hombres,Entero (integer),Conciliaciones Laborales,Total de hombres involucrados.,0 a 16,0
total_mujeres,Entero (integer),Conciliaciones Laborales,Total de mujeres involucradas.,0 a 9,0
total_no_especificado,Entero (integer),Conciliaciones Laborales,Total de personas cuyo sexo no fue especificado.,0 a 12,0
actividad_economica,Categorica,Conciliaciones Laborales,Descripcion textual de la actividad economica del establecimiento.,"Acabado de productos textiles; Acabado de productos textiles y fabricacion de telas recubiertas; Actividades legislativas, gubernamentales y de imparticion de justicia; Administracion de fondos para el retiro; Agencias de anuncios publicitarios; Agencias de cobranza; Agencias de colocacion; Agencias de compra de medios a peticion del cliente; Agencias de correo directo; Agencias de publicidad; Agencias de relaciones publicas; Agencias de representacion de medios; Agencias de viajes; Agencias de viajes y servicios de reservaciones; Agentes y representantes de artistas, deportistas y similares; Agentes, ajustadores y gestores de seguros y fianzas; Almacenamiento con refrigeracion; Almacenamiento de productos agricolas que no requieren refrigeracion; Almacenes generales de deposito; Almacenes generales de deposito y otros servicios de almacenamiento general sin instalaciones especializadas; Alquiler de aparatos electricos y electronicos para el hogar y personales; Alquiler de articulos para el hogar y personales; Alquiler de autobuses con chofer; Alquiler de automoviles con chofer; Alquiler de automoviles sin chofer; Alquiler de automoviles, camiones y otros transportes terrestres; Alquiler de camiones de carga sin chofer; Alquiler de camiones de carga, autobuses, minibuses y remolques sin chofer; Alquiler de equipo de computo y de otras maquinas y mobiliario de oficina; Alquiler de equipo de transporte, excepto terrestre (+1014 mas)",0
motivo_convenio,Categorica,Conciliaciones Laborales,Motivo principal de la conciliacion laboral,Derecho de antigüedad; Derecho de antigüedad_Terminacion voluntaria de la relacion de trabajo; Derecho de antigüedad|Terminacion voluntaria de la relacion de trabajo; Derecho de preferencia; Despido; Despido_Derecho de antigüedad; Despido_Derecho de ascenso; Despido_Derecho de preferencia; Despido_Pago de prestaciones; Despido_Pago de prestaciones_Derecho de antigüedad; Despido_Rescision de la relacion de trabajo; Despido_Terminacion voluntaria de la relacion de trabajo; Despido|Derecho de antigüedad; Despido|Derecho de preferencia; Despido|Pago de prestaciones; Despido|Pago de prestaciones|Rescision de la relacion de trabajo; Despido|Rescision de la relacion de trabajo; Pago de prestaciones; Pago de prestaciones_Derecho de antigüedad; Pago de prestaciones_Derecho de ascenso; Pago de prestaciones_Rescision de la relacion de trabajo; Pago de prestaciones_Terminacion voluntaria de la relacion de trabajo; Pago de prestaciones|Derecho de antigüedad|Terminacion voluntaria de la relacion de trabajo; Pago de prestaciones|Rescision de la relacion de trabajo; Pago de prestaciones|Terminacion voluntaria de la relacion de trabajo; Rescision de la relacion de trabajo; Rescision de la relacion de trabajo_Terminacion voluntaria de la relacion de trabajo; Rescision de parte del patron; Rescision de parte del patron_Pago de prestaciones; Rescision de parte del patron_Pago de prestaciones_Terminacion voluntaria de la relacion de trabajo (+4 mas),0
modalidad_contrato,Categorica,Conciliaciones Laborales,Modalidad del contrato laboral.,con contrato,0
clase_contrato,Categorica,Conciliaciones Laborales,Tipo de contrato asociado.,individual,0
monto_pago,Numerica (decimal),Conciliaciones Laborales,Monto del pago obtenido por la persona trabajadora derivado de la conciliacion (en moneda nacional),0 a 3.034e+07,0
estatus_expediente,Categorica,Conciliaciones Laborales,Estatus final del expediente.,Con Conciliacion; con conciliacion; sin conciliacion,0
Unnamed: 15,Vacia / sin datos,Conciliaciones Laborales,Sin descripcion,,100
fecha,Tiempo (fecha/hora),"Conferencias, cursos y foros",Indica la fecha o el periodo en que se realizo la actividad formativa,2025-02-06 00:00:00 a 2025-12-08 00:00:00,0
tematica,Categorica,"Conferencias, cursos y foros",Describe el nombre o tema central de la actividad,"Autismo; Derechos Humanos en la funcion policial; Derechos Humanos y uso legitimo de la fuerza; Derechos humanos, discriminacion y diversidad sexual; Desaparicion forzada; El arte de sentir. Taller de Inteligencia emocional; El rosa no existe; Eliminacion de la Violencia Contra las Mujeres: enfoque de Derechos Humanos; Fortaleciendo el companerismo; Masculinidades Igualitarias",0
tipo_evento,Categorica,"Conferencias, cursos y foros",Especifica la modalidad de la actividad desarrollada,conferencia; curso; foro,0
categoria,Categorica,"Conferencias, cursos y foros",Identifica el grupo o poblacion objetivo al que estuvo dirigida la actividad,Personal en formacion; Policias en activo,0
mujeres,Entero (integer),"Conferencias, cursos y foros",Numero de personas identificadas como mujeres que asistieron a la actividad.,8 a 102,0
hombres,Entero (integer),"Conferencias, cursos y foros",Numero de personas identificadas como hombres que asistieron a la actividad.,9 a 262,0
total,Entero (integer),"Conferencias, cursos y foros",Cantidad total de personas asistentes a la actividad,20 a 359,0
impartido_por,Categorica,"Conferencias, cursos y foros","Nombre de la institucion, dependencia u organismo responsable de impartir la actividad.",Comision Estatal de Derechos Humanos (CEDH); Estudiantes de la facultad de psicologia; Instituto Estatal de las Mujeres; Unidad de Derechos Humanos e Igualdad de Genero,0
direccion,Categorica,Conjunto de Datos IDPNL,SE REFIERE A LA DIRECCION QUE SEA COMPETENTE DE ACUERDO AL USUARIO.,"DIRECCION CIVIL, MERCANTIL Y JUSTICIA ADMINISTRATIVA; DIRECCION DE APOYO TECNICO; DIRECCION DE DEFENSA EN EJECUCION DE SANCIONES; DIRECCION DE DEFENSA EN INVESTIGACIONES PENALES; DIRECCION DE DEFENSA EN PROCESO PENAL; DIRECCION DE DEFENSA EN SEGUNDA INSTANCIA Y AMPAROS; DIRECCION DE DEFENSA ESPECIALIZADA EN JUSTICIA PARA ADOLESCENTES; DIRECCION DE LO FAMILIAR; DIRECCION FORANEA; DIRECCION PENAL; SUB DIRECCION GENERAL",0
plazo,Entero (integer),Conjunto de Datos IDPNL,SE REFIERE A LOS 12 MESES EN CONJUNTO.,2025 a 2026,0
mes,Entero (integer),Conjunto de Datos IDPNL,SE REFIERE AL MES CORRESPONDIENTE DESDE EL PRIMER DIA AL ULTIMO.,1 a 12,0
usuarios,Entero (integer),Conjunto de Datos IDPNL,SE REFIERE A LA CANTIDAD DE PERSONAS ATENDIDAS POR PERSONAL DE ESTE INSTITUTO.,205 a 15773,0
activas,Entero (integer),Conjunto de Datos IDPNL,"SE REFIERE A LAS CAUSAS PENALES, TRAMITES O EXPEDIENTES QUE SE ENCUENTRAN ACTIVOS.",90 a 12514,0
judicializadas_activas,Entero (integer),Conjunto de Datos IDPNL,SE REFIERE A LAS CARPETAS EN TRAMITE QUE YA SE ENCUENTRAN JUDICIALIZADAS A PETICION DE LA FISCALIA ANTE UN JUEZ DE CONTROL Y JUICIO ORAL.,1 a 10044,58.9
no_judicializadas_activas,Entero (integer),Conjunto de Datos IDPNL,SE REFIERE A CARPETAS CUANDO ESTAN A  NIVEL DE INVESTIGACION CON EL MINISTERIO PUBLICO Y TODAVIA NO SE PRESENTAN CON EL JUEZ DE CONTROL.,45 a 2432,63.8
sin_dato_activas,Entero (integer),Conjunto de Datos IDPNL,SE REFIERE A EXPEDIENTES QUE SE ENCUENTRAN EN JUZGADOS DE LO FAMILIAR.,1 a 11398,0.7
genero_activas,Entero (integer),Conjunto de Datos IDPNL,"SE REFIERE A AQUELLAS CAUSAS PENALES O TRAMITES REALIZADOS A PERSONAS DE CUALQUIER GENERO, EN SU TOTALIDAD.",90 a 12514,0
femenino_activas,Entero (integer),Conjunto de Datos IDPNL,SE REFIERE A AQUELLAS CAUSAS PENALES O TRAMITES REALIZADOS A PERSONAS DEL SEXO FEMENINO.,16 a 3281,0
masculino_activas,Entero (integer),Conjunto de Datos IDPNL,SE REFIERE A AQUELLAS CAUSAS PENALES O TRAMITES REALIZADOS A PERSONAS DEL SEXO MASCULINO.,67 a 10987,0
otros_activas,Entero (integer),Conjunto de Datos IDPNL,SE REFIERE A AQUELLAS CAUSAS PENALES O TRAMITES DE LAS PERSONAS QUE NO SE IDENTIFICAN CON EL SEXO FEMENINO MASCULINO Y/O TRANSGENERO.,1 a 16,32.6
no_binario_activas,Entero (integer),Conjunto de Datos IDPNL,SE REFIERE A AQUELLAS CAUSAS PENALES O TRAMITES DE LAS PERSONAS QUE NO SE IDENTIFICAN CON UN SEXO EN ESPECIFICO.,1 a 73,45.4
transgenero_activas,Entero (integer),Conjunto de Datos IDPNL,SE REFIERE A AQUELLAS CAUSAS PENALES O TRAMITES DE LAS PERSONAS QUE NO SE IDENTIFICAN CON EL SEXO FEMENINO O MASCULINO.,1 a 3,63.8
altas,Entero (integer),Conjunto de Datos IDPNL,SE REFIERE A AQUELLAS CAUSAS PENALES O NUEVOS EXPEDIENTES DE RECIENTE ASIGNACION.,61 a 4669,0
judicializadas_altas,Entero (integer),Conjunto de Datos IDPNL,SE REFIERE A LAS CARPETAS NUEVAS EN TRAMITE QUE YA SE ENCUENTRAN JUDICIALIZADAS A PETICION DE LA FISCALIA ANTE UN JUEZ DE CONTROL Y JUICIO ORAL.,1 a 2357,61.7
no_judicializadas_altas,Entero (integer),Conjunto de Datos IDPNL,SE REFIERE A LAS CARPETAS NUEVAS EN TRAMITE QUE NO SE ENCUENTRAN JUDICIALIZADAS A PETICION DE LA FISCALIA ANTE UN JUEZ DE CONTROL Y JUICIO ORAL.,34 a 2101,63.8
sin_datos_altas,Entero (integer),Conjunto de Datos IDPNL,Sin descripcion,1 a 1655,5
genero_altas,Entero (integer),Conjunto de Datos IDPNL,"SE REFIERE A AQUELLAS CAUSAS PENALES O TRAMITES NUEVOS REALIZADOS A PERSONAS DE CUALQUIER GENERO, EN SU TOTALIDAD.",61 a 4669,0
femenino_altas,Entero (integer),Conjunto de Datos IDPNL,SE REFIERE A AQUELLAS CAUSAS PENALES O TRAMITES NUEVOS REALIZADOS A PERSONAS DEL SEXO FEMENINO.,4 a 1269,0
masculino_altas,Entero (integer),Conjunto de Datos IDPNL,SE REFIERE A AQUELLAS CAUSAS PENALES O TRAMITES NUEVOS REALIZADOS A PERSONAS DEL SEXO MASCULINO.,26 a 4334,0
otros_altas ,Entero (integer),Conjunto de Datos IDPNL,"SE REFIERE A AQUELLAS CAUSAS PENALES O TRAMITES NUEVOS DE LAS PERSONAS QUE NO SE IDENTIFICAN CON EL SEXO FEMENINO, MASCULINO Y/O TRANSGENERO.",1 a 3,80.9
no_binario_altas,Entero (integer),Conjunto de Datos IDPNL,SE REFIERE A AQUELLAS CAUSAS PENALES O TRAMITES NUEVOS DE LAS PERSONAS QUE NO SE IDENTIFICAN CON UN SEXO EN ESPECIFICO.,1 a 20,74.5
transgenero_altas,Entero (integer),Conjunto de Datos IDPNL,SE REFIERE A AQUELLAS CAUSAS PENALES O TRAMITES NUEVOS DE LAS PERSONAS QUE NO SE IDENTIFICAN CON EL SEXO FEMENINO O MASCULINO.,1 a 10,88.7
bajas,Entero (integer),Conjunto de Datos IDPNL,SE REFIERE A AQUELLAS CARPETAS O EXPEDIENTES QUE HAN SIDO CONCLUIDOS.,32 a 4077,0
definitivo,Entero (integer),Conjunto de Datos IDPNL,"SE REFIERE A AQUELLAS CARPETAS O EXPEDIENTES QUE HAN SIDO CONCLUIDOS MEDIANTE SENTENCIA, SOBRESIMIENTOS, CONVENIOS O MECANISMOS DE ACELERACION, REVOCACION POR PARTICULAR.",0 a 2213,5
temporal,Entero (integer),Conjunto de Datos IDPNL,SE REFIERE A AQUELLAS CARPETAS O EXPEDIENTES QUE HAN SIDO CONCLUIDOS MEDIANTE SALIDAS ALTERNAS O POR FALTA DE INTERES.,0 a 1675,41.1
administrativo,Entero (integer),Conjunto de Datos IDPNL,SE REFIERE A AQUELLAS CARPETAS CONCLUIDAS POR CAMBIOS DE ABOGADO.,1 a 1039,52.5
suspendido,Entero (integer),Conjunto de Datos IDPNL,"SE REFIERE A AQUELLAS CARPETAS RELATIVAS A SALIDAS ALTERNAS, Y BENEFICIOS PENITENCIARIOS.",2 a 447,64.5
ttramite_siguiiente_mes,Entero (integer),Conjunto de Datos IDPNL,Sin descripcion,100 a 12515,0
audiencias_programadas_o_no_activas,Entero (integer),Conjunto de Datos IDPNL,Sin descripcion,1 a 607,61
audiencias_deshaogadas,Entero (integer),Conjunto de Datos IDPNL,Sin descripcion,1 a 3693,9.9
visita_penitenciaria,Entero (integer),Conjunto de Datos IDPNL,SE REFIERE A LAS ENTREVISTAS O AUDIENCIAS REALIZADAS DENTRO DE LOS CENTROS PENITENCIARIOS.,1 a 1594,35.5
actividades_diarias,Entero (integer),Conjunto de Datos IDPNL,SE REFIERE A LA TOTALIDAD DIARIA DE ACTUACIONES POR PARTE DEL PERSONAL DE ESTE INSTITUTO.,194 a 41705,0
total_actividad,Entero (integer),Conjunto de Datos IDPNL,SE REFIERE A LA TOTALIDAD DE ACTUACIONES POR PARTE DEL PERSONAL DE ESTE INSTITUTO.,285 a 42897,0
plantel,Categorica,Conjunto de datos de los cursos de capacitación impartidos en el ICET durante 2025,Plantel que realizo el tramite administrativo del curso,"Cadereyta; Censecar; Hidalgo; ICET XI Allende; Independencia; Oficinas Generales; Plantel I (Escobedo); Plantel II (Ciénega de Flores); Plantel III (Monterrey); Plantel IV (Apodaca); Plantel IX (San Pedro Gza Garcia); Plantel V (Guadalupe); Plantel VI (Montemorelos); Plantel VII (Santa Catarina); Plantel VIII (Linares); Plantel X (Garcia, N. L).",0
curso,Categorica,Conjunto de datos de los cursos de capacitación impartidos en el ICET durante 2025,Nombre del curso impartido,(Belleza) Aplicacion de Esmaltado Semipermanente; 5`S y su Implementacion; 5´s +1 Programa de Orden y Limpieza; Actualizacion en Procesos Soldadura Electrica; Actualizacion en el Proceso de Soldadura Electrica; Actualizacion en el Proceso de Soldadura GMAW (MIG); Actualizacion en el Proceso de Soldadura SMAW; Actualizacion en el Proceso de Soldadura TIG; Actualizacion en la Operacion Segura de Tracto Camion; Actualizacion en la Operacion de Apilador Electrico; Actualizacion en la Operacion de Calderas; Actualizacion en la Operacion de Cargador Frontal; Actualizacion en la Operacion de Gruas Viajeras; Actualizacion en la Operacion de Gruas Viajeras y Polipastos; Actualizacion en la Operacion de Minicargador; Actualizacion en la Operacion de Montacargas; Actualizacion en la Operacion de Montacargas Flexi y Carro Electrico; Actualizacion en la Operacion de Montacargas Horizontal; Actualizacion en la Operacion de Montacargas Vertical; Actualizacion en la Operacion de Patin; Actualizacion en la Operacion de Patin Electrico; Actualizacion en la Operacion de Patin Hidraulico y Electrico; Actualizacion en la Operacion de Plataforma Elevadora Movil de Personal; Actualizacion en la Operacion de Plataforma Elevadora de Personal; Actualizacion en la Operacion de Polipastos; Actualizacion en la Operacion de Prensas Dobladoras; Actualizacion en la Operacion de Retroexcavadora; Actualizacion en la Operacion de Track Movil; Actualizacion en la Operacion de Tugger; Actualizacion en la Operacion de montacargas CLAMP (+374 mas),0
fecha_inicio,Tiempo (fecha/hora),Conjunto de datos de los cursos de capacitación impartidos en el ICET durante 2025,Fecha de inicio del curso,2025-01-03 00:00:00 a 2025-12-30 00:00:00,0
fecha_final,Tiempo (fecha/hora),Conjunto de datos de los cursos de capacitación impartidos en el ICET durante 2025,Fecha de terminacion del curso,2025-01-03 00:00:00 a 2025-12-30 00:00:00,0
lugar_capacitacion,Entero (integer),Conjunto de datos de los cursos de capacitación impartidos en el ICET durante 2025,Especifica el lugar donde se realizo el curso,1 a 5,0
horas_capacitacion,Entero (integer),Conjunto de datos de los cursos de capacitación impartidos en el ICET durante 2025,Horas totales impartidas,3 a 1170,0
grupos,Entero (integer),Conjunto de datos de los cursos de capacitación impartidos en el ICET durante 2025,Cantidad de grupos del curso,1 a 1,0
alumnos,Entero (integer),Conjunto de datos de los cursos de capacitación impartidos en el ICET durante 2025,Personas inscritas para participar en el curso,1 a 65,0
egresados,Entero (integer),Conjunto de datos de los cursos de capacitación impartidos en el ICET durante 2025,Personas inscritas que terminaron el curso y obtuvieron calificacion aprobatoria,0 a 65,0
no_acreditados,Entero (integer),Conjunto de datos de los cursos de capacitación impartidos en el ICET durante 2025,Personas inscritas que terminaron el curso y NO obtuvieron calificacion aprobatoria,0 a 19,0
bajas,Entero (integer),Conjunto de datos de los cursos de capacitación impartidos en el ICET durante 2025,Personas que No terminaron el curso,0 a 17,0
hombres,Entero (integer),Conjunto de datos de los cursos de capacitación impartidos en el ICET durante 2025,Cantidad de hombres inscritos participantes,0 a 50,0
mujeres,Entero (integer),Conjunto de datos de los cursos de capacitación impartidos en el ICET durante 2025,Cantidad de mujeres inscritas participantes,0 a 38,0
alumnos_15_16,Entero (integer),Conjunto de datos de los cursos de capacitación impartidos en el ICET durante 2025,Cantidad de alumnos inscritos con edad de 15 a 16 anios,0 a 36,0
alumnos_17_24,Entero (integer),Conjunto de datos de los cursos de capacitación impartidos en el ICET durante 2025,Cantidad de alumnos inscritos con edad de 17 a 24 anios,0 a 37,0
alumnos_25_40,Entero (integer),Conjunto de datos de los cursos de capacitación impartidos en el ICET durante 2025,Cantidad de alumnos inscritos con edad de 25 a 40 anios,0 a 31,0
alumnos_mayor_40,Entero (integer),Conjunto de datos de los cursos de capacitación impartidos en el ICET durante 2025,Cantidad de alumnos inscritos con edad mayor de 40 anios,0 a 46,0
fecha,Tiempo (fecha/hora),Consulta General y Especialidades,Fecha de consulta.,2024-10-01 00:00:00 a 2025-08-31 00:00:00,0
id_consulta,Texto libre,Consulta General y Especialidades,Identificador único de la consulta,223000 valores unicos,0
edad_anos,Entero (integer),Consulta General y Especialidades,"Edad del paciente en años, número",0 a 120,0
edad_meses,Entero (integer),Consulta General y Especialidades,"Edad paciente menor de un año en meses, número",0 a 11,0
edad_dias,Entero (integer),Consulta General y Especialidades,"Edad paciente menor a un mes en días, número",0 a 29,0
sexo,Categorica,Consulta General y Especialidades,Sexo del paciente que recibio la atención,Femenino; INTERSEXUAL; Masculino,0
peso,Numerica (decimal),Consulta General y Especialidades,Peso en kg del paciente que recibio la atención,1 a 225,1.5
altura,Entero (integer),Consulta General y Especialidades,Altura en cm del paciente que recibio la atención,30 a 220,4.2
municipio_unidad_medica,Categorica,Consulta General y Especialidades,Municipio donde se atendió,ABASOLO; AGUALEGUAS; ALLENDE; ANAHUAC; APODACA; ARAMBERRI; BUSTAMANTE; CADEREYTA JIMENEZ; CERRALVO; CHINA; CIENEGA DE FLORES; DOCTOR ARROYO; DOCTOR COSS; DOCTOR GONZALEZ; EL CARMEN; GALEANA; GARCIA; GENERAL BRAVO; GENERAL ESCOBEDO; GENERAL TERAN; GENERAL TREVINO; GENERAL ZARAGOZA; GENERAL ZUAZUA; GUADALUPE; HIDALGO; HIGUERAS; HUALAHUISES; ITURBIDE; JUAREZ; LAMPAZOS DE NARANJO (+20 mas),0
institucion_unidad_medica,Categorica,Consulta General y Especialidades,Nombre de la institución médica donde se atendió,C. S. U ITURBIDE; C.S.R. 18 DE MARZO; C.S.R. ACUNA; C.S.R. ATONGO DE ABAJO; C.S.R. CAJA PINTA; C.S.R. CARMEN DE LA LAJA; C.S.R. CERRITO DEL AIRE; C.S.R. CERROS BLANCOS; C.S.R. CIENEGA DE GONZALEZ; C.S.R. CIENEGA DEL TORO; C.S.R. CINCO DE MAYO; C.S.R. COLOMBIA; C.S.R. COLONIA SAN ISIDRO; C.S.R. COLORADAS; C.S.R. COLORADOS DE ABAJO; C.S.R. CONGREGACION CALLES; C.S.R. EJIDO BARRANQUITO; C.S.R. EJIDO PALMITOS; C.S.R. EJIDO TEPEHUAJE; C.S.R. EL ALAMO; C.S.R. EL BARRIAL; C.S.R. EL CARMEN; C.S.R. EL CARRIZO; C.S.R. EL CASTILLO; C.S.R. EL CHARQUILLO; C.S.R. EL DIEZ; C.S.R. EL FRAILE; C.S.R. EL GALEME; C.S.R. EL GALLITO; C.S.R. EL LLANO (+335 mas),0
clave_grupo_ enfermedad,Categorica,Consulta General y Especialidades,Clave del grupo de enfermedad según el CIE 10,I; II; III; IV; IX; V; VI; VII; VIII; X; XI; XII; XIII; XIV; XIX; XV; XVI; XVII; XVIII; XX; XXI; XXII,0
descripcion_grupo_enfermedad,Categorica,Consulta General y Especialidades,Descripción del grupo de enfermedad según según el CIE 10,CAUSAS EXTERNAS DE MORBILIDAD Y MORTALIDAD; CAUSAS PARA PROPOSITOS ESPECIALES; CIERTAS AFECCIONES ORIGINADAS EN EL PERIODO PERINATAL; CIERTAS ENFERMEDADES INFECCIOSAS Y PARASITARIAS; EMBARAZO PARTO Y PUERPERIO; ENFERMEDADES DE LA PIEL Y DEL TEJIDO SUBCUTANEO; ENFERMEDADES DE LA SANGRE Y DE LOS ORGANOS HEMATOPOYETICOS Y CIERTOS TRASTORNOS QUE AFECTAN EL MECANISMO DE LA INMUNIDAD; ENFERMEDADES DE OIDO Y DE LA APOFISIS MASTOIDES; ENFERMEDADES DEL OJO Y SUS ANEXOS; ENFERMEDADES DEL SISTEMA CIRCULATORIO; ENFERMEDADES DEL SISTEMA DIGESTIVO; ENFERMEDADES DEL SISTEMA GENITOURINARIO; ENFERMEDADES DEL SISTEMA NERVIOSO; ENFERMEDADES DEL SISTEMA OSTEOMUSCULAR Y DEL TEJIDO CONJUNTIVO; ENFERMEDADES DEL SISTEMA RESPIRATORIO; ENFERMEDADES ENDOCRINAS NUTRICIONALES Y METABOLICAS; FACTORES QUE INFLUYEN EN EL ESTADO DE SALUD Y CONTACTO CON LOS SERVICIOS DE SALUD; MALFORMACIONES CONGENITAS DEFORMIDADES Y ANOMALIAS CROMOSOMICAS; SINTOMAS SIGNOS Y HALLAZGOS ANORMALES CLINICOS Y DE LABORATORIO NO CLASIFICADOS EN OTRA PARTE; TRASTORNOS MENTALES Y DEL COMPORTAMIENTO; TRAUMATISMOS ENVENENAMIENTOS Y ALGUNAS OTRAS CONSECUENCIAS DE CAUSAS EXTERNAS; TUMORES NEOPLASIAS,0
clave_enfermedad,Categorica,Consulta General y Especialidades,Clave de la enfermedad deacuerdo con la Clasificación Internacional de Enfermedades (CIE-10),A009; A010; A014; A020; A029; A045; A049; A050; A058; A059; A060; A061; A062; A064; A069; A071; A079; A080; A081; A082; A083; A084; A085; A090; A099; A150; A151; A152; A153; A154 (+3489 mas),0
descripcion_enfermedad,Categorica,Consulta General y Especialidades,Descripción de la enfermedad según el CIE 10,ABDOMEN AGUDO; ABORTO ESPONTANEO COMPLETO O NO ESPECIFICADO SIN COMPLICACION; ABORTO ESPONTANEO INCOMPLETO COMPLICADO POR HEMORRAGIA EXCESIVA O TARDIA; ABORTO ESPONTANEO INCOMPLETO CON OTRAS COMPLICACIONES ESPECIFICADAS Y LAS NO ESPECIFICADAS; ABORTO ESPONTANEO INCOMPLETO SIN COMPLICACION; ABORTO MEDICO COMPLETO O NO ESPECIFICADO SIN COMPLICACION; ABORTO MEDICO INCOMPLETO SIN COMPLICACION; ABORTO NO ESPECIFICADO COMPLETO O NO ESPECIFICADO SIN COMPLICACION; ABORTO NO ESPECIFICADO INCOMPLETO SIN COMPLICACION; ABORTO RETENIDO; ABRASION DE LOS DIENTES; ABSCESO AMEBIANO DEL HIGADO; ABSCESO ANAL; ABSCESO ANORRECTAL; ABSCESO CUTANEO FURUNCULO Y ANTRAX DE GLUTEOS; ABSCESO CUTANEO FURUNCULO Y ANTRAX DE LA CARA; ABSCESO CUTANEO FURUNCULO Y ANTRAX DE MIEMBRO; ABSCESO CUTANEO FURUNCULO Y ANTRAX DE OTROS SITIOS; ABSCESO CUTANEO FURUNCULO Y ANTRAX DE SITIO NO ESPECIFICADO; ABSCESO CUTANEO FURUNCULO Y ANTRAX DEL CUELLO; ABSCESO CUTANEO FURUNCULO Y ANTRAX DEL TRONCO; ABSCESO DE GLANDULA SALIVAL; ABSCESO DE LA GLANDULA DE BARTHOLIN; ABSCESO DE LA MAMA ASOCIADO CON EL PARTO; ABSCESO DEL BAZO; ABSCESO DEL INTESTINO; ABSCESO DEL MEDIASTINO; ABSCESO DEL OIDO EXTERNO; ABSCESO DEL PULMON CON NEUMONIA; ABSCESO FURUNCULO Y CARBUNCO DE LA NARIZ (+3489 mas),0
Periodo,Entero (integer),Contratos SMPU,Periodo en el que se genero y firmo el contrato con la empresa ganadora o la que se le adjudico directamente para la realizacion de la obra,2021 a 2025,0
Licitacion,Texto libre,Contratos SMPU,"Concurso que se realizo para decidir la empresa que llevara a cabo la obra del proyecto, pudiendo ser:
LICITACION PUBLICA ESTATAL: concurso donde participan varias empresas en la cual solo una es ganadora y se visualiza como: SMPU-LP-001-2021, con recurso estatal
INVITACION RESTRINGIDA: solo se les convoca a ciertas empresas para participar la cual de igual manera solo una es ganadora y se muestran de esta manera: SMPU-INV-001-2021.
ADJUDICACION DIRECTA ESTATAL: se adjufica una obra a un solo contratista sin pasar por el proceso de licitacion con recurso estatal
ADJUDICACION DIRECTA FEDERAL: se adjufica una obra a un solo contratista sin pasar por el proceso de licitacion con recurso federal
LICITACION PUBLICA ESTATAL: concurso donde participan varias empresas en la cual solo una es ganadora y se visualiza como: LO-919009986-E22-2017, con recurso federal
Donde:
SMPU: se refiere a la secretaria o dependencia que implementa el concurso. Ej: SMPU(Secretaría de Movilidad y Planeación Urbana)
LP: quiere decir que es licitacion publica
001: es el numero consecutivo de la licitacion
2021: año en que se realizo el concurso",157 valores unicos,0
Contrato,Entero (integer),Contratos SMPU,Es el numero de contrato que se firmo con la empresa el cual incluye el periodo de incio y fin para la inicializacion y terminacion de la obra correspondiente,2112001 a 2512002,0
Obra,Texto libre,Contratos SMPU,Nombre de la obra que se ralizara o se llevara a cabo que esta relacionada al proyecto,176 valores unicos,0
Empresa,Texto libre,Contratos SMPU,Es la empresa o contratista responsable que ejecutara la obra relacionada siguiendo los terminos y condiciones establecidos en su contrato,133 valores unicos,0
Ubicacion,Texto libre,Contratos SMPU,Referencia al municipio o municipios que abarca la obra donde se ejecutara o se encuentra en curso que realiza la empresa ganadora del contrato para dicha obra,129 valores unicos,0
Coordenadas,Texto libre,Contratos SMPU,"Marcadores exactos donde se ejecuta o ejecutó la obra, siendo el numero positivo la latitud y el negativo la longitud",120 valores unicos,16.8
Monto,Numerica (decimal),Contratos SMPU,Precio original total que se invertira al proyecto,2.589e+05 a 2.104e+09,0
DEPENDENCIA,Categorica,Convenios,ENTIDAD CON LA QUE SE REALIZO EL CONVENIO,OFICIALIA MAYOR DE GOBIERNO; SECRETARIA DE ADMINISTRACION; SECRETARIA DE FINANZAS Y TESORERIA GENERAL DEL ESTADO; SECRETARIA DE FINANZAS Y TESORERIA GENERAL DEL ESTADO Y LA SECRETARIA DE ADMINISTRACION,0
FECHA_FIRMA,Tiempo (fecha/hora),Convenios,FECHA EN QUE SE FIRMO EL CONVENIO DE COLABORACION,2004-05-18 00:00:00 a 2023-06-06 00:00:00,0
VIGENCIA,Categorica,Convenios,ESTADO DEL TIEMPO DE VALIDEZ DEL DOCUMENTO,"CLAUSULA CUARTA- INDEFINIDO, PODRA DARSE POR TERMINADO POR CUALQUIERA DE LAS PARTES POR ASI CONVENIR A SUS INTERESES, PREVIO AVISO POR ESCRITO.; CLAUSULA DECIMA TERCERA: SERA A PARTIR DE LA FIRMA Y POR TIEMPO INDEFINIDO.; CLAUSULA NOVENA.- PODRA DARSE POR TERMINADO POR CUALQUIERA DE LAS PARTES POR ASI CONVENIR A SUS INTERESES, PREVIO AVISO POR ESCRITO.; CLAUSULA PRIMERA: SE MODIFICA LA CLAUSULA CUARTA RESPECTO A LA VIGENCIA, LA CUAL SERA POR TIEMPO INDEFINIDO.; CLAUSULA QUINTA- INDEFINIDO, PODRA DARSE POR TERMINADO POR CUALQUIERA DE LAS PARTES POR ASI CONVENIR A SUS INTERESES, PREVIO AVISO POR ESCRITO.; CLAUSULA QUINTA.- DEJARA DE PRESTARSE UNA VEZ QUE EL ESTADO ASI LO CONSIDERE.; CLAUSULA QUINTA.- VIGENCIA INDEFINIDA; CLAUSULA SEGUNDA: VIGENCIA DESDE SUS SUSCRIPCIÓN HASTA EL DIA 03 DE OCTUBRE DE 2027.; CLAUSULA SEXTA- INDEFINIDO, PODRA DARSE POR TERMINADO POR CUALQUIERA DE LAS PARTES POR ASI CONVENIR A SUS INTERESES, PREVIO AVISO POR ESCRITO.; CLAUSULA TERCERA: SERA VIGENTE DESDE LA FECHA DE SU SUSCRIPCION HASTA EL 31/05/2023; SIN DATO",0
OBJETIVO_CONVENIO,Categorica,Convenios,CONVENIO PARA REALIZAR LA ADMINISTRACION Y EJECUCION,"CONVENIO DE COLABORACION EN MATERIA DE ADQUISICIONES Y SERVICIOS; CONVENIO PARA REALIZAR LA ADMINISTRACION Y EJECUCION DE TODOS LOS RECURSOS HUMANOS, TECNOLOGICOS, ADQUISICIONES Y SERVICIOS, MATERIALES Y FINANCIEROS DE ""EL ORGANISMO"".",0
DOCUMENTO,Categorica,Convenios,DOCUMENTO DIGITAL ADJUNTO DE LOS CONVENIOS DE COLABORACION,https://drive.google.com/file/d/10tGqTIEgYyYtu3edSus4ilbpsmT-1smP/view?usp=drive_link; https://drive.google.com/file/d/12Nmt_Q9HcqG0_Vh5UuR5-msUJDAsJ7no/view?usp=sharing; https://drive.google.com/file/d/132zUQyQ2thCJFATLbXa1ue0Z-0OG2rgh/view?usp=sharing; https://drive.google.com/file/d/17GKznOvdpLLYWWoZRxeou6cP0Wx66Sqe/view?usp=drive_link; https://drive.google.com/file/d/18QCgWYv5nDeDjFzoKFwS4jgWHmnqKyi0/view?usp=sharing; https://drive.google.com/file/d/18tTjo6-vIlcHGV2pKrXDrw9CZiZmKGGg/view?usp=sharing; https://drive.google.com/file/d/1Awz9Mo7j4hBy55HYKecB5mFZsSlgLeHh/view?usp=drive_link; https://drive.google.com/file/d/1F5hAgb_qQ-BKMV2oTXGh_uYA5NVfBFhe/view?usp=sharing; https://drive.google.com/file/d/1GzTynDNfaRVxiylnhDurjJlW8JAm5QNg/view?usp=drive_link; https://drive.google.com/file/d/1IX0pl2iqkXCMqTGfvLrr14aQ5bXoN7ZH/view?usp=sharing; https://drive.google.com/file/d/1K2dslrNcrdre41ExBAe4v9gdVjHBEX3m/view?usp=sharing; https://drive.google.com/file/d/1KmhaH4F1D0ywS5sCEXyE1Vdynw58xaFP/view?usp=sharing; https://drive.google.com/file/d/1LQJkanEY93SDLtaOg-r8Z7uOpNkhXVya/view?usp=sharing; https://drive.google.com/file/d/1Rr-kIlGotMDkU5K7DtIgv-Ke0aW96rGd/view?usp=sharing; https://drive.google.com/file/d/1V3fHP61I5xtrf-vicvlqZB4INobrvdcv/view?usp=sharing; https://drive.google.com/file/d/1Vapfd_2idu3y1jYOupwQWK7wsNrQ_EMe/view?usp=sharing; https://drive.google.com/file/d/1WT4l9kMqcVChdylJf4Woy_PwnI-VI0do/view?usp=sharing; https://drive.google.com/file/d/1YLZKeiEgrM5VSHdJIm987M6tjzav_ngo/view?usp=drive_link; https://drive.google.com/file/d/1YXeHbXOXTcJWkeAnhWvHw9MCZQJ0UrM0/view?usp=sharing; https://drive.google.com/file/d/1ZxI2QMyJVPc5MLyFYRT0u3WVj3ITm7iu/view?usp=sharing; https://drive.google.com/file/d/1ak3gy9D0yU8aKAwAdDJhiUIOfm1iwxbR/view?usp=drive_link; https://drive.google.com/file/d/1dobm0TymtRnFBL5f9VDmegsHd035DrEb/view?usp=drive_link; https://drive.google.com/file/d/1gAkLrkzEi0qfYcoPZee-sAszL_fMDC76/view?usp=sharing; https://drive.google.com/file/d/1is_47b36IPAkPBNgb9_M8cO5_TA-LFyp/view?usp=sharing; https://drive.google.com/file/d/1mOptoR5KD-pxMdV5MtANSZDKOqw7pYT1/view?usp=sharing; https://drive.google.com/file/d/1nNxFZloc--OIFp-mO56torCkTTzdIlrx/view?usp=drive_link; https://drive.google.com/file/d/1qm5tdueutyDCwYwP4f9-GcjxIvvpkaH_/view?usp=sharing; https://drive.google.com/file/d/1vs7EAGNc6ng1SxXmvNkdjppEfmGyh-zq/view?usp=drive_link; https://drive.google.com/file/d/1yqb4baOQG9Maxl8h4e0gocq0BwPIJIMZ/view?usp=sharing,0
NOMBRE_CURSO,Texto libre,Cursos de Capacitación del Instituto de Profesionalización,Sin descripcion,179 valores unicos,43.6
HORAS_DURACION,Entero (integer),Cursos de Capacitación del Instituto de Profesionalización,Sin descripcion,1 a 25,0
COMPETENCIA,Categorica,Cursos de Capacitación del Instituto de Profesionalización,CLASIFICACION DE CONOCIMEITNOS HABILIDADES O ACTITUDES QUE UN CURSO DEBE CUBRIR,ADMINISTRATIVA; CULTURA INSTITUCIONAL; HUMANAS; IGUALDAD E INCLUSION; LIDERAZGO; SERVICIO DE CALIDAD; TECNICAS ESPECIFICAS,0
OBJETIVO,Texto libre,Cursos de Capacitación del Instituto de Profesionalización,META ESPECIFICA QUE PRETENDE ALCANZAR EL CURSO EN CUESTION,203 valores unicos,0
LANZAMIENTO,Entero (integer),Cursos de Capacitación del Instituto de Profesionalización,Sin descripcion,2018 a 2025,0
MODALIDAD,Categorica,Cursos de Capacitación del Instituto de Profesionalización,"CLASIFICACION DE LOS CURSOS RESPECTO A SU IMPARTICION, PUDIENDO SER: PRESENCIAL EN DONDE EL INSTRUCTOR ESTA EN LAS INSTALACIONES DEL INSTITUTO DE PROFESIONALIZACION, VIDEOCONFERENCIA, EN DONDE EL INSTRUCTOR IMPARTE  Y PARTICIPANTE RECIBE EL CURSO MEDIANTE UNA APLICACION DE VIDEOCONFERENCIA, Y LA MODALIDAD E LEARNING EN DONDE LOS CURSOS ESTAN ALOJADOS EN UNA PLATAFORMA LLAMADA APRENDIENDO.NL.GOB.MX Y LOS PARTICIPANTES PUEDEN TOMARLO EN CUALQUIER DISPOSITIVO ELECTRONICO CONECTADO A INTERNET",E LEARNING; PRESENCIAL; VIDEOCONFERENCIA,0
NOMBRE DEL CURSO,Texto libre,Cursos de Capacitación del Instituto de Profesionalización,CONTIENE EL NOMBRE DEL CURSO QUE SE IMPARTE AL PERSONAL DEL SERVICIO PUBLICO,140 valores unicos,56.4
nombre_curso,Categorica,Cursos y Talleres,Sin descripcion,COMO ELABORAR TU TESTAMENTO; COMUNICACIÓN ASERTIVA EN PERSONAS MAYORES; DERECHOS DE LAS PERSONAS MAYORES; EDADISMOS Y SU REPERCUSION; EL IMPACTO DE LOS ALIMENTOS EN LAS EMOCIONES; EL RETO DE LA LONGEVIDAD; ENVEJECIMIENTO ACTIVO Y SALUDABLE; GIMNASIA CEREBRAL Y EJERCICIOS COGNITIVOS; HOGARES INTELIGENTES E INTELIGENCIA ARTIFICIAL; INCLUSION DIGITAL TECNOLOGIAS A FAVOR DE LAS PERSONAS MAYORES; JUBILACION Y DERECHOS; PRIMEROS AUXILIOS PSICOLOGICOS; REENCONTRANDO EL SENTIDO DE VIDA DESPUES DE UNA PERDIDA; RISOTERAPIA RESILENCIA Y HUMOR; VIOLENCIA CONTRA LAS PERSONAS MAYORES; VIOLENCIA Y MALOS TRATOS HACIA LA PERSONA MAYOR,0
area_categoria,Categorica,Cursos y Talleres,Sin descripcion,DERECHOS HUMANOS; DERECHOS Y CERTEZA JURIDICA; DESARROLLO HUMANO; EDUCACION Y CAPACITACION; IGUALDAD E INCLUSION; SALUD Y CUIDADOS PREVENTIVOS,0
objetivo,Categorica,Cursos y Talleres,Sin descripcion,"""BRINDAR A LAS PERSONAS MAYORES INFORMACION SOBRE  EL TESTAMENTO, SUS CARACTERISTICAS Y TIPOS, EFECTOS, COMO ELABORARLO Y QUE DERECHOS LES PROTEGEN""; ""BRINDAR INFORMACION A LAS PERSONAS SOBRE LOS PROCESOS DE PENSION POR VEJEZ Y CESANTIA EN EDAD AVANZADA ANTE EL IMSS, Y SUS DERECHOS COMO PERSONAS PENSIONADAS""; ""BRINDAR INFORMACION SOBRE LA LEY DE LOS DERECHOS DE LAS PERSONAS ADULTAS MAYORES EN EL ESTADO DE NUEVO LEON, LOS PRINCIPIOS, DERECHOS Y AUTORIDADES RESPONSABLES DE SU PROTECCION""; ""CONOCER Y ANALIZAR LOS DIFERENTES TIPOS DE VIOLENCIA Y REFLEXIONAR SOBRE LAS REPERCUSIONES DEL MALTRATO A LA VEJEZ DESDE UNA PERSPECTIVA DE GENERO, DE DERECHOS HUMANOS Y CON ENFOQUE GERONTOLOGICO""; ""CREAR CONCIENCIA EN LAS PERSONAS MAYORES SOBRE EL CUIDADO Y HABITOS ALIMENTICIOS, Y SU IMPACTO EN LA SALUD MENTAL Y EMOCIONAL""; ""CREAR CONCIENCIA PARA EVITAR NORMALIZAR EDADISMOS, ENTENDIENDO SU IMPACTO NEGATIVO EN LAS PERSONAS""; ""DAR A CONOCER EL PROCESO DE ADAPTACION DE LOS HOGARES DE MANERA INTELIGENTE UTILIZANDO LOS DIFERENTES GADGETS DISPONIBLES PARA REALIZAR UNA DOMOTIZACION, ADICIONAL A ELLO COMPRENDER LAS NOCIONES BASICAS DEL USO DE LA INTELIGENCIA ARTIFICIAL""; ""DAR A CONOCER LA IMPORTANCIA DEL FENOMENO DEL ENVEJECIMIENTO, LA SOCIO DEMOGRAFIA Y LA PROYECCION DEL AUMENTO POBLACIONAL, A FIN DE SENSIBILIZAR Y PROMOVER UN ENVEJCIMIENTO ACTIVO Y SALUDABLE""; ""FACILITAR HERRAMIENTAS DE COMUNICACION QUE PERMITAN A LAS PERSONAS MAYORES TRANSMITIR DE MANERA EFECTIVA Y RESPETUOSA SUS EMOCIONES, NECESIDADES O DESEOS CON LAS PERSONAS CON LAS QUE CONVIVEN""; ""INFORMAR SOBRE LA IMPORTANCIA DE AJUSTAR EL PROCESO DE ENVEJECIMIENTO A LA NUEVA LONGEVIDAD, CUYA FINALIDAD ES DISFRUTAR EL ENVEJECIMIENTO CON PLENITUD Y ADOPTANDO MEJORES ESTRATEGIAS PARA LA VEJEZ""; ""SERIE DE DINAMICAS, EJERCICIOS Y RETOS COGNITIVOS, QUE PROPICIAN EN LAS PERSONAS MAYORES UNA MEJORIA EN LA PLASTICIDAD NEURONAL Y AYUDAN A PREVENIR EL PROCESO DEL DETERIORO COGNITIVO""; ""TALLER VIVENCIAL CON FUNDAMENTOS EN LA PSICOLOGIA, TANATOLOGIA Y LOGOTERAPIA, CON LA FINALIDAD DE FORTALECER LA CAPACIDAD DE RESILIENCIA ANTE LAS PERDIDAS QUE SE PRESENTAN EN LA VIDA""; BRINDAR HERRAMIENTAS PRACTICAS PARA LA GESTION DE EMOCIONES Y FOMENTAR LA RESILENCIA A TRAVES DEL HUMOR; FACILITAR HERRAMIENTAS PARA QUE LAS PERSONAS MAYORES PUEDAN APROVECHAR EL POTENCIAL DE LAS TECNOLOGIAS EN FAVOR DEL ENVEJECIMIENTO MEDIANTE EL DESCUBRIMIENTO DE LA EVOLUCION DE LAS TECONOLOGIAS Y SU IMPACTO EN LA VIDA; FACILITAR HERRAMIENTAS PARA QUE LAS PERSONAS QUE TIENEN UN PRIMER CONTACTO CON SITUACIONES DE CRISIS LLEVEN DE MANERA OPTIMA LA CONTENCION DE LAS EMOCIONES BASICAS; SENSIBILIZAR Y CONCIENTIZAR A LA PERSONA MAYOR SOBRE LOS DIFERENTES TIPOS DE VIOLENCIA PARA SU IDENTIFICACION Y PREVENCION EN EL DIA A DIA",0
duracion_horas,Entero (integer),Cursos y Talleres,Sin descripcion,1 a 2,0
modalidad,Categorica,Cursos y Talleres,FORMA EN QUE PUEDE IMPARTIRSE EL CURSO O TALLER YA SEA PRESENCIAL O EN LINEA,PRESENCIAL,0
ejercicio_lanzamiento,Entero (integer),Cursos y Talleres,Sin descripcion,2022 a 2023,0
sector_dirigido,Categorica,Cursos y Talleres,Sin descripcion,"PERSONAS ADULTAS MAYORES; PERSONAS ADULTAS MAYORES, CIUDADANIA EN GENERAL",0
Ano fiscal,Entero (integer),Datos de Cultura para la Primera Infancia 2022-2023,Ano en el que se realizo la actividad,2022 a 2023,0
Programa,Categorica,Datos de Cultura para la Primera Infancia 2022-2023,Nombre del programa del cual se desprenden proyectos y actividades o eventos,Cultura para la Primera Infancia,0
Proyecto,Categorica,Datos de Cultura para la Primera Infancia 2022-2023,Nombre del proyecto del cual se desprenden actividades o eventos,Cultura para la Primera Infancia,0
Tipo de actividad,Categorica,Datos de Cultura para la Primera Infancia 2022-2023,Tipo de actividad o evento,Capacitacion; Estacion de servicio / Brigada; Sesion de mediacion,0
Disciplina,Categorica,Datos de Cultura para la Primera Infancia 2022-2023,Tipo de disciplina relacionada a las artes y el quehacer cultural en la cual se inserta el proyecto o actividad realizada,Multidisciplinario,36.3
Nombre de actividad,Categorica,Datos de Cultura para la Primera Infancia 2022-2023,Nombre completo con el que se difundio la actividad,Capacitacion de mediacion cultural de Primera Infancia; Sesion de mediacion cultural; Sesiones de mediacion cultural,0
Sinopsis,Categorica,Datos de Cultura para la Primera Infancia 2022-2023,Redaccion para dar difusion a la actividad,Sesiones de mediacion cultural para fortalecer las capacidades creativas de ninas y ninos menores a 6 anos y los vinculos afectivos con sus familias y/o cuidadoras(es) en Zonas de Alta Prioridad con el fin contribuir al Desarrollo Integral de la Primera Infancia.,36.3
Linea de accion del PSC que atiende,Categorica,Datos de Cultura para la Primera Infancia 2022-2023,Linea de acción del Programa Sectorial de Cultura 2022-2027 a la cual se alínea la actividad que se registra,"LA 1.1.1 Realizar mapeos colaborativos, encuestas y/o estudios diagnosticos encaminados a conocer el ecosistema cultural de Nuevo Leon.; LA 1.2.2 Fortalecer las redes y comunidades de agentes culturales locales, artistas y grupos de personas interesadas a traves de la movilidad, herramientas de gestion y profesionalizacion.; LA 1.2.3 Diseno y oferta de talleres y cursos de capacitacion para potenciar el uso de canales digitales para el desarrollo y acceso a actividades artisticas y culturales.; LA 1.2.4 Llevar a cabo acciones de mediacion e intervencion directa con publicos de atencion prioritaria para desarrollo de capacidades creativas.; LA 2.1.1 Realizar acciones encaminadas a la formacion de publicos, mediacion artistica e intercambio de ideas.",0
Derecho cultural que atiende primordialmente,Categorica,Datos de Cultura para la Primera Infancia 2022-2023,Derecho cultural al cual se alinea la actividad o evento de aquellos enlistados en la Ley General de Cultura,"I. Acceso a la cultura y al disfrute de los bienes y servicios que presta la institucion
(por ejemplo mediante eventos culturales gratuitos, medios de difusion para garantizar que el mensaje llegue a la mayor cantidad de poblacion, etc.)",0
Objetivo de la actividad,Categorica,Datos de Cultura para la Primera Infancia 2022-2023,Redaccion por la cual se registran las metas y alcances propuestos por el proyecto,"Fortalecer el desarrollo creativo de ninas, ninos y adolescentes",0
Cantidad de sesiones,Entero (integer),Datos de Cultura para la Primera Infancia 2022-2023,Numero de sesiones en las que se realizo la actividad,1 a 464,1.1
Fecha inicio,Tiempo (fecha/hora),Datos de Cultura para la Primera Infancia 2022-2023,Fecha en la que inicio la actividad,2022-02-13 00:00:00 a 2023-09-11 00:00:00,0
Fecha fin,Tiempo (fecha/hora),Datos de Cultura para la Primera Infancia 2022-2023,Fecha en la que finalizo la actividad,2022-03-04 00:00:00 a 2023-12-16 00:00:00,0.5
MES (Llenado automatico),Categorica,Datos de Cultura para la Primera Infancia 2022-2023,Mes en el que ocurrio la actividad,abril; agosto; febrero; julio; junio; marzo; mayo; noviembre; octubre; septiembre,0.5
Hora inicio,Categorica,Datos de Cultura para la Primera Infancia 2022-2023,Hora en la que inicio la actividad,09:00:00 UTC - 6; 10:00:00 UTC - 6; 11:00:00 UTC - 6; 12:00:00 UTC - 6; 13:00:00 UTC - 6; 14:00:00 UTC - 6; 15:00:00 UTC - 6,0
Hora fin,Categorica,Datos de Cultura para la Primera Infancia 2022-2023,Hora en la que finalizo la actividad,00:00:00 UTC - 6; 10:00:00 UTC - 6; 11:00:00 UTC - 6; 12:00:00 UTC - 6; 13:00:00 UTC - 6; 14:00:00 UTC - 6; 15:00:00 UTC - 6; 16:00:00 UTC - 6; 16:40:00 UTC - 6; 17:00:00 UTC - 6; 18:00:00 UTC - 6,0
Municipio / Alcaldia,Categorica,Datos de Cultura para la Primera Infancia 2022-2023,Nombre del municipio donde se encuentra el espacio donde se realizo la actividad,Allende; Apodaca; Bustamante; El Carmen; General Escobedo; Guadalupe; Juarez; Lampazos de Naranjo; Los Aldamas; Los Herreras; Los Ramones; Monterrey; San Nicolas de los Garza; San Pedro Garza Garcia; Santa Catarina; Santiago,0
Espacio,Texto libre,Datos de Cultura para la Primera Infancia 2022-2023,Nombre del espacio donde se realizo la actividad,116 valores unicos,0
Asistentes totales,Entero (integer),Datos de Cultura para la Primera Infancia 2022-2023,Numero total de personas,8 a 6106,0
Mujeres,Entero (integer),Datos de Cultura para la Primera Infancia 2022-2023,Numero total de mujeres,6 a 3881,0
Hombres,Entero (integer),Datos de Cultura para la Primera Infancia 2022-2023,Numero total de hombres,2 a 2297,0
"Primera infancia
(Menores de 6 anos)",Entero (integer),Datos de Cultura para la Primera Infancia 2022-2023,Numero de asistentes de este rango de edad,9 a 4666,3.8
NN (Edad escolar: 6 a 11 anos),Categorica,Datos de Cultura para la Primera Infancia 2022-2023,Numero de asistentes de este rango de edad,; 128,98.9
01 NN Hombres,Entero (integer),Datos de Cultura para la Primera Infancia 2022-2023,Numero de asistentes de este rango de edad por sexo,7 a 323,96.2
01 NN Mujeres,Entero (integer),Datos de Cultura para la Primera Infancia 2022-2023,Numero de asistentes de este rango de edad por sexo,46 a 343,96.2
Adolescentes (12 a 17 anos),Vacia / sin datos,Datos de Cultura para la Primera Infancia 2022-2023,Numero de asistentes de este rango de edad,,100
02 Adolescentes Hombres,Entero (integer),Datos de Cultura para la Primera Infancia 2022-2023,Numero de asistentes de este rango de edad por sexo,10 a 1165,72
02 Adolescentes Mujeres,Entero (integer),Datos de Cultura para la Primera Infancia 2022-2023,Numero de asistentes de este rango de edad por sexo,17 a 1585,72
Jovenes (15 a 29 anos),Entero (integer),Datos de Cultura para la Primera Infancia 2022-2023,Numero de asistentes de este rango de edad,1 a 30,97.3
03 Jovenes Hombres,Entero (integer),Datos de Cultura para la Primera Infancia 2022-2023,Numero de asistentes de este rango de edad por sexo,3 a 50,95.1
03 Jovenes Mujeres,Entero (integer),Datos de Cultura para la Primera Infancia 2022-2023,Numero de asistentes de este rango de edad por sexo,9 a 114,93.4
Adultos (30 a 59 anos),Entero (integer),Datos de Cultura para la Primera Infancia 2022-2023,Numero de asistentes de este rango de edad,2 a 3064,9.3
04 Adultos Hombres,Entero (integer),Datos de Cultura para la Primera Infancia 2022-2023,Numero de asistentes de este rango de edad por sexo,1 a 1138,72.5
04 Adultos Mujeres,Entero (integer),Datos de Cultura para la Primera Infancia 2022-2023,Numero de asistentes de este rango de edad por sexo,7 a 2227,70.3
Personas adultas mayores (60 anos o mas),Entero (integer),Datos de Cultura para la Primera Infancia 2022-2023,Numero de asistentes de este rango de edad,1 a 69,84.6
05 P Adultas Mayores Hombres,Entero (integer),Datos de Cultura para la Primera Infancia 2022-2023,Numero de asistentes de este rango de edad por sexo,1 a 1,98.9
05 P Adultas Mayores Mujeres,Entero (integer),Datos de Cultura para la Primera Infancia 2022-2023,Numero de asistentes de este rango de edad por sexo,1 a 69,95.6
Personas indigenas,Entero (integer),Datos de Cultura para la Primera Infancia 2022-2023,Numero de asistentes de este grupo de atencion prioritaria,1 a 9,97.8
Personas con discapacidad,Entero (integer),Datos de Cultura para la Primera Infancia 2022-2023,Numero de asistentes de este grupo de atencion prioritaria,1 a 166,65.4
Personas migrantes,Entero (integer),Datos de Cultura para la Primera Infancia 2022-2023,Numero de asistentes de este grupo de atencion prioritaria,1 a 256,94.5
Personas privadas de su libertad,Entero (integer),Datos de Cultura para la Primera Infancia 2022-2023,Numero de asistentes de este grupo de atencion prioritaria,227 a 1007,96.2
Afrodescendientes,Entero (integer),Datos de Cultura para la Primera Infancia 2022-2023,Numero de asistentes de este grupo de atencion prioritaria,1 a 1,99.5
LGBTTTIQ+,Entero (integer),Datos de Cultura para la Primera Infancia 2022-2023,Numero de asistentes de este grupo de atencion prioritaria,1 a 39,97.8
Fecha,Tiempo (fecha/hora),Declaraciones oficiales de la Oficina Ejecutiva,Fecha en que se realizo el Nuevo León Informa presidido por la Oficina Ejecutva del titular del poder ejecutivo de Nuevo León.,2025-08-12 00:00:00 a 2026-01-20 00:00:00,98.5
Eje,Categorica,Declaraciones oficiales de la Oficina Ejecutiva,Eje de accion,Nuevo Leon Digital; Nuevo Leon Incorruptible; Nuevo Leon Transparente,98.5
Tema ,Categorica,Declaraciones oficiales de la Oficina Ejecutiva,Tema que se aborda en el Nuevo Leon Informa,"Alta de vehiculos foraneos en linea (pre-registro/cita).; Avanza Nuevo Leon en la digitalizacion de tramites para la apertura de empresas; Cero tolerancia a casos de corrupcion; avances y expedientes.; Exhorta el ICV a realizar gestiones solo por vias oficiales; advierten sobre falsos gestores en tramites de placas foraneas; Fortalece Nuevo Leon el combate a la corrupcion; capacita a 750 inspectores; Lanza NL padron de inspectores e inspecciones para combatir la extorsion; NL incorruptible, fortalece Estado denuncia ciudadana; NLinea con blockchain y Expediente unico; No hagas filas esta Navidad; invita Gobierno de Nuevo Leon a regularizar placas foraneas en linea; Nuevo Leon consolida un ejercicio de integridad digital y controles anticorrupcion; Nuevo Leon referente nacional en materia de Gobierno Abierto y Rendicion de Cuentas; Plan 2026: digitalizar 150 tramites (los mas usados / alto impacto social).; Prevencion de extorsion/fraude telefonico para proteger patrimonio familiar.; Se consolida Nuevo Leon como lider nacional de Proteccion Sanitaria y fortalece la Transparencia Gubernamental; Suma NLinea inscripcion al Registro de Contribuyentes",98.5
Resumen ,Categorica,Declaraciones oficiales de la Oficina Ejecutiva,Breve resumen de los temas tratados.,"A un ano del compromiso “Burocracia Cero”, el Gobierno de Nuevo Leon presenta avances en tramites digitales, compras abiertas, participacion ciudadana y control interno. organismos internacionales reconocen a la entidad entre los mejores modelos del mundo en digitalizacion y gobierno abierto. La ciudadania aumenta sus denuncias y se fortalece la vigilancia institucional con 16 organos internos de control operando en 18 entes publicos.; Autoridades estatales alertan sobre intentos de fraude telefonico en nombre del Instituto Registral y Catastral. La ciudadania cuenta con herramientas digitales como las alertas registrales y el 070 para denunciar y recibir atencion inmediata. Se refuerza la transformacion digital para garantizar certeza juridica y blindar los tramites contra practicas indebidas. El IRCNL anuncia la firma de un convenio con el Instituto Estatal de las Personas Adultas Mayores (IEPAM).; De octubre a diciembre se realizaron 24 mil 673 tramites de alta foranea en el Instituto de Control Vehicular. El 48% de los vehiculos tambien realizo cambio de propietario, y el 41% de estos tambien renovo la licencia. Monterrey, Guadalupe y Apodaca son los municipios que realizaron mas tramites por medios digitales.; El Gobierno del nuevo Nuevo Leon es la primera Administracion estatal en enviar expedientes por faltas graves al Tribunal de Justicia Administrativa del Estado, incluyendo casos de la actual gestion. 125 informes enviados al Tribunal; 93 de ellos involucran a servidores de alto nivel.  La titular de la oficina Ejecutiva del Gobernador, Mariela Saldivar, hizo un llamado a la Ciudadania a sumarse al compromiso de cero impunidad y realizar la denuncia de irregularidades.; La Secretaria de Economia senalo que con este procedimiento se tendra mayor claridad y se podra trabajar de manera mas coordinada y buscando el beneficio de todos. Actualmente el registro cuenta con informacion de Agua y Drenaje, Secretaria del Medio Ambiente, Secretaria de Salud, Secretaria del Trabajo, entre otros.; La Secretaria de Salud, a traves de la Subsecretaria de Regulacion y Fomento Sanitario, refrenda su compromiso con la proteccion de la salud de los nuevoleoneses mediante acciones innovadoras, verificaciones videograbadas y servicios digitalizados. Alma Rosa Marroquin Escamilla destaco que Nuevo Leon es reconocido por CoFEPRIS como lider nacional en proteccion sanitaria, gracias a su modelo basado en certeza, calidad y transparencia. Desde la oficina Ejecutiva del Gobernador, Mariela Saldivar Villalobos impulsa la estrategia Nuevo Leon Transparente, que amplia la informacion publica con mas de 80 nuevos conjuntos de datos disponibles para consulta ciudadana.; La oficina Ejecutiva del Gobernador y el Instituto de Control Vehicular alertan a la ciudadania sobre personas que cobran por tramites falsos y suplantan a funcionarios.
Los tramites para altas de placas foraneas pueden realizarse de forma digital, rapida y segura a traves de los portales oficiales del Gobierno de Nuevo Leon. Las autoridades informaron que el uso de gestores puede implicar perdida de dinero, robo de datos personales y obtencion de documentos apocrifos. Se invita a la poblacion a denunciar cualquier intento de fraude o irregularidad al 070 o mediante las plataformas ""Nuevo Leon Incorruptible"" y ""Corrupnet"".; La transparencia, es sin duda, el pilar fundamental de la rendicion de cuentas, a traves de ella se construye la confianza social, se fomenta la participacion ciudadana y se garantiza que el ejercicio del poder publico sea cada vez mas abierto, accesible y sobre todo mas responsable”, senala la Contralora General, Maria Teresa Herrera Tello.
Dijo que este esfuerzo hecho en el Portal, ha sido reconocido con el Premio Internacional oX por la excelencia en la gestion de informacion y el cumplimiento de estandares internacionales de transparencia.; Los ciudadanos podran realizar un pre-registro en linea en icvnl.gob.mx o nlinea.nl.gob.mx. Una vez realizado el tramite, se asignara una cita para que acudan a recoger sus placas a una delegacion habilitada, ya sea Pabellon, Citadel, outlet, Valle oriente y Santa Cruz. En caso de que se requiera alguna aclaracion, se les indicara para que lleven la unidad a un modulo de revision; Mas de 2.7 millones de consultas en su catalogo de tramites y servicios. oCDE reconoce a NLinea como una de las 5 mejores ventanillas digitales del mundo.; NLinea garantiza mayor transparencia y trazabilidad en los tramites del SATNL, que benefician a 25 mil usuarios anuales. A traves de la plataforma se habilita un acceso digital 24 horas los 7 dias de la semana.  Este servicio se integra a otros dos que ya estan disponibles en la plataforma: los avisos al REC y los tramites de licencias estatales para la venta, expendio y consumo de bebidas alcoholicas.; Senala Jefa de la oficina Ejecutiva, Mariela Saldivar que la instruccion del Gobernador Samuel Garcia, es cero tolerancia a la corrupcion y a la impunidad. La percepcion ciudadana de corrupcion se redujo en esta Administracion del 15.8 por ciento en 2021 a tan solo el 5 por ciento en 2024. Ademas, de este porcentaje solo el 1.3 por ciento de los entrevistados refirio que su experiencia fue en contacto con gobierno estatal, el resto senalo a otros niveles de gobierno.; Senala la titular de la oficina Ejecutiva de la Gubernatura, Mariela Saldivar Villalobos que este ano se enfocaran principalmente en atender las necesidades ciudadanas.
En el 2026 se estan digitalizando 150 tramites mas frecuentes de mayor costo economico social que representa un impacto ciudadano. Destaco que los tramites digitales son 100 por ciento confiables, rapidos, certeros y seguros, porque no hay espacio para la discrecionalidad.; Simplifica Gobierno del Estado 34 tramites para la apertura de empresas, 100 por ciento digitalizados a traves de la plataforma NLinea. Son tramites del Servicio de Administracion Tributaria del Estado de Nuevo Leon; Secretaria de Medio Ambiente; Instituto de Movilidad; Proteccion Civil; Secretaria de Movilidad; y de Agua y Drenaje.; Titular de la oficina Ejecutiva resalta el nombramiento nacional de la Contralora Maria Teresa Herrera Tello. La Contraloria del Estado ha emitido mil 307 sanciones por faltas administrativas no graves y turnado 161 faltas graves al Tribunal de Justicia Administrativa.",98.5
Boletines,Categorica,Declaraciones oficiales de la Oficina Ejecutiva,Hipervinculo que redirige al boletin de comunicación del Nuevo Leon Informa.,https://nl.gob.mx/es/boletines/avanza-nuevo-leon-en-la-digitalizacion-de-tramites-para-la-apertura-de-empresas; https://nl.gob.mx/es/boletines/consolidara-estado-en-2026-digitalizacion-de-sus-tramites-gubernamentales; https://nl.gob.mx/es/boletines/destaca-nl-cero-tolerancia-casos-de-corrupcion; https://nl.gob.mx/es/boletines/fortalece-nuevo-leon-el-combate-la-corrupcion-capacita-750-inspectores; https://nl.gob.mx/es/boletines/lanza-icv-alta-de-vehiculos-foraneos-en-linea; https://nl.gob.mx/es/boletines/lanza-nl-padron-de-inspectores-e-inspecciones-para-combatir-la-extorsion; https://nl.gob.mx/es/boletines/nl-incorruptible-fortalece-estado-denuncia-ciudadana; https://nl.gob.mx/es/boletines/no-hagas-filas-esta-navidad-invita-gobierno-de-nuevo-leon-regularizar-placas-foraneas-en; https://nl.gob.mx/es/boletines/nuevo-leon-consolida-un-ano-de-integridad-digital-y-controles-anticorrupcion; https://nl.gob.mx/es/boletines/se-consolida-nuevo-leon-como-lider-nacional-de-proteccion-sanitaria-y-fortalece-la; https://nl.gob.mx/es/boletines/suma-nlinea-inscripcion-al-registro-de-contribuyentes; https://nl.gob.mx/es/boletines/transforma-nlinea-la-atencion-ciudadana-con-tecnologia-blockchain-y-expediente-unico; https://www.nl.gob.mx/es/boletines/exhorta-el-icv-realizar-gestiones-solo-por-vias-oficiales-advierten-sobre-falsos-gestores; https://www.nl.gob.mx/es/boletines/llaman-prevenir-extorsiones-y-proteger-el-patrimonio-familiar; https://www.nl.gob.mx/es/boletines/nuevo-leon-referente-nacional-en-materia-de-gobierno-abierto-y-rendicion-de-cuentas,98.5
Unnamed: 5,Vacia / sin datos,Declaraciones oficiales de la Oficina Ejecutiva,Sin descripcion,,100
fecha,Tiempo (fecha/hora),Denuncias de maltrato animal,Fecha de registro,2026-01-05 00:00:00 a 2026-06-30 00:00:00,0
municipio,Categorica,Denuncias de maltrato animal,Municipio en dónde se atendió la denuncia,Apodaca; El Carmen; García; General Escobedo; General Terán; General Zuazua; Guadalupe; Hidalgo; Juárez; Mina; Montemorelos; Monterey; Monterrey; Pesquería; Salinas Victoria; San Nicolás de los Garza; San Pedro Garza García; Santa  Catarina; Santa Catarina; Santiago; Sin dato,0
id_denuncia_recibida,Texto libre,Denuncias de maltrato animal,Identificador único de la denuncia por maltrato animal recibida,212 valores unicos,0
denuncia_atendida,Booleana,Denuncias de maltrato animal,Hubo respuesta ante la denuncia,Si,0
tipo_denuncia,Categorica,Denuncias de maltrato animal,La denuncia entra como maltrato o crueldad animal,Maltrato y/o crueldad,0
monto_sancion,Entero (integer),Denuncias de maltrato animal,Monto impuesto como sanción de un procedimiento derivado de una denuncia,0 a 0,0
aseguramiento,Booleana,Denuncias de maltrato animal,Aseguramiento del animal,No,0
notificacion_terceros,Booleana,Denuncias de maltrato animal,Notificación a tercero,No,0
autoridad_notificada,Categorica,Denuncias de maltrato animal,Autoridad a la que se notificó,"Centro de Atención Canina y Felina del municipio de Monterrey, Nuevo León.; Protección Civil del municipio de Monterrey, Nuevo León.; Secretaría de Salud del Estado de Nuevo León; Servicio Nacional de Sanidad, Inocuidad y Calidad Agroalimentaria (SENASICA); Sin dato",0
fecha,Tiempo (fecha/hora),Denuncias de maltrato animal,Fecha de registro,2025-10-01 00:00:00 a 2025-12-30 00:00:00,0
municipio,Categorica,Denuncias de maltrato animal,Municipio en dónde se atendió la denuncia,Apodaca; Cadereyta Jiménez; Cadereyta Jíménez; El Carmen; Garcia; García; General Escobedo; Guadalupe; Hidalgo; Juárez; Mier y Noriega; Monterrey; Monterrey                                                                               x; Pesquería; Salinas Victoria; Salinas victoria; San Nicolas de los Garza; San Nicolás de los Garza; San Pedro Garza García; Santa Catarina; Santiago; Sin dato,0
id_denuncia_recibida,Texto libre,Denuncias de maltrato animal,Identificador único de la denuncia por maltrato animal recibida,122 valores unicos,0
denuncia_atendida,Booleana,Denuncias de maltrato animal,Hubo respuesta ante la denuncia,Si,0
tipo_denuncia,Categorica,Denuncias de maltrato animal,La denuncia entra como maltrato o crueldad animal,Maltrato y/o crueldad,0
monto_sancion,Entero (integer),Denuncias de maltrato animal,Monto impuesto como sanción de un procedimiento derivado de una denuncia,0 a 0,0
aseguramiento,Booleana,Denuncias de maltrato animal,Aseguramiento del animal,No,0
notificacion_terceros,Booleana,Denuncias de maltrato animal,Notificación a tercero,No; Si,0
autoridad_notificada,Categorica,Denuncias de maltrato animal,Autoridad a la que se notificó,"Centro de Atención Canina y Felina del municipio de Monterrey, Nuevo León.; Centro de Control Canino y Felino de Apodaca; Centro de Control Canino y Felino del Municipio de San Nicolás de los Garza; Procuraduria Federal de Proteccion al Ambiente (PROFEPA); Procuraduría Federal del Consumidor (PROFECO); Secretaría de Salud del Estado de Nuevo León y Municipio de San Nicolás de los Garza, Nuevo León.; Sin dato",0
fecha,Tiempo (fecha/hora),Denuncias de maltrato animal,Fecha de registro,2024-10-01 00:00:00 a 2025-09-30 00:00:00,0
municipio,Categorica,Denuncias de maltrato animal,Municipio en dónde se atendió la denuncia,Abasolo; Allende; Apodaca; Aramberri; Cadereyta; Cienega de Flores; El Carmen; Galeana; Garcia; General Escobedo; General Teran; General Zuazua; Guadalupe; Hualahuises; Juarez; Linares; Montemorelos; Monterrey; Pesqueria; Rayones; Sabinas Hidalgo; Salinas Victoria; San Nicolas de los Garza; San Pedro Garza Garcia; Santa Catarina; Santiago; Sin dato,0
id_denuncia_recibida,Texto libre,Denuncias de maltrato animal,Identificador único de la denuncia por maltrato animal recibida,449 valores unicos,0
denuncia_atendida,Booleana,Denuncias de maltrato animal,Hubo respuesta ante la denuncia,Si,0
tipo_denuncia,Categorica,Denuncias de maltrato animal,La denuncia entra como maltrato o crueldad animal,Maltrato y/o crueldad,0
monto_sancion,Entero (integer),Denuncias de maltrato animal,Monto impuesto como sanción de un procedimiento derivado de una denuncia,0 a 0,0
aseguramiento,Booleana,Denuncias de maltrato animal,Aseguramiento del animal,No; Si,0
notificacion_terceros,Booleana,Denuncias de maltrato animal,Notificación a tercero,No,0
autoridad_notificada,Categorica,Denuncias de maltrato animal,Autoridad a la que se notificó,"Centro de Atención Canina y Felina del municipio de Monterrey, Nuevo León.; Dirección General de Protección al Medio Ambiente y Bienestar Animal del Municipio de Santiago, Nuevo León.; Parques y Vida Silvestre de Nuevo León; Procuraduria Federal de Proteccion al Ambiente (PROFEPA); Secretaría de Salud del Estado de Nuevo León y Municipio de San Nicolás de los Garza, Nuevo León.; Sin dato",0
fecha,Tiempo (fecha/hora),Diagnósticos comunitarios,Fecha en la que se llevo a cabo el diagnostico,2024-01-22 00:00:00 a 2025-03-24 00:00:00,0
municipio,Categorica,Diagnósticos comunitarios,Municipio en el cual se llevo a cabo el diagnostico,Cadereyta; China; Garcia; General Escobedo; Guadalupe; Monterrey; Salinas Victoria,0
colonia,Texto libre,Diagnósticos comunitarios,Nombre de la colonia en las que se aplico el diagnostico,66 valores unicos,0
latitud,Numerica (decimal),Diagnósticos comunitarios,Referencia geogratica de localizacion  asignada al lugar donde se llevo a cabo el diagnostico con respecto a la latitud.,25.36 a 25.97,0
longitud,Numerica (decimal),Diagnósticos comunitarios,Referencia geogratica de localizacion  asignada al lugar donde se llevo a cabo el diagnostico con respecto a la longitud.,-100.5 a -99.26,0
asistentes,Entero (integer),Diagnósticos comunitarios,Cantidad de personas asistentes a los diagnosticos comunitarios,8 a 67,0
casas,Entero (integer),Diagnósticos comunitarios,Cantidad de casas registradas segun el ultimo censo de inegi,42 a 6849,1
porcentaje_ participacion,Numerica (decimal),Diagnósticos comunitarios,"Promedio de participacion de las personas asistentes, tomando como referencia la cantidad de personas asistentes por cien, sobre la cantidad de casas por tres coma cinco, numero de personas habitantes en una casa segun el ultimo censo del inegi en la seccion vivienda del catalogo promedio de ocupantes en viviendas particulares habitadas por entidad federativa",0.14 a 11.9,1
Edad_0_18,Entero (integer),Diagnósticos comunitarios,Rango de edad de los 0 a los 18 de las personas asistentes a los diagnosticos,0 a 13,0
Edad_19_25,Entero (integer),Diagnósticos comunitarios,Rango de edad de los 19 a los 25 de las personas asistentes a los diagnosticos,0 a 9,0
Edad_26_35,Entero (integer),Diagnósticos comunitarios,Rango de edad de los 26 a los 35 de las personas asistentes a los diagnosticos,0 a 27,0
Edad_36_45,Entero (integer),Diagnósticos comunitarios,Rango de edad de los 36 a los 45 de las personas asistentes a los diagnosticos,0 a 12,0
Edad_46_55,Entero (integer),Diagnósticos comunitarios,Rango de edad de los 46 a los 55 de las personas asistentes a los diagnosticos,1 a 15,0
Edad_mas_56,Entero (integer),Diagnósticos comunitarios,Rango de edad de 56 en adelante de las personas asistentes a los diagnosticos,0 a 32,0
sexo_mujer,Entero (integer),Diagnósticos comunitarios,Personas asistentes a los diagnosticos comunitarios que se identifican como mujeres,2 a 36,0
sexo_hombre,Entero (integer),Diagnósticos comunitarios,Personas asistentes a los diagnosticos comunitarios que se identifican como hombres,1 a 15,0
sexo_pnb,Entero (integer),Diagnósticos comunitarios,Personas asistentes a los diagnosticos comunitarios que se identifican como personas no binarias,0 a 2,0
v_trabajo_equipo,Entero (integer),Diagnósticos comunitarios,Valor mas importante para la comunidad diagnosticada: Trabajo en equipo,3 a 35,0
v_paciencia,Entero (integer),Diagnósticos comunitarios,Valor mas importante para la comunidad diagnosticada: Paciencia,0 a 16,0
v_solidaridad,Entero (integer),Diagnósticos comunitarios,Valor mas importante para la comunidad diagnosticada: Solidaridad,0 a 19,0
v_corresponsabilidad,Entero (integer),Diagnósticos comunitarios,Valor mas importante para la comunidad diagnosticada: Corresponsabilidad,0 a 16,0
v_gratitud,Entero (integer),Diagnósticos comunitarios,Valor mas importante para la comunidad diagnosticada:  Gratitud,0 a 12,0
v_empatia,Entero (integer),Diagnósticos comunitarios,Valor mas importante para la comunidad diagnosticada:  Empatia,1 a 26,0
v_sinceridad,Entero (integer),Diagnósticos comunitarios,Valor mas importante para la comunidad diagnosticada:  Sinceridad,0 a 8,0
cf_nuclear,Entero (integer),Diagnósticos comunitarios,Composicion familiar de acuerdo con inegi: Nuclear,1 a 36,0
cf_parejas_sin_hijos,Entero (integer),Diagnósticos comunitarios,Composicion familiar de acuerdo con inegi: Composicion nuclear,0 a 16,0
cf_ensamblada,Entero (integer),Diagnósticos comunitarios,Composicion familiar de acuerdo con inegi: Ensamblada,0 a 5,0
cf_solas_sin_hijos,Entero (integer),Diagnósticos comunitarios,Composicion familiar de acuerdo con inegi: Solas sin hijos,0 a 7,0
cf_adoptiva,Entero (integer),Diagnósticos comunitarios,Composicion familiar de acuerdo con inegi: Adoptiva,0 a 1,0
cf_homoparental,Entero (integer),Diagnósticos comunitarios,Composicion familiar de acuerdo con inegi: Homoparental,0 a 6,0
cf_monoparental,Entero (integer),Diagnósticos comunitarios,Composicion familiar de acuerdo con inegi:  Monoparental,0 a 19,0
persona_con_discapacidad,Entero (integer),Diagnósticos comunitarios,Sin descripcion,0 a 6,0
persona_migrante,Entero (integer),Diagnósticos comunitarios,Grupo poblacional identificado con necesidades especificas: Persona migrante,0 a 6,0
persona_indigena,Entero (integer),Diagnósticos comunitarios,Grupo poblacional identificado con necesidades especificas: Persona indigena,0 a 1,0
persona_afrodescendiente,Entero (integer),Diagnósticos comunitarios,Grupo poblacional identificado con necesidades especificas: Persona afrodescendiente,0 a 0,0
Comunidad_lgbttiq_mas,Entero (integer),Diagnósticos comunitarios,Grupo poblacional identificado con necesidades especificas: Persona perteneciente a comunidad lgbttiq mas,0 a 4,0
esc_ninguna,Entero (integer),Diagnósticos comunitarios,Grado de escolaridad de las personas asistentes al diagnostico: Ninguna,0 a 0,0
esc_basica,Entero (integer),Diagnósticos comunitarios,Grado de escolaridad de las personas asistentes al diagnostico: Basica,0 a 27,0
esc_media_superior,Entero (integer),Diagnósticos comunitarios,Grado de escolaridad de las personas asistentes al diagnostico: Media superior,0 a 15,0
esc_superior,Entero (integer),Diagnósticos comunitarios,Grado de escolaridad de las personas asistentes al diagnostico: Superior,0 a 30,0
esc_posgrado_mas,Entero (integer),Diagnósticos comunitarios,Grado de escolaridad de las personas asistentes al diagnostico: Posgrado o mayor a postgrado,0 a 13,0
act_recreacion,Entero (integer),Diagnósticos comunitarios,Actividad de interes para la comunidad  diagnosticada: Recreacion,0 a 17,0
act_formacion,Entero (integer),Diagnósticos comunitarios,Actividad de interes para la comunidad  diagnosticada:  Formacion,0 a 17,0
act_arte_cultura,Entero (integer),Diagnósticos comunitarios,Actividad de interes para la comunidad  diagnosticada:  Cultura,0 a 22,0
act_directorio_talentos,Entero (integer),Diagnósticos comunitarios,Actividad de interes para la comunidad  diagnosticada:  Directorio talentos,0 a 9,0
act_deportes,Entero (integer),Diagnósticos comunitarios,Actividad de interes para la comunidad  diagnosticada:  Deportes,0 a 29,0
act_actividades_infancias,Entero (integer),Diagnósticos comunitarios,Actividad de interes para la comunidad  diagnosticada:  Actividades con infancias,0 a 20,0
act_cuidado_areas_verdes,Entero (integer),Diagnósticos comunitarios,Actividad de interes para la comunidad  diagnosticada: Cuidado de las areas verdes,0 a 28,0
sent_muy_bien,Entero (integer),Diagnósticos comunitarios,Percepcion de bienestar de  las personas que habitan en la comunidad: Sentirse muy bien,0 a 46,0
sent_ni_bien_ni_mal,Entero (integer),Diagnósticos comunitarios,Percepcion de bienestar de  las personas que habitan en la comunidad: Sentirse ni bien ni mal,0 a 15,0
sent_mal,Entero (integer),Diagnósticos comunitarios,Percepcion de bienestar de  las personas que habitan en la comunidad: Sentirse mal,0 a 17,0
tareas_muy_bien,Entero (integer),Diagnósticos comunitarios,Percepcion de las personas que participaron en el diagnostico con relacion a las actividades que deben realizar las mesas directivas en su comunidad: Muy bien,0 a 32,0
tareas_ni_bien_ni_mal,Entero (integer),Diagnósticos comunitarios,Sin descripcion,0 a 20,0
tareas_mal,Entero (integer),Diagnósticos comunitarios,Percepcion de las personas que participaron en el diagnostico con relacion a las actividades que deben realizar las mesas directivas en su comunidad: Mal,0 a 19,0
md_muy_bien,Entero (integer),Diagnósticos comunitarios,Percepcion de las personas que pariciparon en el diagnostico sobre el conocimiento de las personas que representan de sus comunidades: Muy bien,0 a 24,0
md_ni_bien_ni_mal,Entero (integer),Diagnósticos comunitarios,Percepcion de las personas que pariciparon en el diagnostico sobre el conocimiento de las personas que representan de sus comunidades: Ni bien ni mal,0 a 16,0
md_mal,Entero (integer),Diagnósticos comunitarios,Percepcion de las personas que pariciparon en el diagnostico sobre el conocimiento de las personas que representan de sus comunidades: Mal,0 a 25,0
inf_redes_sociales,Entero (integer),Diagnósticos comunitarios,Redes sociales como opcion de canal e interaccion de las personas con sus gobiernos,0 a 36,0
inf_periodicos_revistas,Entero (integer),Diagnósticos comunitarios,Periodico y revistas como opcion de canal e interaccion de las personas con sus gobiernos,0 a 11,0
inf_sondeos_telefonicos,Entero (integer),Diagnósticos comunitarios,Sondeos telefonicos como opcion de canal e interaccion de las personas con sus gobiernos,0 a 4,0
inf_visitas,Entero (integer),Diagnósticos comunitarios,Visitas como opcion de canal e interaccion de las personas con sus gobiernos,0 a 30,0
tema_liderazgo_comunitario,Entero (integer),Diagnósticos comunitarios,Liderazgo comunitario como tema de interes publico en la comunidad donde se realizo el diagnostico,0 a 13,0
tema_comunicacion_redes_sociales,Entero (integer),Diagnósticos comunitarios,Redes sociales como tema de interes publico en la comunidad donde se realizo el diagnostico,0 a 11,0
tema_cuidado_ambiente,Entero (integer),Diagnósticos comunitarios,Cuidado del medio ambiente como tema de interes publico en la comunidad donde se realizo el diagnostico,1 a 27,0
tema_iguadad_derechos_diversidad,Entero (integer),Diagnósticos comunitarios,Derechos de la diversidad como tema de interes publico en la comunidad donde se realizo el diagnostico,0 a 13,0
tema_promocion_social_deportiva_cultural,Entero (integer),Diagnósticos comunitarios,"Promocion social, deportiva y cultural como tema de interes publico en la comunidad donde se realizo el diagnostico",0 a 27,0
 tema_espacios_publicos,Entero (integer),Diagnósticos comunitarios,Espacios publicos como tema de interes publico en la comunidad donde se realizo su diagnostico,3 a 35,0
tema_violencia_genero,Entero (integer),Diagnósticos comunitarios,Violencia por razon de genero como tema de interes publico en la comunidad donde se realizo el diagnostico,0 a 13,0
tema_mediacion_cultura_paz,Entero (integer),Diagnósticos comunitarios,Mediacion y cultura de paz como tema de interes publico en la comunidad donde se realizo el diagnostico,0 a 10,0
asist_siempre,Entero (integer),Diagnósticos comunitarios,Percepcion sobre la particiapacion vecinal de las personas donde se realizo el diagnostico: Siempre,0 a 18,0
asist_a_veces,Entero (integer),Diagnósticos comunitarios,Percepcion sobre la particiapacion vecinal de las personas donde se realizo el diagnostico: A veces,0 a 33,0
asist_nunca,Entero (integer),Diagnósticos comunitarios,Percepcion sobre la particiapacion vecinal de las personas donde se realizo el diagnostico: Nunca,0 a 10,0
asist_no_hay,Entero (integer),Diagnósticos comunitarios,Percepcion sobre la particiapacion vecinal de las personas donde se realizo el diagnostico: No hay,0 a 14,0
rs_facebook,Entero (integer),Diagnósticos comunitarios,Facebook como red y o plataform digital en las que interactuan las personas donde se realizo el diagnostico,1 a 30,0
rs_whatsapp,Entero (integer),Diagnósticos comunitarios,Whatsapp como red y o plataform digital en las que interactuan las personas donde se realizo el diagnostico,0 a 39,0
rs_x,Entero (integer),Diagnósticos comunitarios,X como red y o plataform digital en las que interactuan las personas donde se realizo el diagnostico,0 a 7,0
rs_twitch,Entero (integer),Diagnósticos comunitarios,Twitch como red y o plataform digital en las que interactuan las personas donde se realizo el diagnostico,0 a 14,0
rs_instagram,Entero (integer),Diagnósticos comunitarios,Instagram como red y o plataform digital en las que interactuan las personas donde se realizo el diagnostico,0 a 13,0
rs_tiktok,Entero (integer),Diagnósticos comunitarios,Tiktok como red y o plataform digital en las que interactuan las personas donde se realizo el diagnostico,0 a 9,0
rs_youtube,Entero (integer),Diagnósticos comunitarios,Youtube como red y o plataform digital en las que interactuan las personas donde se realizo el diagnostico,0 a 18,0
com_redes,Entero (integer),Diagnósticos comunitarios,Redes sociales como opcion de red y o plataforma digital con las que las personas se comunican entre ellas y sus mesas directivas,0 a 18,0
com_aplicaciones ,Entero (integer),Diagnósticos comunitarios,Aplicaciones digitales como opcion de red y o plataforma digital con las que las personas se comunican entre ellas y sus mesas directivas,0 a 12,0
com_whatsapp,Entero (integer),Diagnósticos comunitarios,Whatsapp  como opcion de red y o plataforma digital con las que las personas se comunican entre ellas y sus mesas directivas,0 a 35,0
com_asambleas,Entero (integer),Diagnósticos comunitarios,Asambleas  como opcion de red y o plataforma digital con las que las personas se comunican entre ellas y sus mesas directivas,0 a 12,0
com_reuniones,Entero (integer),Diagnósticos comunitarios,Reuniones como opcion de red y o plataforma digital con las que las personas se comunican entre ellas y sus mesas directivas,0 a 17,0
com_no_comunicacion,Entero (integer),Diagnósticos comunitarios,No existen opciones de comunicacion mediante las cuales las personas se comunican entre ellas y sus mesas directivas,0 a 45,22.7
prioridad_1,Categorica,Diagnósticos comunitarios,Temas identificados en las comunidades como prioridad numero 1,abastecimiento agua; canalon; cohesion comunitaria; conservacion de areas verdes y naturaleza; espacio publico; mesa directiva; movilidad; salud; seguridad; servicios publicos; sin dato; tramite de cuenta bancaria para colonia; vialidad,0
prioridad_2,Categorica,Diagnósticos comunitarios,Temas identificados en las comunidades como prioridad numero 2,actividades recreativas; cableado; cierre pozo; cohesion comunitaria; cultura de paz; educacion; espacio publico; infraestructura de escuelas; movilidad; participacion comunitaria; seguridad; servicios publicos; sin dato; vialidad,0
prioridad_3,Categorica,Diagnósticos comunitarios,Temas identificados en las comunidades como prioridad numero 3,actividades recreativas; bienestar animal; centro comunitario; cohesion comunitaria; corresponsabilidad; cultura paz; desarrollo urbano; drenaje; educacion; espacio publico; medio ambiente; movilidad; participacion comunitaria; regularizacion uso de suelo; seguridad; servicios publicos; sin dato; vialidad,0
prioridad_4,Categorica,Diagnósticos comunitarios,Temas identificados en las comunidades como prioridad numero 4,actividades comunitarias; bienestar animal; campaña uso aplicacion; cohesion comunitaria; corresponsabilidad; cultura de paz; desarrollo urbano; espacio publico; hacer comunidad; medio ambiente; mejor en drenaje; movilidad; participacion comunitaria; salud; seguridad; servicios publicos; sin dato; vialidad,0
prioridad_5,Categorica,Diagnósticos comunitarios,Temas identificados en las comunidades como prioridad numero 5,abastecimiento agua; actividades recreativas; bienestar animal; cohesion comunitaria; corresponsabilidad; desarrollo urbano; educacion; entablar dialogo con hospital universitario; espacio publico; medio ambiente; movilidad; participacion; participacion comunitaria; salud; seguridad; servicios publicos; sin dato; vialidad,0
com_no_comunicación,Entero (integer),Diagnósticos comunitarios,No existen opciones de comunicacion mediante las cuales las personas se comunican entre ellas y sus mesas directivas,0 a 9,77.3
nombre_cargo,Categorica,Directorio FIRECOM,Nombre de los puestos del personal de FIRECOM,Coordinador Juridico y de Contratos; Coordinador Operativo; Coordinador de Proyectos; Director Administrativo; Director General y Secretario del Comite Tecnico,0
nombre_funcionario,Categorica,Directorio FIRECOM,Nombre de los funcionarios de FIRECOM,Claudia Elizabeth Perez Guerra; Fernando Hurtado Garcia; Julio Cesar Castaneira Carmona; Ramon Santos Arenas Balandran; Sergio Guevara Davila,0
tipo_vialidad,Categorica,Directorio FIRECOM,Tipo de la vialidad principal del domicilio de FIRECOM,Calle,0
nombre_vialidad,Categorica,Directorio FIRECOM,Nombre de la calle del domicilio de FIRECOM,15 de mayo,0
num_ext,Entero (integer),Directorio FIRECOM,Numero exterior del domicilio de FIRECOM,315 a 315,0
asentamiento,Categorica,Directorio FIRECOM,Nombre de la colonia del domicilio de FIRECOM,Centro,0
localidad,Categorica,Directorio FIRECOM,Nombre del municipio del domicilio de FIRECOM,Monterrey,0
telefono_oficina,Entero (integer),Directorio FIRECOM,Telefono de las oficinas de FIRECOM,8183425892 a 8183425892,0
correo_e,Categorica,Directorio FIRECOM,Correo electronico oficial de FIRECOM,claudia.perez@nuevoleon.gob.mx; fernando.hurtado@nuevoleon.gob.mx; julio.castaneira@nuevoleon.gob.mx; ramon.arenas@nuevoleon.gob.mx; sergio.davila@nuevoleon.gob.mx,0
nombre,Texto libre,Directorio de Centros Comunitarios,Nombre del Centro Comunitario,47 valores unicos,0
municipio,Categorica,Directorio de Centros Comunitarios,Municipio donde esta ubicado el Centro,Allende; Apodaca; Bustamante; Cadereyta; Cerralvo; China; El Carmen; Escobedo; Galeana; General Teran; General Zuazua; Guadalupe; Higueras; Juarez; Linares; Montemorelos; Monterrey; Pesqueria; Sabinas Hidalgo; Salinas Victoria; Santa Catarina; Santiago; Zaragoza,0
calle,Texto libre,Directorio de Centros Comunitarios,Calle donde esta ubicado el Centro,46 valores unicos,0
numero,Categorica,Directorio de Centros Comunitarios,Numero de la direccion donde esta ubicado el Centro,124; 1500; 1601; 2330; 4701; 5101-C; 906; S/N,0
colonia,Texto libre,Directorio de Centros Comunitarios,Colonia donde esta ubicado el Centro,43 valores unicos,0
referencia,Texto libre,Directorio de Centros Comunitarios,Referencia de la direccion,41 valores unicos,0
codigo_postal,Entero (integer),Directorio de Centros Comunitarios,Codigo Postal del Centro,64070 a 67960,0
ubicacion ,Texto libre,Directorio de Centros Comunitarios,Liga a ubicación del Centro en google maps,47 valores unicos,0
nombre,Categorica,Directorio de Centros de Atención Integral para Adolescentes,Nombre del Centro de Atención Integral para Adolescentes (CAIPA),CAIPA Allende; CAIPA Apodaca; CAIPA Apodaca Pueblo Nuevo; CAIPA Cadereyta Jiménez; CAIPA El Carmen; CAIPA Escobedo; CAIPA Estatal; CAIPA Garcia; CAIPA Guadalupe; CAIPA Juarez; CAIPA Montemorelos; CAIPA Monterrey; CAIPA Monterrey Norte; CAIPA Pesqueria 1; CAIPA Pesqueria 2; CAIPA Pesqueria 3; CAIPA Pesqueria 4; CAIPA San Nicolas; CAIPA San Pedro; CAIPA Santa Catarina; CAIPA Zuazua,0
municipio,Categorica,Directorio de Centros de Atención Integral para Adolescentes,Municipio donde esta ubicado el CAIPA,Allende; Apodaca; Cadereyta Jimenez; El Carmen; Garcia; General Escobedo; General Zuazua; Guadalupe; Juarez; Montemorelos; Monterrey; Pesqueria; San Nicolas; San Pedro; Santa Catarina,0
calle,Categorica,Directorio de Centros de Atención Integral para Adolescentes,Calle donde esta ubicado el CAIPA,Av. Arco del Triunfo; Av. Del Rio; Av. Luca; Av. San Francisco; Av. Santa Cruz; Avenida Jose Maria Paras; Avenida Lopez Mateos; Campesina; Carretera a Zuazua; Chile; Cobalto; Fortino Garza Campos; Garza Garcia; Heberto Castillo; Ladron de Guevara; Lic. Alfonso Santos Palomo; Modesto Arreola; Rincon de la Presa; Rio Usumacinta; Salinas Sector San Jorge; Santa Karla; Tordo,0
numero,Categorica,Directorio de Centros de Atención Integral para Adolescentes,Numero de la direccion donde esta ubicado el CAIPA,1014 Ote; 102-104; 1099; 2000; 501; 503; 5133; 597; 999; S/N,0
colonia,Categorica,Directorio de Centros de Atención Integral para Adolescentes,Colonia donde esta ubicado el CAIPA,America Unida; C.R.O.C.; Centro; Colinas de Santa Engracia; Colinas del Aeropuerto; Del Norte; Fraccionamiento Las Alamedas; Geronimo Treviño; Hacienda del Sol; Independencia; Lomas de San Martin; Los Puertos; Moderno Apodaca; Prados 2do. Sector; Pueblo Nuevo; Rincon de las Palmas (CEDECO Las Palmas); San Pedro 400; Santa Cruz 8 Sector; Unidad Deportiva Oriente; Valle de Santa Maria; Villas de San Miguel,0
referencia,Categorica,Directorio de Centros de Atención Integral para Adolescentes,Referencia de la direcciOn,Cruz Carretera a Reynosa; a un lado del polivalente Puertos; con Roma; cruz con Bonelli; cruz con Hacienda Casa Grande Edificio (IPPM) Boulevard; entre  Emilio Carranza y Lopez Mateos; entre Abelardo A. Leal y Candelario Rios; entre Diego de Montemayor y Platón Sanchez; entre San Gabriel y San Francisco; esquina Platino Alcaldia Poniente 2do piso; esquina Rincon del Bosque; esquina con Mariano Arista  (Parque Alamey); esquina con Mutualismo; esquina con calle Hermanos Gutierrez de Lara; sin informacion,0
ubicacion,Categorica,Directorio de Centros de Atención Integral para Adolescentes,Liga a ubicacion del CAIPA en google maps,https://maps.app.goo.gl/1W2tikiqZsAf1hgSA; https://maps.app.goo.gl/9FEr79r3T2m9TA4p8; https://maps.app.goo.gl/9rznwo3YNkvzpT5d9; https://maps.app.goo.gl/DNWo9zoVAL7yB2JH6; https://maps.app.goo.gl/Ggr4fas5eHi6c28K6; https://maps.app.goo.gl/L82tTvGPhis1abGx6; https://maps.app.goo.gl/MvwcuQtFD549y1mK6; https://maps.app.goo.gl/TijQWtbzALmRFwix9; https://maps.app.goo.gl/U8QaAW53hDEBhaeF6; https://maps.app.goo.gl/USxb8VYejQLUiGXn6; https://maps.app.goo.gl/YqWEcrobkbyxu7SBA; https://maps.app.goo.gl/Yup9BVnXhfpHZiuu8; https://maps.app.goo.gl/b87qiNHJfG2SZeeP9; https://maps.app.goo.gl/dmqTG5Dv97RqiMXm7; https://maps.app.goo.gl/ehjmAkktW3SeyqBi6; https://maps.app.goo.gl/ky9KChwUzA5xdPkc6; https://maps.app.goo.gl/nVqWmqavCH56zG4s5; https://maps.app.goo.gl/ogbt1ymJNe6BUW8c8; https://maps.app.goo.gl/oz8V4vJC4whPsSwK6; https://maps.app.goo.gl/r613LybjpJETvem47; https://maps.app.goo.gl/rvBczK3teEAv7K4j8; https://maps.app.goo.gl/u29UfgGCG5BzpXxv6,0
parque,Categorica,Directorio de Parques de Nuevo León,Parque turistico estatal administrado por la Operadora de Servicios Turisticos de Nuevo Leon,Cola de caballo; El Salto; Grutas Bustamante; Grutas Garcia; Mirador Asta Bandera,28.6
municipio,Categorica,Directorio de Parques de Nuevo León,Municipio en el cual se encuentra el parque estatal,Bustamante; Garcia; General Zaragoza; Monterrey; Santiago,28.6
latitud,Numerica (decimal),Directorio de Parques de Nuevo León,Coordenadas geograficas de latitud que representan la ubicacion del parque turistico,23.95 a 26.51,28.6
longitud,Numerica (decimal),Directorio de Parques de Nuevo León,Coordenadas geograficas de longitud que representan la ubicacion del parque turistico,-100.5 a -99.77,28.6
horarios,Categorica,Directorio de Parques de Nuevo León,Dias y horarios habilitados para visitantes,Lunes a Domingo de 8:00 am a 9:30 pm; Lunes a Domingo de 9:00am a 6:00pm; Lunes a Sabado de 8:00am a 8:00pm; Domingo de 8:00am a 6:00pm; Martes a Domingo de 9:00 am a 5:00 pm; Horario de Taquilla: De Martes a Domingo de 9:00 am a 4:30pm; Temporada Vacacional de Semana Santa y Semana de Pascua: De Lunes a Domingo de 9:00am a 5:00pm; Martes a Domingo de 9:00am a 5:00pm; Horario de dias festivos o temporada vacacional: Lunes a Domingo de 9:00 am a 5:00 pm,28.6
tipo_visitante,Categorica,Directorio de Parques de Nuevo León,Descripción de la poblacion que visita el parqu,"Local, nacional y extranjero",28.6
tarifa,Categorica,Directorio de Parques de Nuevo León,Tarifa del parque expresadas en pesos mexicanos,"Adulto Teleferico: 190; Menor Teleferico (4-10 anos): 140; Adulto Mayor Teleferico: 140; Prepago Teleferico (precio de grupo a partir de 20 personas): 140; Adulto vereda: 50; Menor Vereda (4-10 anos): 40; Prepago vereda (precio de grupo a partir de 20 personas): 40; Adulto: 50; Adulto Mayor: 30; Menor (4-10 anos de edad): 30; Prepago (precio de grupo a partir de 20 personas): 40.; Adulto: 50; Adulto Mayor: 30; Menor (4-10 anos de edad): 30; Prepago (precio de grupo a partir de 20 personas): 40; Estacionamiento: 30; ENTRADAS: a) Adulto: 40; b) Nino: 15; c) Tercera edad: 15; RENTA DE CABAnAS: a) 2 personas: 1,000 por noche; b) 4 personas: 1,750 por noche; c) 6 personas: 2,500 por noche; Modulo para 2 personas: 700 por noche; RENTA DE CABANAS EN SEMANA SANTA Y SEMANA DE PASCUA: a) 2 personas: 1,100 por noche; b) 4 personas: 2,200 por noche; c) 6 personas: 3,300 por noche; Modulo para 2 personas: 900 por noche; OTROS SERVICIOS: a) Persona extra en cabana: 220; b) Acampar: 135 por Auto (maximo 5 personas); c) Estacionamiento: 20; d) Regaderas: 10; Entrada gratuita. Estacionamiento: 40",28.6
capacidad,Entero (integer),Directorio de Parques de Nuevo León,Cantidad de aforo del parque,1000 a 3000,28.6
CCT,Texto libre,Directorio de Planteles CECyTENL,clave de centro de trabajo,34 valores unicos,0
primer_semestre,Entero (integer),Directorio de Planteles CECyTENL,Semestre al que pertenece,10 a 628,0
tercer_semestre,Entero (integer),Directorio de Planteles CECyTENL,Semestre al que pertenece,5 a 498,0
quinto_semestre,Entero (integer),Directorio de Planteles CECyTENL,Semestre al que pertenece,7 a 470,0
matricula,Entero (integer),Directorio de Planteles CECyTENL,Es el número total de estudiantes inscritos oficialmente en el CECyTENL,22 a 1596,0
horario_matutino,Categorica,Directorio de Planteles CECyTENL,Horario escolar que se desarrolla en la mañana,11:45 a 17:45; 7:00 a 12:55; 7:00 a 13:00; 7:00 a 13:10; 7:00 a 15:00; 7:10 a 13:20; 7:30 a 13:10; 7:30 a 14:30; 7:30 a 15:30; 7:50 a 13:10; 7:50 a 14:00; 8:00 a 12:20; no tiene turno matutino,0
horario_vespertino,Categorica,Directorio de Planteles CECyTENL,Horario escolar que se desarrolla en la tarde,11:00 a 19:00; 11:10 a 19:10; 12:00 a 20:00; 12:30 a 20:30; 13:00 a 18:35; 13:00 a 19:10; 13:00 a 21:00; 13:10 a 19:20; 13:10 a 19:30; 13:20 a 18:40; 13:20 a 19:20; 13:20 a 19:30; 13:30 a 18:00; 13:30 a 19:30; 13:30 a 19:40; no tiene turno vespertino,0
nombre_plantel,Texto libre,Directorio de Planteles CECyTENL,El nombre de plantel es el nombre oficial de la institución educativa a la que pertenece el estudiante,34 valores unicos,0
domicilio,Texto libre,Directorio de Planteles CECyTENL,Dirección donde se localiza el plantel educativo,34 valores unicos,0
municipio,Texto libre,Directorio de Planteles CECyTENL,División territorial y administrativa de un estado,34 valores unicos,0
carreras,Categorica,Directorio de Planteles CECyTENL,Programa de estudios que una persona cursa en la institucion,"contabilidad, logistica y ofimatica; electricidad y programacion; electromecanica, logistica, mantenimiento automotriz, mantenimiento de sistemas automaticos, mecatronica y programacion; electromecanica, ofimatica y procesos de gestion administrativa; electromecanica, procesos de gestion administrativa, produccion industrial y produccion industrial de alimentos; electronica, procesos de gestion administrativa y programacion; electronica, procesos de gestion administrativa, electromecanica y produccion industrial de alimentos; electronica,logistica, mecatronica, procesos de gestion administrativa y programacion; fundicion de metales y acabados industriales, mantenimiento industrial, mecatronica y ventas; instrumentacion industrial, mantenimiento industrial, ofimatica y procesos de gestion administrativa; logistica, mantenimiento industrial, electricidad y procesos de gestion administrativa; logistica, mantenimiento industrial, mecatronica, programacion, servicios de hoteleria, transformacion de plasticos; logistica, transformacion de plasticos y maquinas y herramientas; logistica,mantenimiento industrial y proceso de gestion administrativa; mantenimiento industrial, mecatronica, electromecanica  y procesos de gestion administrativa; mecatronica y logistica; procesos de gestion administrativa y programacion; tecnologias de la informacion y la comunicacion; tecnologias de la informacion y la comunicacion y electricidad residencial y soldadura; tecnologias de la informacion y la comunicacion y soporte tecnico",0
PISO,Categorica,Directorio de Trámites y Servicios en Pabellón Ciudadano,Piso del area y Unidad Administrativa,PISO 2; PISO 3; PLANTA BAJA; SOTANO,9.3
HOMOCLAVE,Texto libre,Directorio de Trámites y Servicios en Pabellón Ciudadano,Sin descripcion,130 valores unicos,9.3
ORIENTACION,Categorica,Directorio de Trámites y Servicios en Pabellón Ciudadano,Posicion respecto al punto cardinal,CENTRO; LADO ORIENTE; LADO PONIENTE,9.3
DEPENDENCIA_ENTIDAD,Categorica,Directorio de Trámites y Servicios en Pabellón Ciudadano,Secretaria a la que pertenece el tramite,INSTITUTO DE CONTROL VEHICULAR; INSTITUTO REGISTRAL Y CATASTRAL; SECRETARIA DE FINANZAS Y TESORERIA DEL ESTADO DE NUEVO LEON; SECRETARIA DE IGUALDAD E INCLUSION; SECRETARIA DE MEDIO AMBIENTE; SECRETARIA DE MOVILIDAD Y PLANEACION URBANA; SECRETARIA DE PARTICIPACION CIUDADANA; SECRETARIA DE SEGURIDAD; SECRETARIA DE TURISMO; SECRETARIA DEL TRABAJO; SECRETARIA GENERAL DE GOBIERNO,9.3
UNIDAD_ADMINISTRATIVA,Categorica,Directorio de Trámites y Servicios en Pabellón Ciudadano,Area de la dependencia a la que pertenece el tramite,070 ATENCION AL CIUDADANO; AGENCIA DE ADMINISTRACION PENITENCIARIA; CODETUR; DIRECCION DE CATASTRO; DIRECCION DE INFORMACION; DIRECCION DE PROTECCION SOCIAL Y DESARROLLO; DIRECCION DE REGISTRO PUBLICO; DIRECCION GENERAL DE REGISTRO CIVIL; DIRECCION GENERAL DE SERVICIOS AL CONTRIBUYENTE; INSTITUTO DE CONTROL VEHICULAR; INSTITUTO REGISTRAL Y CATASTRAL; SECRETARIA DE MEDIO AMBIENTE; SECRETARIA DE MOVILIDAD Y PLANEACION URBANA; SECRETARIA DEL TRABAJO; UNIDAD DE LEGALIZACIONES,9.3
TITULAR,Categorica,Directorio de Trámites y Servicios en Pabellón Ciudadano,Servidor publico encargado del servicio,C. ABELARDO GARCIA GONZALEZ; C. BEATRIZ AMPARO LIZAMAMARTINEZ; C. HECTOR ARMANDO GARZA LOPEZ; C. JAVIER JORGE HERNANDEZ DUEÑAS; C. JOSE LUIS MENDEZ MONGE; C. JOSEMARIA URRUTIA GARCIA; C. JUAN PAULO GUADALUPE PUENTE LEMUS; C. LUIS LAURO FLORES SAMPOGNA; C. MAHONRI ENOC HITA HERNANDEZ; C. OSCAR GARZA GONZALEZ; C. WERNER HEINZE AMADOR; C. YADIRA INES GERARDO; C.MARICARMEN MARTINEZ VILLAREAL; LIC.CESAR DANIEL RAMIREZ ACEVEDO; MARIA GUADALUPE BARRAGAN COTA; SANJUANA DEYANIRA FLORES RODRIGUEZ,9.3
TELEFONO,Entero (integer),Directorio de Trámites y Servicios en Pabellón Ciudadano,Contacto del area,8120200356 a 8120338483,9.3
CORREO,Categorica,Directorio de Trámites y Servicios en Pabellón Ciudadano,Correo de contacto del area,S/C; abelardo.garcia@nuevoleon.gob.mx; constanciaspenalesnl@nuevoleon.gob.mx; deyanira.flores@nuevoleon.gob.mx; direccion.general@ircnl.gob.mx; egobierno@nuevoleon.gob.mx; hector.garza@ircnl.gob.mx; javier.hernandez@ircnl.gob.mx; luis.mendez@nuevoleon.gob.mx; luisl.flores@nuevoleon.gob.mx; maria.barragan@nuevoleon.gob.mx; mhita@icvnl.gob.mx; oscar.garcia@nuevolon.gob.mx; werner.heinze@nuevoleom.gob.mx; yadira.gerardo@nuevoleon.gob.mx,9.9
DIA_DE_ATENCION,Categorica,Directorio de Trámites y Servicios en Pabellón Ciudadano,Sin descripcion,"7 DIAS ALA SEMANA; LUNES A VIERNES; SABADO, DOMINGO Y FESTIVOS",9.3
HORA_DE_APERTURA,Categorica,Directorio de Trámites y Servicios en Pabellón Ciudadano,Sin descripcion,07:00; 08:00; 08:30; 09:00; 24:00:00; 24:00HRS,9.3
HORA_DE_CIERRE,Categorica,Directorio de Trámites y Servicios en Pabellón Ciudadano,Sin descripcion,13:00; 14:00; 15:00; 16:00; 16:30; 17:00; 24:00:00; 24:00HRS,9.3
TRAMITES,Texto libre,Directorio de Trámites y Servicios en Pabellón Ciudadano,Nombre del tramite o servicio ofrecido,155 valores unicos,9.3
OBSERVACIONES ,Categorica,Directorio de Trámites y Servicios en Pabellón Ciudadano,Sin descripcion,ATRAVES DEL PORTAL ACCESO NL; PARA RECEPCION DE DOCUMENTOS 8:30 A 15:30; SABADOS 07:00 A 14:00; SIN ATENCION AL CIUDADANO; TRAMITE VIRTUAL,54.1
ATENCION_A_PERSONAS_CON_DISCAPACIDAD,Categorica,Directorio de Trámites y Servicios en Pabellón Ciudadano,Sin descripcion,SI; SIN ATENCION AL CIUDADANO,9.3
FECHA_ACTUALIZACION,Tiempo (fecha/hora),Directorio de Trámites y Servicios en Pabellón Ciudadano,Sin descripcion,2026-06-03 00:00:00 a 2026-06-03 00:00:00,9.3
Nombre_Dependencia,Categorica,Directorio de colaboradores de conciliación,Nombre oficial de la dependencia o entidad pública a la que pertenece el servidor público registrado.,JUNTA LOCAL DE CONCILIACION Y ARBITRAJE,0
Nombre,Texto libre,Directorio de colaboradores de conciliación,Nombre(s) del servidor público conforme a identificación oficial.,217 valores unicos,0
Apellido_Paterno,Texto libre,Directorio de colaboradores de conciliación,Primer apellido del servidor público.,148 valores unicos,0
Apellido_Materno,Texto libre,Directorio de colaboradores de conciliación,Segundo apellido del servidor público.,151 valores unicos,0
Tipo_Sexo,Categorica,Directorio de colaboradores de conciliación,Sexo del servidor público conforme a registro administrativo.,Femenino; Masculino,0
Puesto,Categorica,Directorio de colaboradores de conciliación,Denominación oficial del puesto conforme al tabulador vigente.,"ACTUARIO (A); ANALISTA; ANALISTA ADMINISTRATIVO (A); ANALISTA DE SOPORTE TECNICO; ANALISTA JURIDICO (A); ASISTENTE ADMINISTRATIVO (A); ASISTENTE DE MANTENIMIENTO; AUXILIAR ADMINISTRATIVO (A); AUXILIAR DE JUNTA ESPECIAL; AUXILIAR DE MANTENIMIENTO; AUXILIAR DE PRESIDENTE (A); AUXILIAR GENERAL; COORDINADOR (A) DE ACTUARIOS (AS); ENLACE DE CONTROL; JEFE (A) DE INFRESTRUCTURA Y MANTENIMIENTO; JEFE (A) DE RECURSOS HUMANOS; JEFE (A) DE TELECOMUNICACIONES; MENSAJERO (A); PERITO (A); PERITO (A) CALIGRAFO (A) DACTILOSCOPICO (A); PRESIDENTE (A) DE JUNTA ESPECIAL; PRESIDENTE DE LA JUNTA LOCAL DE CONCILIACION Y ARBITRAJE; REPRESENTANTE OBRERO; REPRESENTANTE PATRONAL; SECRETARIO (A) AUXILIAR DEL PRESIDENTE (A); SECRETARIO (A) DE JUNTA ESPECIAL; SECRETARIO (A) DE PRESIDENTE (A) DE JUNTA ESPECIAL; SECRETARIO (A) GENERAL ""A""; SECRETARIO (A) GENERAL ""C""; SECRETARIO (A) MECANOGRAFO (A)",0
Departamento_adscrito,Categorica,Directorio de colaboradores de conciliación,Unidad administrativa o área de adscripción del servidor público.,COORDINACION DE ACTUARIOS; DICTAMINADORES; DIRECCION DE AMPAROS; INFORMATICA; JUNTA ESPECIAL NUMERO CATORCE; JUNTA ESPECIAL NUMERO CINCO; JUNTA ESPECIAL NUMERO CUATRO; JUNTA ESPECIAL NUMERO DIEZ; JUNTA ESPECIAL NUMERO DOCE; JUNTA ESPECIAL NUMERO DOS; JUNTA ESPECIAL NUMERO NUEVE; JUNTA ESPECIAL NUMERO OCHO; JUNTA ESPECIAL NUMERO ONCE; JUNTA ESPECIAL NUMERO QUINCE; JUNTA ESPECIAL NUMERO SEIS; JUNTA ESPECIAL NUMERO SIETE; JUNTA ESPECIAL NUMERO TRECE; JUNTA ESPECIAL NUMERO TRES; JUNTA ESPECIAL NUMERO UNO; PERITOS; PRESIDENCIA; SECRETARIA GENERAL A; SECRETARIA GENERAL B; SECRETARIA GENERAL C,0
Extension_telefonica,Entero (integer),Directorio de colaboradores de conciliación,Número de extensión telefónica institucional asignada al servidor público.,8120202602 a 8211606723,0
Correo_Institucional,Categorica,Directorio de colaboradores de conciliación,Cuenta de correo electrónico institucional asignada al servidor público.,stjunta@nuevoleon.gob.mx,0
nombre_programa,Categorica,ESCRITURAS ENTREGADAS,"Denominacion oficial del programa publico al que pertenece el beneficio otorgado:
ESCRITURAS ENTREGADAS: Formaliza y entrega a la persona beneficiaria el documento legal que acredita la propiedad de su patrimonio.",ESCRITURAS,0
tipo_accion,Categorica,ESCRITURAS ENTREGADAS,"Clasificacion especifica de la accion realizada dentro del programa de asignaciones:

LOTES ASIGNADOS: Otorga a una persona beneficiaria el derecho a ocupar y adquirir un terreno destinado a vivienda social.",ESCRITURAS ENTREGADAS,0
periodo_alta,Entero (integer),ESCRITURAS ENTREGADAS,Periodo en que la persona fue incorporada oficialmente al programa,2021 a 2026,0
municipio,Texto libre,ESCRITURAS ENTREGADAS,Municipio donde se realizo la accion del programa,32 valores unicos,0
total_beneficiarios,Entero (integer),ESCRITURAS ENTREGADAS,Total de personas beneficiarias del programa,1 a 521,0
genero_femenino,Entero (integer),ESCRITURAS ENTREGADAS,Numero de personas beneficiarias de genero femenino,0 a 196,0
genero_masculino,Entero (integer),ESCRITURAS ENTREGADAS,Numero de personas beneficiarias de genero masculino,0 a 325,0
edad_18_a_29,Entero (integer),ESCRITURAS ENTREGADAS,Numero de personas beneficiarias pertenecientes al grupo etario juventud,0 a 24,0
edad_30_a_59,Entero (integer),ESCRITURAS ENTREGADAS,Numero de personas beneficiarias pertenecientes al grupo etario adultez,0 a 285,0
edad_60_y_mas,Entero (integer),ESCRITURAS ENTREGADAS,Numero de personas beneficiarias pertenecientes al grupo etario vejez,0 a 253,0
tipo_apoyo,Categorica,ESCRITURAS ENTREGADAS,"Modalidad del apoyo otorgado, se refiere a la entrega directa de bienes o servicios a una persona beneficiaria, sin otorgar dinero.",ESPECIE,0
periodicidad,Categorica,ESCRITURAS ENTREGADAS,"Frecuencia con la que se entrega el apoyo, se refiere al beneficio que se otorga en una sola ocasion sin caracter periodico ni recurrente.",UNICO,0
PERIODO,Entero (integer),Espacios participativos en el Gobierno del Estado de Nuevo León,PERIODO EN QUE SE REPORTAN LOS ESPACIOS PARTICIPATIVOS DE LAS DEPENDENCIAS AL INEGI,2021 a 2023,39.4
TIPO_INSTITUCION,Categorica,Espacios participativos en el Gobierno del Estado de Nuevo León,TIPO DE DEPENDENCIA O ENTIDAD SEGUN SU NATURALEZA JURIDICA,DEPENDENCIAS CENTRALES; Dependencia central; FIDEICOMISOS; Fideicomiso; ORGANISMOS DESCENTRALIZADOS; ORGANISMOS DESCENTRALIZADOS DE PARTICIPACION CIUDADANA; Organismo descentralizado; Organismo descentralizado de participacion ciudadana; Organismos descentralizados de participación ciudadana; Unidad administrativa,39.4
DEPENDENCIA,Categorica,Espacios participativos en el Gobierno del Estado de Nuevo León,Sin descripcion,Amar A Nuevo Leon; Colegio De Educacion Profesional Tecnica Del Estado De Nuevo Leon; Consejo Para La Cultura Y Las Artes De Nuevo Leon; Contraloria Y Transparencia Gubernamental Del Estado De Nuevo Leon; Contraloria y Transparencia; Corporacion Para El Desarrollo De La Zona Fronteriza De Nuevo Leon; Corporacion Para El Desarrollo Turistico De Nuevo Leon; Fideicomiso Festival Internacional Santa Lucia; Fideicomiso Fomento Metropolitano De Monterrey; Fideicomiso Fondo De Apoyo Para La Creacion Y Consolidacion Del Empleo Productivo En El Estado De Nuevo Leon (Focrece); Fideicomiso Turismo Nuevo Leon; Fideicomiso Zaragoza; Instituto De Control Vehicular Del Estado De Nuevo Leon; Instituto De Innovacion Y Transferencia De Tecnologia De Nuevo Leon (I2T2); Instituto De Investigacion Innovacion Y Estudios De Posgrado Para La Educacion Del Estado De Nuevo Leon; Instituto De La Vivienda De Nuevo Leon; Instituto De Movilidad Y Accesibilidad; Instituto Estatal De La Juventud; Instituto Estatal De Las Mujeres; Instituto Estatal De Las Personas Adultas Mayores; Instituto Estatal De Seguridad Publica; Instituto Estatal de Personas Adultas Mayores; Instituto Estatal de la Juventud; Instituto Estatal de las Mujeres; Instituto Registral Y Catastral Del Estado De Nuevo Leon; Museo De Historia Mexicana; Oficina Ejecutiva Del Gobernador; Parque Fundidora; Parques Y Vida Silvestre De Nuevo Leon; Secretaria De Administracion (+30 mas),85
GABINETE,Categorica,Espacios participativos en el Gobierno del Estado de Nuevo León,CLASIFICACION DEL GABINETE AL QUE PERTENECE LA DEPENDENCIA,GABINETE DE BUEN GOBIERNO; GABINETE DE GENERACION DE RIQUEZA SOSTENIBLE; GABINETE DE IGUALDAD PARA TODAS LAS PERSONAS; Gabinete de Buen Gobierno; Gabinete de Generacion de Riqueza Sostenible; Gabinete de Generación de Riqueza Sostenible; Gabinete de Igualdad para Todas Las Personas; NO APLICA; No aplica,39.4
NOM_ESPACIO_PARTICIPACION,Texto libre,Espacios participativos en el Gobierno del Estado de Nuevo León,Sin descripcion,409 valores unicos,85
CANAL_PARTICIPATIVO,Categorica,Espacios participativos en el Gobierno del Estado de Nuevo León,Sin descripcion,Consulta a pueblo indigena; Consulta ciudadana; Ejercicios participativos; Organo; Otro tipo de canal participativo (especifique); Proceso participativo,85
TEMA,Categorica,Espacios participativos en el Gobierno del Estado de Nuevo León,"TEMAS GENERICOS EN LOS QUE SE ABRIERON ESPACIOS PARA LA PARTICIPACION CIUDADANA, EN ESTE CASO, AL INTERIOR DE LA ADMINISTRACION PUBLICA DE LA ENTIDAD FEDERATIVA. 

PARA EFECTOS DEL CENSO SE CONSIDERAN  43 VARIABLES, 41 SON TEMAS EN ESPECIFICO, EL RESTO ES OTRO TEMA Y NO IDENTIFICADO. 

EN EL VALOR OTRO TEMA, EL PRESENTE CATALOGO PRESENTA LOS TEMAS QUE SE REPORTARON Y ESTOS SON VERIFICACION DE LA PRESTACION DE SERVICIOS MEDICOS POR LAS UNIDADES MEDICAS MOVILES, INCLUYENDO SALUD, TRANSPARENCIA, PROTECCION Y SEGURIDAD SOCIAL, APOYO DE SUBSIDIO PARA TRATAMIENTO EN ADICCIONES, FOMENTO A LAS ORGANIZACIONES DE LA SOCIEDAD CIVIL, PREVENCION SOCIAL DE LA VIOLENCIA Y LA DELINCUENCIA, COMUNICACION Y DIFUSION  Y ORGANIZACION","ACCESO A LA INFORMACION PUBLICA Y PROTECCION DE DATOS PERSONALES (TRANSPARENCIA); ADMINISTRACION Y GESTION INTERNA; AGRICULTURA Y DESARROLLO RURAL; APOYO DE SUBSIDIO PARA TRATAMIENTO EN ADICCIONES; ARTE, CULTURA Y OTRAS MANIFESTACIONES SOCIALES; ASUNTOS ELECTORALES Y PARTICIPACION CIUDADANA; ASUNTOS INDIGENAS; ATENCION A GRUPOS SOCIALES EN SITUACION DE VULNERABILIDAD (SIN INCLUIR PERSONAS ADULTAS MAYORES; NINAS, NINOS Y PERSONAS ADOLESCENTES; Y JUVENTUD); ATENCION A VICTIMAS; Administracion y gestion interna; Agricultura y desarrollo rural; Arte, cultura y otras manifestaciones sociales; Asuntos electorales y Participacion ciudadana; Asuntos financieros y hacendarios; Atencion a grupos sociales en situacion de vulnerabilidad (sin incluir personas adultas mayores; ninas, ninos y adolescentes; y juventud); Atencion a victimas; BUSQUEDA DE PERSONAS; CIENCIA, TECNOLOGIA E INNOVACION; COMBATE A LA CORRUPCION/ FORTALECIMIENTO DE LA RENDICION DE CUENTAS; COMBUSTIBLES Y ENERGIA; COMUNICACION Y DIFUSION; CULTURA FISICA Y/ O DEPORTE; Ciencia, Tecnologia e innovacion; Combate a la corrupcion; Cultura fisica y/o deporte; DERECHOS HUMANOS; DESARROLLO AGRARIO, TERRITORIAL, URBANO Y VIVIENDA; DESARROLLO INTEGRAL DE LA FAMILIA; DESARROLLO SOCIAL; Derechos humanos (+50 mas)",39.4
MODALIDAD_INTERACCION,Categorica,Espacios participativos en el Gobierno del Estado de Nuevo León,MODALIDAD DE INTERACCION ENTRE LAS PERSONAS PARTICIPANTES Y LA DEPENDENCIA EN EL ESPACIO PARTICIPATIVO,DIGITAL; Digital; MIXTA; Mixta; PRESENCIAL; Presencial,39.4
TEMPORALIDAD,Categorica,Espacios participativos en el Gobierno del Estado de Nuevo León,PERIODO Y FRECUENCIA DE ACTIVACION Y EJERCICIO DEL ESPACIO PARTICIPATIVO,COYUNTURAL; Coyuntural; NO IDENTIFICADO; No identificado; PERMANENTE; Permanente,39.4
NI_CONSULTA,Entero (integer),Espacios participativos en el Gobierno del Estado de Nuevo León,Sin descripcion,0 a 1,88.7
NI_DIALOGO,Entero (integer),Espacios participativos en el Gobierno del Estado de Nuevo León,Sin descripcion,0 a 1,88.7
NI_DELIBERACION,Entero (integer),Espacios participativos en el Gobierno del Estado de Nuevo León,Sin descripcion,0 a 1,88.7
NI_COGESTION,Entero (integer),Espacios participativos en el Gobierno del Estado de Nuevo León,Sin descripcion,0 a 1,88.7
NI_VIGILANCIA,Entero (integer),Espacios participativos en el Gobierno del Estado de Nuevo León,Sin descripcion,0 a 1,88.7
NI_OTRO,Entero (integer),Espacios participativos en el Gobierno del Estado de Nuevo León,Sin descripcion,0 a 1,88.7
NI_NOIDENTIFICADO,Entero (integer),Espacios participativos en el Gobierno del Estado de Nuevo León,Sin descripcion,0 a 1,88.7
TP_CIUDADANIA,Entero (integer),Espacios participativos en el Gobierno del Estado de Nuevo León,Sin descripcion,0 a 1,85
TP_ACADEMIA,Entero (integer),Espacios participativos en el Gobierno del Estado de Nuevo León,Sin descripcion,0 a 1,85
TP_COMITE_ESTUDIANTIL,Entero (integer),Espacios participativos en el Gobierno del Estado de Nuevo León,Sin descripcion,0 a 1,88.7
TP_OSC,Entero (integer),Espacios participativos en el Gobierno del Estado de Nuevo León,Sin descripcion,0 a 1,85
TP_EXPERTAS_LIDERES_OPINION,Entero (integer),Espacios participativos en el Gobierno del Estado de Nuevo León,Sin descripcion,0 a 1,85
TP_COMUNIDADES_INDIGENAS,Entero (integer),Espacios participativos en el Gobierno del Estado de Nuevo León,Sin descripcion,0 a 1,85
TP_ORGEMPRESARIALES,Entero (integer),Espacios participativos en el Gobierno del Estado de Nuevo León,Sin descripcion,0 a 1,85
TP_COLECTIVOS,Entero (integer),Espacios participativos en el Gobierno del Estado de Nuevo León,Sin descripcion,0 a 1,85
TP_SERVIDORAS_PUBLICAS,Entero (integer),Espacios participativos en el Gobierno del Estado de Nuevo León,Sin descripcion,0 a 1,85
TP_OTRO,Entero (integer),Espacios participativos en el Gobierno del Estado de Nuevo León,Sin descripcion,0 a 1,85
TP_NOIDENTIFICADO,Entero (integer),Espacios participativos en el Gobierno del Estado de Nuevo León,Sin descripcion,0 a 1,85
PA_ABIERTO,Entero (integer),Espacios participativos en el Gobierno del Estado de Nuevo León,Sin descripcion,0 a 0,88.7
PA_ELECCION,Entero (integer),Espacios participativos en el Gobierno del Estado de Nuevo León,Sin descripcion,0 a 1,88.7
PA_SELECCION,Entero (integer),Espacios participativos en el Gobierno del Estado de Nuevo León,Sin descripcion,0 a 1,88.7
PA_INVITACION,Entero (integer),Espacios participativos en el Gobierno del Estado de Nuevo León,Sin descripcion,0 a 1,88.7
PA_OTRO,Entero (integer),Espacios participativos en el Gobierno del Estado de Nuevo León,Sin descripcion,0 a 1,88.7
PA_NOIDENTIFICADO,Entero (integer),Espacios participativos en el Gobierno del Estado de Nuevo León,Sin descripcion,0 a 1,88.7
Unnamed: 0,Vacia / sin datos,Espacios participativos en el Gobierno del Estado de Nuevo León,Sin descripcion,,100
"CENSO NACIONAL DE GOBIERNOS
ESTATALES 2023",Categorica,Espacios participativos en el Gobierno del Estado de Nuevo León,Sin descripcion,"CNGE 2023; Canales participativos; Entidad:; Glosario; Informante básico; Informante complementario 1; Informante complementario 2; Módulo 1.
Administración Pública de la entidad federativa; Nivel de incidencia; Nuevo León; Participación ciudadana; Participantes; Sección VI. Participación ciudadana; Temas",99.5
Unnamed: 2,Categorica,Espacios participativos en el Gobierno del Estado de Nuevo León,Sin descripcion,"Academicos se refiere a las personas pertenecientes a las instituciones de educacion superior, los centros de investigacion y los colegios de profesionales, que son reconocidos para la emision de opiniones y consultas especializadas en una materia; Agricultura y desarrollo rural se refiere a aquel que tiene como objetivo promover las actividades agropecuarias, asi como la silvicultura, acuacultura, pesca, caza e hidroagricultura; Arte, cultura y otras manifestaciones sociales se refiere a aquel que tiene como objetivo promover actividades culturales y artisticas entre la poblacion, asi como otras actividades relacionadas con las manifestaciones de la sociedad; Asuntos financieros y hacendarios se refiere a aquel que tiene como objetivo administrar la hacienda publica, la contabilidad de los ingresos y egresos, asi como de la integracion de los proyectos presupuestarios establecidos en los ordenamientos legales aplicables; Asuntos indigenas se refiere a aquel que tiene como objetivo coadyuvar al desarrollo de los pueblos indigenas y mejorar las condiciones de vida de estos, de acuerdo con los ordenamientos legales aplicables; Asuntos juridicos se refiere a aquel asociado a la orientacion, asistencia, publicacion oficial y coordinacion de los asuntos juridicos competencia del Ejecutivo federal, estatal o municipal, segun corresponda dando certeza juridica a todos los actos de gobierno y corroborando que los mismos se encuentren sustentados en los ordenamientos legales aplicables; Atencion a victimas se refiere a aquel enfocado en impulsar politicas, estrategias y acciones para la proteccion, ayuda, asistencia o reparacion integral de las victimas; Busqueda de personas se refiere a aquel que tiene como objetivo la busqueda de personas desaparecidas y no localizadas, el esclarecimiento de los hechos, y la prevencion, investigacion, sancion y erradicacion de los delitos en materia de desaparicion forzada de personas y desaparicion cometida por particulares; Ciencia, tecnologia e innovacion se refiere a aquel que tiene como objetivo promover la innovacion, la investigacion cientifica, el desarrollo tecnologico, asi como los servicios cientificos y tecnologicos en general; Ciudadanos se refiere a las mujeres y hombres que, teniendo la calidad de mexicanos, reunan los requisitos de haber cumplido 18 años y tengan un modo honesto de vivir; Cogestion se refiere al nivel en el que las autoridades publicas y las personas participantes se involucran de manera conjunta en la implementacion de las politicas, programas y proyectos publicos; Colectivos o grupos no constituidos se refiere a los grupos de personas que comparten un objetivo comun y que no estan formalizados ante notario publico; Combustibles y energia se refiere a aquel que tiene como objetivo implementar acciones encaminadas a la explotacion, transmision, distribucion, comercializacion y/o suministro de hidrocarburos petroleo y gas natural, combustibles nucleares, electricidad, energia no electrica, carbon y otros combustibles; Comites estudiantiles se refiere a los organos representativos de los estudiantes de una institucion educativa de nivel superior o centro de estudios que se constituyen para la defensa de sus intereses; Comunicaciones y transportes se refiere a aquel que tiene como objetivo satisfacer las necesidades de comunicacion asi como planear y conducir el desarrollo integral de los servicios de transporte por carretera, por agua y puertos, por ferrocarril, por via aerea y demas vias de comunicacion relacionadas Dentro de esta categoria debe considerar aquellos temas relacionados a la construccion de obra publica en esos rubros; Comunidades indigenas se refiere al grupo de personas indigenas que forman una unidad social, economica y cultural, asentada en un territorio y que reconocen autoridades propias de acuerdo con sus usos y costumbres; Consulta a pueblo indigena se refiere al mecanismo que permite la libre participacion de los pueblos indigenas, a traves de sus instituciones representativas, en todos los niveles de la formulacion, implementacion y evaluacion de las medidas y programas que incidan en sus derechos y en su desarrollo; Consulta ciudadana se refiere al mecanismo de democracia directa a traves del cual las autoridades someten a consideracion de la ciudadania, por medio de preguntas directas, foros o algun otro instrumento de consulta, cualquier tema que tenga impacto trascendental en los distintos ambitos tematicos, sectoriales y territoriales; Consulta se refiere al nivel en donde las personas participantes opinan o plantean propuestas sobre temas o problemas a partir de preguntas formuladas por las autoridades publicas; Cultura fisica y/o deporte se refiere a aquel que tiene como objetivo promover las actividades deportivas, asi como el cuidado, la construccion y preservacion de espacios de esparcimiento, deporte y recreacion; Deliberacion se refiere al nivel en el que las autoridades publicas y las personas participantes debaten en forma colectiva para mejorar la adopcion de una decision determinada; Desarrollo agrario, territorial, urbano y vivienda se refiere a aquel que tiene como objetivo dar cumplimiento a las disposiciones legales en materia de ordenamiento agrario, territorial, urbanizacion, desarrollo comunitario, desarrollo regional y vivienda; Desarrollo social se refiere a aquel que tiene como objetivo fortalecer el bienestar, el desarrollo, la inclusion y la cohesion social mediante la instrumentacion, coordinacion, supervision y seguimiento de las politicas publicas en materia de combate efectivo a la pobreza atencion especifica de las necesidades de los sectores sociales mas desprotegidos asi como la atencion a los derechos de la niñez, de la juventud, de los adultos mayores y de las personas con discapacidad, entre otros grupos de poblacion en situacion de vulnerabilidad Dentro de esta categoria deben excluirse aquellos orientados exclusivamente a los temas de asuntos indigenas, economia, educacion, salud, trabajo, y proteccion y seguridad social; Despacho del ejecutivo se refiere a aquel relacionado con la institucion que tiene como objetivo apoyar directamente al titular del Poder Ejecutivo en sus tareas y en el seguimiento permanente de las politicas publica, como es la Oficina de la Presidencia de la Republica o las oficinas del despacho del ejecutivo de las entidades federativas y de los municipios o demarcaciones territoriales; Dialogo se refiere al nivel en el que las autoridades publicas y las personas participantes intercambian informacion respecto a temas o problemas en particular, en una relacion de doble via; Economia se refiere a aquel que tiene como objetivo emprender y fomentar acciones en materia de mineria, manufactura, industria, comercio, distribucion, almacenamiento y deposito, asi como de los asuntos economicos generales que sean competencia de la Administracion Publica; Educacion se refiere a aquel enfocado a la planeacion, promocion, implementacion y/o evaluacion de la enseñanza de los conocimientos relativos a la educacion basica, media superior, superior y posgrado; Ejercicios participativos se refiere a la promocion de la participacion ciudadana en asambleas, consultas y/o encuestas para la toma de decisiones y facilitacion de consensos en proyectos en materia de planeacion y presupuesto; Expertos / lideres de opinion se refiere a las personas u organizaciones capaces de ejercer influencia sobre las actitudes o la conducta de otros individuos, en virtud de su experiencia y autoridad en temas especificos; Funcion publica se refiere a aquel que tiene como objetivo organizar y coordinar el sistema de control interno de la Administracion Publica asi como vigilar el cumplimiento y brindar asesoria a las dependencias y entidades en lo que respecta a las disposiciones en materia de recursos humanos, evaluacion, transparencia, rendicion de cuentas, mejora regulatoria, entre otras de naturaleza similar (+36 mas)",97.7
Unnamed: 3,Categorica,Espacios participativos en el Gobierno del Estado de Nuevo León,Sin descripcion,"Acceso a la informacion publica y proteccion de datos personales (transparencia). Se refiere a aquel que tiene como objetivo dar cumplimiento a las disposiciones vinculadas con la garantia de los derechos de acceso a la informacion y de proteccion de datos personales, asi como conocer y dictaminar sobre las acciones, politicas, planes y programas que promuevan una cultura de transparencia y rendicion de cuentas al interior de los entes publicos.; Administracion y gestion interna. Se refiere a aquel que tiene como objetivo dar cumplimiento a las disposiciones sobre la adecuada planeacion, programacion, presupuestacion y aplicacion de los recursos humanos, materiales y financieros para que las instituciones que integran la Administracion Publica de la entidad federativa cuenten con las herramientas y condiciones necesarias para el ejercicio de las funciones que las disposiciones legales aplicables les tienen encomendadas.; Administración y gestión interna: se refiere a aquel que tiene como objetivo dar cumplimiento a las disposiciones sobre la adecuada planeación, programación, presupuestación y aplicación de los recursos humanos, materiales y financieros para que las instituciones que integran la Administración Pública de la entidad federativa cuenten con las herramientas y condiciones necesarias para el ejercicio de las funciones que las disposiciones legales aplicables les tienen encomendadas.; Agricultura y desarrollo rural. Se refiere a aquel que tiene como objetivo promover las actividades agropecuarias, asi como la silvicultura, acuacultura, pesca, caza e hidroagricultura.; Agricultura y desarrollo rural: se refiere a aquel que tiene como objetivo promover las actividades agropecuarias, así como la silvicultura, acuacultura, pesca, caza e hidroagricultura.; Arte, cultura y otras manifestaciones sociales. Se refiere a aquel que tiene como objetivo promover las actividades culturales y artisticas entre la poblacion, asi como otras actividades relacionadas con las manifestaciones de la sociedad.; Arte, cultura y otras manifestaciones sociales: se refiere a aquel que tiene como objetivo promover las actividades culturales y artísticas entre la población, así como otras actividades relacionadas con las manifestaciones de la sociedad.; Asuntos electorales y participacion ciudadana. Se refiere a aquel que tiene como objetivo dar cumplimiento a los asuntos en materia electoral que emanen de las disposiciones legales aplicables, asi como establecer canales participativos para que las personas ejerzan su derecho de incidir directa o indirectamente en los asuntos publicos.; Asuntos electorales y participación ciudadana: se refiere a aquel que tiene como objetivo dar cumplimiento a los asuntos en materia electoral que emanen de las disposiciones legales aplicables, así como establecer canales participativos para que las personas ejerzan su derecho de incidir directa o indirectamente en los asuntos públicos.; Asuntos financieros y hacendarios. Se refiere a aquel que tiene como objetivo administrar la hacienda publica, la contabilidad de los ingresos y egresos, asi como de la integracion de los proyectos presupuestarios establecidos en los ordenamientos legales aplicables.; Asuntos financieros y hacendarios: se refiere a aquel que tiene como objetivo administrar la hacienda pública, la contabilidad de los ingresos y egresos, así como de la integración de los proyectos presupuestarios establecidos en los ordenamientos legales aplicables.; Asuntos indigenas. Se refiere a aquel que tiene como objetivo coadyuvar al desarrollo de los pueblos indigenas y mejorar las condiciones de vida de estos, de acuerdo con los ordenamientos legales aplicables.; Asuntos indígenas: se refiere a aquel que tiene como objetivo coadyuvar al desarrollo de los pueblos indígenas y mejorar las condiciones de vida de estos, de acuerdo con los ordenamientos legales aplicables.; Atencion a grupos sociales en situacion de vulnerabilidad (sin incluir personas adultas mayores; niñas, niños y personas adolescentes; y juventud). Se refiere a aquel que tiene como objetivo implementar acciones, medidas y politicas encaminadas a la atencion especifica de las necesidades de las personas pertenecientes a aquellos nucleos de poblacion que, por diferentes factores o la combinacion de ellos, enfrentan situaciones de riesgo o discriminacion; como son las personas con discapacidad, las personas de la diversidad sexual, las personas en contexto de movilidad, entre otras. Para efectos del presente censo, se deben excluir de esta categoria las correspondientes a personas adultas mayores, a niñas, niños y personas adolescentes, asi como a juventudes.; Atencion a victimas. Se refiere a aquel enfocado en impulsar politicas, estrategias y acciones para la proteccion, ayuda, asistencia o reparacion integral de las victimas.; Atención a grupos sociales en situación de vulnerabilidad (sin incluir personas adultas mayores; niñas, niños y adolescentes; y juventud): se refiere a aquel que tiene como objetivo implementar acciones, medidas y políticas encaminadas a la atención específica de las necesidades de las personas pertenecientes a aquellos núcleos de población que, por diferentes factores o la combinación de ellos, enfrentan situaciones de riesgo o discriminación; como son las personas con discapacidad, las personas de la diversidad sexual, las personas en contexto de movilidad, entre otras. Para efectos del presente censo, se deben excluir de esta categoría las correspondientes a personas adultas mayores, a niñas, niños y adolescentes, así como a juventudes.; Atención a víctimas: se refiere a aquel enfocado en impulsar políticas, estrategias y acciones para la protección, ayuda, asistencia o reparación integral de las víctimas.; Busqueda de personas. Se refiere a aquel que tiene como objetivo la busqueda de las personas desaparecidas o no localizadas; el esclarecimiento de los hechos; asi como la prevencion, investigacion, sancion y erradicacion de los delitos en materia de desaparicion forzada de personas y desaparicion cometida por particulares.; Búsqueda de personas: se refiere a aquel que tiene como objetivo la búsqueda de las personas desaparecidas y/o no localizadas; el esclarecimiento de los hechos; así como la prevención, investigación, sanción y erradicación de los delitos en materia de desaparición forzada de personas y desaparición cometida por particulares.; Ciencia, tecnologia e innovacion. Se refiere a aquel que tiene como objetivo promover la innovacion, la investigacion cientifica, el desarrollo tecnologico, asi como los servicios cientificos y tecnologicos en general.; Ciencia, tecnología e innovación: se refiere a aquel que tiene como objetivo promover la innovación, la investigación científica, el desarrollo tecnológico, así como los servicios científicos y tecnológicos en general.; Ciudadania en general. Se refiere a las personas que, teniendo la calidad de mexicanas, reunan los requisitos de haber cumplido 18 años y tengan un modo honesto de vivir.; Cogestion. Se refiere al nivel en el que las autoridades y las personas participantes se involucran de manera conjunta en la implementacion de las politicas, programas y proyectos publicos.; Cogestión: se refiere al nivel en el que las autoridades públicas y las personas participantes se involucran de manera conjunta en la implementación de las políticas, programas y proyectos públicos.; Colectivos o grupos no constituidos. Se refiere a los grupos de personas que comparten un objetivo comun y que no estan formalizados ante notario publico.; Colectivos o grupos no constituidos: se refiere a los grupos de personas que comparten un objetivo común y que no están formalizados ante notario público.; Combate a la corrupcion/ Fortalecimiento de la rendicion de cuentas. Se refiere a aquel que tiene como objetivo dar cumplimiento a los principios, bases generales, politicas publicas y procedimientos para las contrataciones publicas; la prevencion, deteccion y sancion de faltas administrativas y hechos de corrupcion; y la fiscalizacion y control de los recursos publicos, de acuerdo con los ordenamientos legales aplicables.; Combate a la corrupción: se refiere a aquel que tiene como objetivo dar cumplimiento a los principios, bases generales, políticas públicas y procedimientos para las contrataciones públicas; la prevención, detección y sanción de faltas administrativas y hechos de corrupción; y la fiscalización y control de los recursos públicos, de acuerdo con los ordenamientos legales aplicables.; Combustibles y energia. Se refiere a aquel que tiene como objetivo implementar acciones encaminadas a la explotacion, transmision, distribucion, comercializacion y/ o suministro de hidrocarburos (petroleo y gas natural), combustibles nucleares, electricidad, energia no electrica, carbon y otros combustibles.; Combustibles y energía: se refiere a aquel que tiene como objetivo implementar acciones encaminadas a la explotación, transmisión, distribución, comercialización y/o suministro de hidrocarburos (petróleo y gas natural), combustibles nucleares, electricidad, energía no eléctrica, carbón y otros combustibles. (+90 mas)",95.8
Unnamed: 4,Vacia / sin datos,Espacios participativos en el Gobierno del Estado de Nuevo León,Sin descripcion,,100
Unnamed: 5,Vacia / sin datos,Espacios participativos en el Gobierno del Estado de Nuevo León,Sin descripcion,,100
Unnamed: 6,Vacia / sin datos,Espacios participativos en el Gobierno del Estado de Nuevo León,Sin descripcion,,100
Unnamed: 7,Vacia / sin datos,Espacios participativos en el Gobierno del Estado de Nuevo León,Sin descripcion,,100
Unnamed: 8,Vacia / sin datos,Espacios participativos en el Gobierno del Estado de Nuevo León,Sin descripcion,,100
Unnamed: 9,Vacia / sin datos,Espacios participativos en el Gobierno del Estado de Nuevo León,Sin descripcion,,100
Unnamed: 10,Vacia / sin datos,Espacios participativos en el Gobierno del Estado de Nuevo León,Sin descripcion,,100
Unnamed: 11,Vacia / sin datos,Espacios participativos en el Gobierno del Estado de Nuevo León,Sin descripcion,,100
Unnamed: 12,Categorica,Espacios participativos en el Gobierno del Estado de Nuevo León,Sin descripcion,Clave,100
Unnamed: 13,Categorica,Espacios participativos en el Gobierno del Estado de Nuevo León,Sin descripcion,219; Clave:,99.9
NUMERO_ESPACIO,Entero (integer),Espacios participativos en el Gobierno del Estado de Nuevo León,NUMERO SECUENCIAL DEL ESPACIO PARTICIPATIVO REPORTADO,1 a 1297,54.4
NOMBRE_DEPENDENCIA,Categorica,Espacios participativos en el Gobierno del Estado de Nuevo León,NOMBRE DE LA DEPENDENCIA O ENTIDAD GUBERNAMENTAL,CONSEJO PARA LA CULTURA Y LAS ARTES DE NUEVO LEON; CONTRALORIA Y TRANSPARENCIA GUBERNAMENTAL; FESTIVAL INTERNACIONAL DE SANTA LUCIA; FOMERREY; FONDO EDITORIAL DE NUEVO LEON; INSTITUTO DE CONTROL VEHICULAR; INSTITUTO DE INNOVACION Y TRANSFERENCIA DE TECNOLOGIA; INSTITUTO DE INVESTIGACION INNOVACION Y ESTUDIOS DE POSGRADO PARA LA EDUCACION DEL ESTADO DE NUEVO LEON; INSTITUTO DE LA VIVIENDA; INSTITUTO ESTATAL DE CULTURA FISICA Y DEPORTE; INSTITUTO ESTATAL DE LA JUVENTUD; INSTITUTO ESTATAL DE LAS MUJERES; INSTITUTO ESTATAL DE LAS PERSONAS ADULTAS MAYORES; PARQUES Y VIDA SILVESTRE; SECRETARIA DE ADMINISTRACION; SECRETARIA DE CULTURA; SECRETARIA DE DESARROLLO REGIONAL Y AGROPECUARIO; SECRETARIA DE EDUCACION; SECRETARIA DE IGUALDAD E INCLUSION; SECRETARIA DE LAS MUJERES; SECRETARIA DE MEDIO AMBIENTE; SECRETARIA DE MOVILIDAD Y PLANEACION URBANA; SECRETARIA DE PARTICIPACION CIUDADANA; SECRETARIA DE SALUD; SECRETARIA DE SEGURIDAD; SECRETARIA DE TURISMO; SECRETARIA GENERAL DE GOBIERNO; SERVICIOS DE AGUA Y DRENAJE DE MONTERREY; SISTEMA DE RADIO Y TELEVISION DE NUEVO LEON; SISTEMA PARA EL DESARROLLO INTEGRAL DE LA FAMILIA DEL ESTADO DE NUEVO LEON,54.4
NOMBRE_ESPACIO_PARTICIPACION,Texto libre,Espacios participativos en el Gobierno del Estado de Nuevo León,NOMBRE DEL ESPACIO PARTICIPATIVO REPORTADO,1297 valores unicos,54.4
TIPO_CANALPARTICIPATIVO,Categorica,Espacios participativos en el Gobierno del Estado de Nuevo León,TIPO DE ESPACIO QUE ABREN LAS INSTITUCIONES DE GOBIERNO PARA LA INCIDENCIA DE LAS PERSONAS,"CONSULTA CIUDADANA; EJERCICIOS PARTICIPATIVOS; ORGANO_CONSEJO, COMITE, ETC; PLANEACION ESTRATEGICA; PLANEACION ESTRATEGICA, GENERACION DE VINCULACION JURIDICA POR CONVENIO; PROCESO PARTICIPATIVO; REUNIONES",54.4
NIVEL_INCIDENCIA_CONSULTA,Entero (integer),Espacios participativos en el Gobierno del Estado de Nuevo León,NIVEL EN EL QUE LAS PERSONAS PARTICIPANTES OPINAN O PLANTEAN PROPUESTAS SOBRE TEMAS O PROBLEMAS A PARTIR DE PREGUNTAS FORMULADAS POR LAS AUTORIDADES,0 a 1,54.4
NIVEL_INCIDENCIA_DIALOGO,Entero (integer),Espacios participativos en el Gobierno del Estado de Nuevo León,"NIVEL EN EL QUE LAS AUTORIDADES Y LAS PERSONAS PARTICIPANTES INTERCAMBIAN INFORMACION, EN UNA RELACION DE DOBLE VIA, RESPECTO DE ALGUNOS TEMAS O PROBLEMAS EN PARTICULAR",0 a 1,54.4
NIVEL_INCIDENCIA_DELIBERACION,Entero (integer),Espacios participativos en el Gobierno del Estado de Nuevo León,NIVEL EN EL QUE LAS AUTORIDADES Y LAS PERSONAS PARTICIPANTES DEBATEN EN FORMA COLECTIVA PARA MEJORAR LA ADOPCION DE UNA DECISION DETERMINADA,0 a 1,54.4
NIVEL_INCIDENCIA_COGESTION,Entero (integer),Espacios participativos en el Gobierno del Estado de Nuevo León,"NIVEL EN EL QUE LAS AUTORIDADES Y LAS PERSONAS PARTICIPANTES SE INVOLUCRAN DE MANERA CONJUNTA EN LA IMPLEMENTACION DE LAS POLITICAS, PROGRAMAS Y PROYECTOS PUBLICOS",0 a 1,54.4
NIVEL_INCIDENCIA_VIGILANCIA,Entero (integer),Espacios participativos en el Gobierno del Estado de Nuevo León,NIVEL EN EL QUE LAS PERSONAS PARTICIPANTES REALIZAN EL SEGUIMIENTO DEL CUMPLIMIENTO DE LAS DECISIONES PUBLICAS,0 a 1,54.4
NIVEL_INCIDENCIA_OTRO,Entero (integer),Espacios participativos en el Gobierno del Estado de Nuevo León,OTRO TIPO DE INCIDENCIA DENTRO DEL ESPACIO PARTICIPATIVO NO INCLUIDO POR EL INEGI,0 a 1,54.4
NIVEL_INCIDENCIA_NOIDENTIFICADO,Entero (integer),Espacios participativos en el Gobierno del Estado de Nuevo León,LA DEPENDENCIA O ENTIDAD NO LOGRO IDENTIFICAR DE QUE MANERA LA PARTICIPACION DE LAS PERSONAS INFLUYO EN LA MANERA DE DECISIONES,0 a 1,54.4
T_PARTICIPANTE_CIUDADANIA,Entero (integer),Espacios participativos en el Gobierno del Estado de Nuevo León,"PERSONAS QUE, TENIENDO LA CALIDAD DE MEXICANAS, REUNAN LOS REQUISITOS DE HABER CUMPLIDO 18 ANOS Y TENGAN UN MODO HONESTO DE VIVIR",0 a 1,54.4
T_PARTICIPANTE_PERSONAS_ACADEMICAS,Entero (integer),Espacios participativos en el Gobierno del Estado de Nuevo León,"PERSONAS PERTENECIENTES A INSTITUCIONES DE EDUCACION SUPERIOR, CENTROS DE INVESTIGACION Y O COLEGIOS DE PROFESIONALES, MISMAS QUE SON RECONOCIDAS PARA LA EMISION DE OPINIONES Y CONSULTAS ESPECIALIZADAS EN DETERMINADA MATERIA",0 a 1,54.4
T_PARTICIPANTE_COMITE_ESTUDIANTIL,Entero (integer),Espacios participativos en el Gobierno del Estado de Nuevo León,"ORGANOS REPRESENTATIVOS DE LA COMUNIDAD ESTUDIANTIL DE ALGUNA INSTITUCION EDUCATIVA DE NIVEL SUPERIOR O CENTRO DE ESTUDIOS, MISMA QUE SE CONSTITUYE PARA LA DEFENSA DE SUS INTERESES",0 a 1,54.4
T_PARTICIPANTE_OSC,Entero (integer),Espacios participativos en el Gobierno del Estado de Nuevo León,ORGANIZACIONES NO GUBERNAMENTALES A TRAVES DE LAS CUALES LA CIUDADANIA SE ORGANIZA EN TORNO A OBJETIVOS Y TEMAS DE INTERES PARTICULARES A EFECTO DE INCIDIR EN LOS ASUNTOS PUBLICOS RELACIONADOS CON ESTOS,0 a 1,54.4
T_PARTICIPANTE_PERSONAS_EXPERTAS_LIDERES_DE_OPINION,Entero (integer),Espacios participativos en el Gobierno del Estado de Nuevo León,"PERSONAS U ORGANIZACIONES CAPACES DE EJERCER ALGUNA INFLUENCIA SOBRE LAS ACTITUDES O LA CONDUCTA DE OTRAS PERSONAS, EN VIRTUD DE SU EXPERIENCIA Y AUTORIDAD EN TEMAS ESPECIFICOS",0 a 1,54.4
T_PARTICIPANTE_COMUNIDADES_INDIGENAS,Entero (integer),Espacios participativos en el Gobierno del Estado de Nuevo León,"GRUPO DE PERSONAS INDIGENAS QUE FORMAN UNA UNIDAD SOCIAL, ECONOMICA Y CULTURAL ASENTADA EN UN TERRITORIO, Y QUE RECONOCEN AUTORIDADES PROPIAS DE ACUERDO CON SU SISTEMA NORMATIVO INDIGENA",0 a 1,54.4
T_PARTICIPANTE_ORGANIZACIONES_EMPRESARIALES,Entero (integer),Espacios participativos en el Gobierno del Estado de Nuevo León,"CAMARAS DE COMERCIO, SERVICIOS Y TURISMO, ASI COMO CONFEDERACIONES Y ASOCIACIONES EMPRESARIALES",0 a 1,54.4
T_PARTICIPANTE_COLECTIVOS,Entero (integer),Espacios participativos en el Gobierno del Estado de Nuevo León,GRUPOS DE PERSONAS QUE COMPARTEN UN OBJETIVO COMUN Y QUE NO ESTAN FORMALIZADOS ANTE NOTARIO PUBLICO,0 a 1,54.4
T_PARTICIPANTE_PERSONAS_SERVIDORAS_PUBLICAS,Entero (integer),Espacios participativos en el Gobierno del Estado de Nuevo León,"PERSONAS QUE DESEMPENAN UN EMPLEO, CARGO O COMISION EN LOS ENTES PUBLICOS DE LOS TRES AMBITOS DE GOBIERNO",0 a 1,54.4
T_PARTICIPANTE_OTRO,Entero (integer),Espacios participativos en el Gobierno del Estado de Nuevo León,TIPO DE PARTICIPANTE NO ESPECIFICADO EN LAS CATEGORIAS PREVIAS,0 a 17,54.4
T_PARTICIPANTE_NOIDENTIFICADO,Entero (integer),Espacios participativos en el Gobierno del Estado de Nuevo León,LA DEPENDENCIA O ENTIDAD NO LOGRO IDENTIFICAR EL TIPO DE PARTICIPANTE QUE PARTICIPO DENTRO DEL ESPACIO PARTICIPATIVO,0 a 0,54.4
PROCEDIMIENTO_ACCESO_ABIERTO,Entero (integer),Espacios participativos en el Gobierno del Estado de Nuevo León,TIPO DE PROCEDIMIENTO DE ACCESO DONDE TODAS LAS PERSONAS PUEDEN PARTICIPAR SIN NINGUN TIPO DE REQUERIMIENTO,0 a 1,54.4
PROCEDIMIENTO_ACCESO_ELECCION,Entero (integer),Espacios participativos en el Gobierno del Estado de Nuevo León,TIPO DE PROCEDIMIENTO DE ACCESO DONDE TODAS LAS PERSONAS QUE CUBRAN CIERTOS CRITERIOS PUEDEN PARTICIPAR Y SE ELIGE DE MANERA ALEATORIA,0 a 1,54.4
PROCEDIMIENTO_ACCESO_SELECCION,Entero (integer),Espacios participativos en el Gobierno del Estado de Nuevo León,TIPO DE PROCEDIMIENTO DE ACCESO DONDE TODAS LAS PERSONAS QUE CUBRAN CIERTOS CRITERIOS PUEDEN PARTICIPAR Y SE SELECCIONA ESCOGIENDO,0 a 1,54.4
PROCEDIMIENTO_ACCESO_INVITACION,Entero (integer),Espacios participativos en el Gobierno del Estado de Nuevo León,TIPO DE PROCEDIMIENTO DE ACCESO DONDE SE INVITA DIRECTAMENTE A LAS PERSONAS NECESARIAS PARA EL ESPACIO PARTICIPATIVO,0 a 1,54.4
PROCEDIMIENTO_ACCESO_OTRO,Entero (integer),Espacios participativos en el Gobierno del Estado de Nuevo León,PROCEDIMIENTO DE ACCESO NO ESPECIFICADO EN LAS CATEGORIAS PREVIAS,0 a 4,54.4
PROCEDIMIENTO_ACCESO_NOIDENTIFICADO,Entero (integer),Espacios participativos en el Gobierno del Estado de Nuevo León,LA DEPENDENCIA O ENTIDAD NO LOGRO IDENTIFICAR EL TIPO DE PROCEDIMIENTO DE ACCESO DE LAS PERSONAS PARA PARTICIPAR EN EL ESPACIO PARTICIPATIVO,0 a 0,54.4
"CENSO NACIONAL DE GOBIERNOS
ESTATALES 2024",Categorica,Espacios participativos en el Gobierno del Estado de Nuevo León,Sin descripcion,"CNGE 2024; Canales participativos; Entidad:; Glosario; Informante basico; Informante complementario 1; Informante complementario 2; Modulo 1.
Administracion Publica de la entidad federativa; Nivel de incidencia; Nuevo León; Participacion ciudadana; Participantes; Seccion VI. Participacion ciudadana; Temas",99.5
Unnamed: 14,Vacia / sin datos,Espacios participativos en el Gobierno del Estado de Nuevo León,Sin descripcion,,100
Unnamed: 15,Vacia / sin datos,Espacios participativos en el Gobierno del Estado de Nuevo León,Sin descripcion,,100
Unnamed: 16,Vacia / sin datos,Espacios participativos en el Gobierno del Estado de Nuevo León,Sin descripcion,,100
Unnamed: 17,Vacia / sin datos,Espacios participativos en el Gobierno del Estado de Nuevo León,Sin descripcion,,100
Unnamed: 18,Vacia / sin datos,Espacios participativos en el Gobierno del Estado de Nuevo León,Sin descripcion,,100
Unnamed: 19,Vacia / sin datos,Espacios participativos en el Gobierno del Estado de Nuevo León,Sin descripcion,,100
Unnamed: 20,Vacia / sin datos,Espacios participativos en el Gobierno del Estado de Nuevo León,Sin descripcion,,100
Unnamed: 21,Vacia / sin datos,Espacios participativos en el Gobierno del Estado de Nuevo León,Sin descripcion,,100
Unnamed: 22,Vacia / sin datos,Espacios participativos en el Gobierno del Estado de Nuevo León,Sin descripcion,,100
Unnamed: 23,Vacia / sin datos,Espacios participativos en el Gobierno del Estado de Nuevo León,Sin descripcion,,100
Unnamed: 24,Vacia / sin datos,Espacios participativos en el Gobierno del Estado de Nuevo León,Sin descripcion,,100
Unnamed: 25,Categorica,Espacios participativos en el Gobierno del Estado de Nuevo León,Sin descripcion,Indice,100
Unnamed: 26,Categorica,Espacios participativos en el Gobierno del Estado de Nuevo León,Sin descripcion,indice,100
"CENSO NACIONAL DE GOBIERNOS
ESTATALES 2022",Categorica,Espacios participativos en el Gobierno del Estado de Nuevo León,Sin descripcion,"CNGE 2022; Canales participativos; Entidad; Glosario; Informante basico; Informante complementario 1; Informante complementario 2; Modulo 1
Administracion Publica de la entidad federativa; Nivel de incidencia; Participacion ciudadana; Participantes; Seccion VIII Participacion ciudadana; Temas",99.5
Unnamed: 1,Categorica,Espacios participativos en el Gobierno del Estado de Nuevo León,Sin descripcion,"Se refiere a las siglas con las que se identifica al Censo Nacional de Gobiernos Estatales 2022; Se refiere a los temas genericos en los que se abrieron espacios para la participacion ciudadana, y que son desarrollados, en este caso, por las instituciones la Administracion Publica de las entidades federativas Para efectos del presente censo, se consideran los siguientes; Se refiere al conjunto de ejercicios, instancias o acciones que cumplen tres condiciones de la participacion 1 son instancias publicas de relacion gobierno-sociedad, es decir, no incluyen experiencias de relacion privada gobierno-sociedad, ni las que se lleven a cabo solo desde la sociedad sin una relacion expresa y publica con el gobierno 2 se constituyen por la participacion de actores sociales, ya sea de forma individual y/o asociada ciudadanos a titulo individual, comunidades indigenas, organizaciones de la sociedad civil, colectivos o grupos no constituidos, organismos empresariales, academia, organizaciones sociales y 3 son espacios para la incidencia directa o indirecta en decisiones publicas por parte de la ciudadania Para efectos del presente censo, se consideran los siguientes tipos; Se refiere al grado de influencia que tiene la participacion ciudadana en la gestion publica sobre el diseño, ejecucion, monitoreo y evaluacion de las politicas, programas y proyectos publicos Para efectos del presente censo, se consideran los siguientes; Se refiere al servidor publico que, por las funciones que tiene asignadas dentro de la institucion, es el principal productor y/o integrador de la informacion correspondiente a la presente seccion y, cuando menos, se encuentra en el segundo o tercer nivel jerarquico de la misma; Se refiere al servidor publico que, por las funciones que tiene asignadas dentro de la institucion, es el segundo principal productor y/o integrador de la informacion correspondiente a la presente seccion y, cuando menos, se encuentra en el segundo o tercer nivel jerarquico de la misma; Se refiere al titular o servidor publico de la institucion designado para proveer la informacion de la presente seccion, y que tiene el caracter de figura responsable de validar y oficializar la informacion Cuando menos, se encuentra en el segundo o tercer nivel jerarquico de la misma; Se refiere, en terminos del presente censo, a la accion o conjunto de acciones realizadas de manera voluntaria por las personas que tienen la intencion de incidir directa o indirectamente en los asuntos publicos a traves de los canales participativos establecidos por las instancias gubernamentales; Se refiere, en terminos genericos del presente censo, a las personas participantes en los canales establecidos para tal efecto Se consideran los siguientes",99.7
NUM_ESPACIO,Entero (integer),Espacios participativos en el Gobierno del Estado de Nuevo León,Sin descripcion,1 a 106,96.3
INCIDENCIA,Categorica,Espacios participativos en el Gobierno del Estado de Nuevo León,Sin descripcion,Cogestion; Consulta; Deliberacion; Dialogo; Mixto; Vigilancia,96.3
TP_Comite_ESTUDIANTIL,Entero (integer),Espacios participativos en el Gobierno del Estado de Nuevo León,Sin descripcion,0 a 1,96.3
ACCESO,Categorica,Espacios participativos en el Gobierno del Estado de Nuevo León,Sin descripcion,Abierto; Eleccion; Invitacion; Mixto; Seleccion,96.3
periodo_reporte,Entero (integer),Estadística Penitenciaria,Año del reporte,2024 a 2025,0
mes_reporte,Categorica,Estadística Penitenciaria,mes del reporte,ABRIL; AGOSTO; DICIEMBRE; ENERO; FEBRERO; JULIO; JUNIO; MARZO; MAYO; NOVIEMBRE; OCTUBRE; SEPTIEMBRE,0
centro_penitenciario,Categorica,Estadística Penitenciaria,Centro penitenciario que reporta,CERESO 1; CERESO 1 NORTE; CERESO 2; CERESO 2 NORTE; CERESO 3; CERESO 3 ORIENTE; CERESO FEMENIL,0
delito_homologado,Categorica,Estadística Penitenciaria,Delito por el que se reporta,AGRUPACION DELICTUOSA; AMENAZAS; CONTRA LA SALUD; CORRUPCION DE MENORES; CRUELDAD ANIMAL; DELINCUENCIA ORGANIZADA; DELITOS CONTRA EL MEDIO AMBIENTE; DELITOS CONTRA LA AUTORIDAD; DELITOS DE ARMAS DE FUEGO; DELITOS DE HIDROCARBUROS; DELITOS EN RELACION CON EL PATRIMONIO; DELITOS POR HECHOS DE CORRUPCION; DELITOS SEXUALES; DESAPARICION DE PERSONAS; FALSIFICACION; FEMINICIDIO; HOMICIDIO; LESIONES; PENDIENTE; PRIVACION DE LA LIBERTAD; ROBO; ROBO A CASA HABITACION; ROBO DE VEHICULO; SECUESTRO; SIN DATO; TRATA DE PERSONAS; VIOLACION LEYES INHUMACION Y EXHUMACION; VIOLENCIA FAMILIAR,0
estatus_juridico,Categorica,Estadística Penitenciaria,Estatus juridico de la persona privada de la libertad,EJECUTORIADO; PROCESADO; SENTENCIADO,0
anualidad_ingreso,Entero (integer),Estadística Penitenciaria,Sin descripcion,2000 a 2025,0
mes_ingreso,Categorica,Estadística Penitenciaria,año de ingreso de la persona privada de la libertad,ABRIL; AGOSTO; DICIEMBRE; ENERO; FEBRERO; JULIO; JUNIO; MARZO; MAYO; NOVIEMBRE; OCTUBRE; SEPTIEMBRE,0
sexo,Categorica,Estadística Penitenciaria,Sexo de la persona privada de la libertad,F; M,0
rango_edad,Categorica,Estadística Penitenciaria,Edad en años de la persona privada de la libertad,DE 18 A 20; DE 21 A 30; DE 31 A 40; DE 41 A 50; DE 51 A 60; DE 61 A 70; DE 71 A 80; DE 81 A 90; SIN VALOR,0
nacionalidad,Categorica,Estadística Penitenciaria,nacionalidad de la persona privada de la libertad,ALEMANIA; BELICENA; CHINA; COLOMBIANA; COREANA; CUBANA; ECUATORIANA; EGIPCIA; ESPANOLA; ESTADOUNIDENSE; GUATEMALTECA; HAITI; HAITIANA; HONDURENA; ITALIA; ITALIANA; MEXICANA; NICARAGUENSE; PANAMA; PARAGUAY; PERUANA; SALVADORENA; SUECIA; VENEZOLANA,0
estado,Categorica,Estadística Penitenciaria,Estado de procedencia,AGUASCALIENTES; BAJA CALIFORNIA; BAJA CALIFORNIA SUR; BARRIO DE SAN PEDRO; CALIFORNIA; CAMPECHE; CARACAS; CHIAPAS; CHIHUAHUA; CIUDAD DE MEXICO; CIUDAD DEL CARMEN; COAHUILA; COLIMA; COLOMBIA; CUERNAVACA; DURANGO; ESTADO DE MEXICO; EXTRANJERO; GUADALAJARA; GUANAJUATO; GUERRERO; HIDALGO; HONDURAS; JALISCO; MICHOACAN; MONTERREY; MORELOS; NAYARIT; NUEVO LAREDO; NUEVO LEON (+21 mas),0
municipio,Categorica,Estadística Penitenciaria,Municipio de nacimiento de la persona privada de la libertad,ABASOLO; ABASOLO   N  L; ABASOLO NL; ACALA; ACAMBARO; ACAMBAY DE RUIZ CASTA NEDA; ACAMBAY DE RUIZ CASTANEDA; ACAPETAHUA; ACAPULCO; ACAPULCO DE JUAREZ; ACATLAN DE PEREZ FIGUEROA; ACAXOCHITLAN; ACAYUCAN; ACTOPAN; ACU NA; ACULCO; ACUNA; AGUA DULCE; AGUA DULCE   VERACRUZ; AGUA DULCE VERACRUZ; AGUACATLAN DE JESUS; AGUALEGUAS; AGUASCALIENTES; AGUILILLA; AHOME; AHUALULCO; AHUAZOTEPEC; ALAMO TEMAPACHE; ALAMOS; ALDAMA (+898 mas),0
etnia,Categorica,Estadística Penitenciaria,Grupo etnico al que pertenece,AGUACATECO; CHOL O WINIK; CORA; HUASTECO O TEENEK; KIKAPU O KIKAPOA; MAME MAM O AYOU O QYOOL; MAYA; MAZATECO; MAZATECO O HA SHUTA ENIMA; MIXE; MIXE O AYOOK O AYUUK; NAHUATL; NAHUATL O MEXICANO; NINGUNA; OTOMI O NAHNU O HNA HNU; PUREPECHA TARASCO O PURHEPECHE TEPAMACHA; TOTONACA; TOTONACA O TACHIHUIIN; TZELTAL; TZELTAL O K OP O WINIK ATEL; TZOTZIL CHAMULA O BATZIL K OP; TZOTZIL CHAMULA O BATZIL KOP; ZAPOTECO; ZAPOTECO O BEN ZAA O BINNIZA O BENEXON,0
grado_escolar,Categorica,Estadística Penitenciaria,Nivel de formación académica de la persona privada de la libertad,CARRERA TECNICA; DOCTORADO; MAESTRIA; NINGUNA; PREESCOLAR; PREPARATORIA; PRIMARIA; SECUNDARIA; SIN DATO; SIN ESCOLARIDAD NO SABE LEER Y ESCRIBIR; TECNICA; UNIVERSIDAD,0
periodo_reporte,Entero (integer),Estadística Penitenciaria de Egresos,Año del reporte,2024 a 2025,0
mes_reporte,Categorica,Estadística Penitenciaria de Egresos,mes del reporte,ABRIL; AGOSTO; DICIEMBRE; ENERO; FEBRERO; JULIO; JUNIO; MARZO; MAYO; NOVIEMBRE; OCTUBRE; SEPTIEMBRE,0
centro_penitenciario,Categorica,Estadística Penitenciaria de Egresos,Centro penitenciario que reporta,CERESO 1 NORTE; CERESO 2 NORTE; CERESO 3 ORIENTE; CERESO FEMENIL,0
delito_homologado,Categorica,Estadística Penitenciaria de Egresos,Delito por el que se reporta,AGRUPACION DELICTUOSA; AMENAZAS; CONTRA LA SALUD; CORRUPCION DE MENORES; CRUELDAD ANIMAL; DELINCUENCIA ORGANIZADA; DELITOS CONTRA EL MEDIO AMBIENTE; DELITOS CONTRA LA AUTORIDAD; DELITOS DE ARMAS DE FUEGO; DELITOS DE HIDROCARBUROS; DELITOS EN RELACION CON EL PATRIMONIO; DELITOS POR HECHOS DE CORRUPCION; DELITOS SEXUALES; DESAPARICION DE PERSONAS; FALSIFICACION; FEMINICIDIO; HOMICIDIO; LESIONES; PENDIENTE; PRIVACION DE LA LIBERTAD; ROBO; ROBO A CASA HABITACION; ROBO DE VEHICULO; SECUESTRO; TRATA DE PERSONAS; VIOLACION LEYES INHUMACION Y EXHUMACION; VIOLENCIA FAMILIAR,0
estatus_jurIdIco,Categorica,Estadística Penitenciaria de Egresos,Estatus juridico de la persona privada de la libertad,EJECUTORIADO; PROCESADO; SENTENCIADO,0
mes_egreso,Categorica,Estadística Penitenciaria de Egresos,mes de egreso de la persona privada de la libertad,ABRIL; AGOSTO; DICIEMBRE; ENERO; FEBRERO; JULIO; JUNIO; MARZO; MAYO; NOVIEMBRE; OCTUBRE,0
perIodo_egreso,Entero (integer),Estadística Penitenciaria de Egresos,año de egreso de la persona privada de la libertad,2024 a 2025,0
motIvo_libertad,Categorica,Estadística Penitenciaria de Egresos,motivo de libertad,ACUERDO REPARATORIO; ADECUACION DE LA PENA; AMPARO; AMPARO CONCEDIDO; ARRAIGO DOMICILIARIO; AUTO DE LIBERTAD; AUTO DE NO VINCULACION A PROCESO; BENEFICIO DE LA CONDENA CONDICIONAL; CESACION DE LA MEDIDA CAUTELAR; COMPURGACION DE LA PENA; CONCESION DE AMPARO; CONDENA CONDICIONAL; CONFINAMIENTO DOMICILIARIO; CONVERSION DE LA PENA; CONVERSION DE LA PENA POR JORNADAS DE TRABAJO; CUMPLIMIENTO; CUMPLIMIENTO DE PLAZO DE EXTRADICION; CUMPLIMIENTO DE SENTENCIA; DEFUNCION; DEJO SIN EFECTOS LA MEDIDA CAUTELAR DE PRISION PREVENTIVA; EXTINCION DE LA SANCION PENAL; EXTINCION DE LA SANCION PENAL (FALLECIDO); FENECIO PLAZO PARA IMPONER PRISION PREVENTIVA; LIBERTAD ANTICIPADA; LIBERTAD CONDICIONADA; LIBERTAD CONDICIONAL; LIBERTAD DEFINITIVA; MEDIDA CAUTELAR NO PRIVATIVA DE LA LIBERTAD; MEDIDAS DE SEGURIDAD NO PRIVATIVA; MODIFICACION DE MEDIDA CAUTELAR (+24 mas),0
sexo,Categorica,Estadística Penitenciaria de Egresos,Sexo de la persona privada de la libertad,H; M,0
rango_edad,Categorica,Estadística Penitenciaria de Egresos,Edad en años de la persona privada de la libertad,DE 18 A 20; DE 21 A 30; DE 31 A 40; DE 41 A 50; DE 51 A 60; DE 61 A 70; DE 71 A 80; DE 81 A 90; SIN VALOR,0
nacIonalIdad,Categorica,Estadística Penitenciaria de Egresos,nacionalidad de la persona privada de la libertad,CHINA; COLOMBIANA; COREANA; COSTARRICENSE; CUBANA; ECUATORIANA; EGIPCIA; ESPANOLA; ESTADOUNIDENSE; GUATEMALTECA; HAITI; HAITIANA; HONDURENA; ITALIA; MEXICANA; PARAGUAYA; PERUANA; REPUBLICA DOMINICANA; SALVADORENA; SIN DATO; SUECIA; VENEZOLANA,0
estado,Categorica,Estadística Penitenciaria de Egresos,Estado de procedencia,AGUASCALIENTES; BAJA CALIFORNIA; BAJA CALIFORNIA SUR; CAMPECHE; CHIAPAS; CHIHUAHUA; CIUDAD DE MEXICO; COAHUILA; COLIMA; DURANGO; ESTADO DE MEXICO; EXTRANJERO; GUANAJUATO; GUERRERO; HIDALGO; JALISCO; MICHOACAN; MORELOS; NAYARIT; NUEVO LEON; OAXACA; PUEBLA; QUERETARO; QUINTANA ROO; SAN LUIS POTOSI; SIN DATO; SINALOA; SONORA; TABASCO; TAMAULIPAS (+4 mas),0
munIcIpIo,Texto libre,Estadística Penitenciaria de Egresos,Municipio de nacimiento de la persona privada de la libertad,533 valores unicos,0
etnia,Categorica,Estadística Penitenciaria de Egresos,Grupo etnico al que pertenece,AGUACATECO; CHOL O WINIK; CORA O NAAYERI; HUASTECO O TEENEK; MAME  MAM O AYOU O QYOOL; MAYA; MAZATECO O HA SHUTA ENIMA; MIXE O AYOOK O AYUUK; MIXTECO O NUU SAVI; NAHUATL O MEXICANO; NINGUNA; OTROS; PUREPECHA TARASCO O PURHEPECHE TEPAMACHA; TOTONACA O TACHIHUIIN; TZELTAL O K OP O WINIK ATEL; TZELTAL O KOP O WINIK ATEL; TZOTZIL CHAMULA O BATZIL K OP; TZOTZIL CHAMULA O BATZIL KOP; ZAPOTECO O BEN ZAA O BINNIZA O BENEXON; ZAPOTECO O BEN´ZAA O BINNIZA O BENEXON,0
grado_escolar,Categorica,Estadística Penitenciaria de Egresos,Nivel de formación académica de la persona privada de la libertad,DOCTORADO; MAESTRIA; PREESCOLAR; PREPARATORIA; PRIMARIA; SECUNDARIA; SIN DATO; SIN ESCOLARIDAD NO SABE LEER Y ESCRIBIR; SIN ESCOLARIDAD SABE LEER Y ESCRIBIR; TECNICA; UNIVERSIDAD,0
periodo_reportado,Entero (integer),Estadística Penitenciaria de Ingresos,Año del reporte,2024 a 2025,0
mes_reportado,Categorica,Estadística Penitenciaria de Ingresos,mes del reporte,ABRIL; AGOSTO; DICIEMBRE; ENERO; FEBRERO; JULIO; JUNIO; MARZO; MAYO; NOVIEMBRE; OCTUBRE; SEPTIEMBRE,0
centro_penitenciario,Categorica,Estadística Penitenciaria de Ingresos,Centro penitenciario que reporta,CERESO 1 NORTE; CERESO 2 NORTE; CERESO 3 ORIENTE; CERESO FEMENIL,0
delito homologado,Categorica,Estadística Penitenciaria de Ingresos,Sin descripcion,AGRUPACION DELICTUOSA; AMENAZAS; CONTRA LA SALUD; CORRUPCION DE MENORES; CRUELDAD ANIMAL; DELINCUENCIA ORGANIZADA; DELITOS CONTRA EL MEDIO AMBIENTE; DELITOS CONTRA LA AUTORIDAD; DELITOS DE ARMAS DE FUEGO; DELITOS DE HIDROCARBUROS; DELITOS EN RELACION CON EL PATRIMONIO; DELITOS POR HECHOS DE CORRUPCION; DELITOS SEXUALES; DESAPARICION DE PERSONAS; FALSIFICACION; FEMINICIDIO; HOMICIDIO; LESIONES; PENDIENTE; PRIVACION DE LA LIBERTAD; ROBO; ROBO A CASA HABITACION; ROBO DE VEHICULO; SECUESTRO; TRATA DE PERSONAS; VIOLACION LEYES INHUMACION Y EXHUMACION; VIOLENCIA FAMILIAR,0
estatus_juridico,Categorica,Estadística Penitenciaria de Ingresos,Estatus juridico de la persona privada de la libertad,EJECUTORIADO; PROCESADO; SENTENCIADO,0
anualidad_ingreso,Entero (integer),Estadística Penitenciaria de Ingresos,año de ingreso de la persona privadad de la libertad,2024 a 2025,0
mes_ingreso,Categorica,Estadística Penitenciaria de Ingresos,mes de ingreso de la persona privada de la libertad,ABRIL; AGOSTO; DICIEMBRE; ENERO; FEBRERO; JULIO; JUNIO; MARZO; MAYO; NOVIEMBRE; OCTUBRE; SEPTIEMBRE,0
sexo,Categorica,Estadística Penitenciaria de Ingresos,Sexo del persona privada de la libertad,H; M,0
rango_edad,Categorica,Estadística Penitenciaria de Ingresos,Edad en años de la persona privada de la libertad,DE 18 A 20; DE 21 A 30; DE 31 A 40; DE 41 A 50; DE 51 A 60; DE 61 A 70; DE 71 A 80; DE 81 A 90; SIN VALOR,0
nacionalidad,Categorica,Estadística Penitenciaria de Ingresos,nacionalidad de la persona privada de la libertad,ALEMANIA; CHINA; COLOMBIANA; COREANA; CUBANA; ECUATORIANA; EGIPCIA; ESPANOLA; ESTADOUNIDENSE; GUATEMALTECA; HAITI; HAITIANA; HONDURENA; ITALIA; MEXICANA; NICARAGUENSE; PERUANA; REPUBLICA DOMINICANA; SALVADORENA; SIN DATO; SUECIA; VENEZOLANA,0
estado,Categorica,Estadística Penitenciaria de Ingresos,Estado de procedencia,AGUASCALIENTES; BAJA CALIFORNIA; BAJA CALIFORNIA SUR; CAMPECHE; CHIAPAS; CHIHUAHUA; CIUDAD DE MEXICO; COAHUILA; COLIMA; DURANGO; ESTADO DE MEXICO; EXTRANJERO; GUANAJUATO; GUERRERO; HIDALGO; JALISCO; MICHOACAN; MORELOS; NAYARIT; NUEVO LEON; OAXACA; PUEBLA; QUERETARO; QUINTANA ROO; SAN LUIS POTOSI; SIN DATO; SINALOA; SONORA; TABASCO; TAMAULIPAS (+4 mas),0
municipio,Categorica,Estadística Penitenciaria de Ingresos,Municipio de nacimiento de la persona privada de la libertad,ABASOLO; ACACOYAGUA; ACALA; ACAMBARO; ACAPULCO DE JUAREZ; ACATLAN DE PEREZ FIGUEROA; ACAYUCAN; ACTOPAN; ACULCO; ACUNA; AGUA DULCE; AGUALEGUAS; AGUASCALIENTES; AHOME; AHUALULCO; AHUAZOTEPEC; AJUCHITLAN DEL PROGRESO; ALAMO TEMAPACHE; ALDAMA; ALLENDE; ALMOLOYA DE JUAREZ; ALTAMIRA; ALVARADO; ALVARO OBREGON; AMATEPEC; AMECAMECA; ANAHUAC; ANGEL R  CABADA; ANGOSTURA; APASEO EL GRANDE (+479 mas),0
etnia,Categorica,Estadística Penitenciaria de Ingresos,Grupo etnico al que pertenece,CHOL O WINIK; CORA O NAAYERI; HUASTECO O TEENEK; MAYA; MAZATECO O HA SHUTA ENIMA; NAHUATL O MEXICANO; NINGUNA; OTOMI O NAHNU O HNA HNU; TOTONACA O TACHIHUIIN; TZELTAL O KOP O WINIK ATEL; TZOTZIL  CHAMULA O BATZIL KOP; ZAPOTECO O BENZAA O BINNIZA O BENEXON,0
grado_escolar,Categorica,Estadística Penitenciaria de Ingresos,Nivel de formación académica de la persona privada de la libertad,DOCTORADO; MAESTRIA; PREESCOLAR; PREPARATORIA; PRIMARIA; SECUNDARIA; SIN DATO; SIN ESCOLARIDAD NO SABE LEER Y ESCRIBIR; SIN ESCOLARIDAD SABE LEER Y ESCRIBIR; TECNICA; UNIVERSIDAD,0
Fecha_opinion,Tiempo (fecha/hora),"Estadística de quejas, peticiones, sugerencias y/o reconocimientos del sistema OpinaRed",Sin descripcion,2023-03-31 00:00:00 a 2025-12-19 00:00:00,0
Ambito,Categorica,"Estadística de quejas, peticiones, sugerencias y/o reconocimientos del sistema OpinaRed",Sin descripcion,Estatal; Federal; Municipal; Organismos Autonomos,0
Dependencia_Competente,Categorica,"Estadística de quejas, peticiones, sugerencias y/o reconocimientos del sistema OpinaRed",Sin descripcion,"3 MUSEOS; APODACA; CENTRO DE CONCILIACIoN LABORAL; CHINA; COLEGIO MILITARIZADO ""GENERAL MARIANO ESCOBEDO""""""; COLEGIO MILITARIZADO GENERAL MARIANO ESCOBEDO; COMISIoN FEDERAL DE ELECTRICIDAD; CONGRESO DEL ESTADO; CONSEJO PARA LA CULTURA Y LAS ARTES DE NUEVO LEON; CONSEJO PARA LA CULTURA Y LAS ARTES DE NUEVO LEoN; CONTRALORIA Y TRANSPARENCIA GUBERNAMENTAL; CONTRALORiA Y TRANSPARENCIA GUBERNAMENTAL; DOCTOR ARROYO; EL CARMEN; FISCALIA GENERAL DE JUSTICIA; GARCIA; GENERAL ESCOBEDO; GENERAL ZUAZUA; GUADALUPE; INSTITUTO DE CAPACITACIÓN Y EDUCACIÓN PARA EL TRABAJO DEL ESTADO DE NUEVO LEÓN; INSTITUTO DE CONTROL VEHICULAR; INSTITUTO DE DEFENSORIA PUBLICA DE NUEVO LEON; INSTITUTO DE DEFENSORIA PUBLICA DE NUEVO LEoN; INSTITUTO DE DEFENSORiA PuBLICA DE NUEVO LEoN; INSTITUTO DE MOVILIDAD Y ACCESIBILIDAD DEL ESTADO DE NUEVO LEON; INSTITUTO DE MOVILIDAD Y ACCESIBILIDAD DEL ESTADO DE NUEVO LEoN; INSTITUTO DE SEGURIDAD Y SERVICIOS SOCIALES DE LOS TRABAJADORES DEL ESTADO DE N.L.; INSTITUTO ESTATAL DE CULTURA FiSICA Y DEPORTE; INSTITUTO ESTATAL DE LA JUVENTUD; INSTITUTO ESTATAL DE LAS MUJERES (+65 mas)",0
Periodo,Entero (integer),"Estadística de quejas, peticiones, sugerencias y/o reconocimientos del sistema OpinaRed",Sin descripcion,2023 a 2026,0
Mes,Categorica,"Estadística de quejas, peticiones, sugerencias y/o reconocimientos del sistema OpinaRed",Sin descripcion,Abr; Ago; Dic; Ene; Feb; Jul; Jun; Mar; May; Nov; Oct; Sep,0
Tipo_de_Opinion,Categorica,"Estadística de quejas, peticiones, sugerencias y/o reconocimientos del sistema OpinaRed",Sin descripcion,Peticion; Petición; Queja; Reconocimiento / Felicitacion; Reconocimiento / Felicitación; Sugerencia,0
Clasificacion,Categorica,"Estadística de quejas, peticiones, sugerencias y/o reconocimientos del sistema OpinaRed",Sin descripcion,Instalaciones  y Mobiliario; Material; Servicio; Servidor Publico; Servidor Público,0
Tema,Categorica,"Estadística de quejas, peticiones, sugerencias y/o reconocimientos del sistema OpinaRed",Sin descripcion,Areas Externas; Atencion y Trato; Atención y Trato; Ausencia; Condicion; Condición; Costo; Duracion; Duración; Escasez; Estacionamiento; Herramientas y Equipo; Horario; Imagen; Informacion; Información; Limpieza y Orden; Maltrato de Bienes; Negligencia; Procedimiento; Puntualidad; Senalizacion; Sistema,0
Municipio_de_hechos,Categorica,"Estadística de quejas, peticiones, sugerencias y/o reconocimientos del sistema OpinaRed",Sin descripcion,ABASOLO; AGUALEGUAS; ALLENDE; ANAHUAC; APODACA; CADEREYTA JIMENEZ; CADEREYTA JIMeNEZ; CHINA; CIeNEGA DE FLORES; DOCTOR ARROYO; EL CARMEN; GALEANA; GARCIA; GARCiA; GARCÍA; GENERAL BRAVO; GENERAL ESCOBEDO; GENERAL TERaN; GENERAL ZUAZUA; GUADALUPE; HIDALGO; JUAREZ; JUaREZ; JUÁREZ; LINARES; LOS HERRERAS; MARIN; MARiN; MARÍN; MIER Y NORIEGA (+17 mas),0
Anonima,Booleana,"Estadística de quejas, peticiones, sugerencias y/o reconocimientos del sistema OpinaRed",Sin descripcion,No; Si,0
Sexo,Categorica,"Estadística de quejas, peticiones, sugerencias y/o reconocimientos del sistema OpinaRed",Sin descripcion,Hombre; Mujer; No declarado,0
Tipo_medio_de_recepcion,Categorica,"Estadística de quejas, peticiones, sugerencias y/o reconocimientos del sistema OpinaRed",Sin descripcion,Buzon; Buzón; CTG; Correo; Correo electronico; Escrito; Internet; Modulo; Telefonico; Teléfonico,0
Estatus,Categorica,"Estadística de quejas, peticiones, sugerencias y/o reconocimientos del sistema OpinaRed",Sin descripcion,En proceso; Finalizada,0
Periodo,Entero (integer),Frecuencia Servicios Prestados Parque Fundidora,Año del reporte,2025 a 2025,0
Mes,Categorica,Frecuencia Servicios Prestados Parque Fundidora,Mes del reporte,Abril; Agosto; Diciembre; Enero; Febrero; Julio; Junio; Marzo; Mayo; Noviembre; Octubre; Septiembre,0
Estacionamientos,Entero (integer),Frecuencia Servicios Prestados Parque Fundidora,Frecuencia del uso de estacionamientos,77108 a 108789,0
Expresso_Fundidora,Entero (integer),Frecuencia Servicios Prestados Parque Fundidora,Frecuencia del uso del expresso fundidora,0 a 2926,0
Paseo_Santa_Lucia,Entero (integer),Frecuencia Servicios Prestados Parque Fundidora,Frencuencia del uso del paseo en lancha,30533 a 53691,0
Pemiso_uso_instalaciones,Entero (integer),Frecuencia Servicios Prestados Parque Fundidora,Cantidad de permisos solicitados para actividades o convivios,1 a 9,0
Permisos_toma_fotografías,Entero (integer),Frecuencia Servicios Prestados Parque Fundidora,Cantidad de permisos solicitados para toma de foto o video,3 a 216,0
Renta_Carritos,Entero (integer),Frecuencia Servicios Prestados Parque Fundidora,Cantidad de veces que se rentaron carritos,0 a 125,0
Renta_Espacios_Eventos,Entero (integer),Frecuencia Servicios Prestados Parque Fundidora,Cantidad de veces que se rentaron espacios,4 a 19,0
municipio,Categorica,Fuentes de agua,Municipio del Estado de Nuevo Leon,Abasolo; Allende; Apodaca; Cerralvo; China; Cienega de Flores; Doctor Coss; Doctor Gonzalez; Galeana; Garcia; General Bravo; General Escobedo; General Teran; General Zaragoza; General Zuazua; Guadalupe; Hidalgo; Juarez; Linares; Melchor Ocampo; Mina; Montemorelos; Monterrey; Pesqueria; Sabinas Hidalgo; San Nicolas de los Garza; San Pedro Garza Garcia; Santa Catarina; Santiago; Villaldama,0
fuente_agua,Categorica,Fuentes de agua,Tipo de origen del cual se capta o extrae el agua para abastecimiento.,Galeria filtrante; Manantial; Pozo; Presa; Rio,0
cantidad,Entero (integer),Fuentes de agua,Cantidad de fuentes de agua por municipio y origen,1 a 55,0
id_indicador,Entero (integer),Indicadores de Desempeño del Gobierno del Estado de Nuevo León.,Clave numerica unica que identifica al indicador dentro del conjunto de datos,1 a 1551,0
nombre_indicador,Texto libre,Indicadores de Desempeño del Gobierno del Estado de Nuevo León.,Nombre oficial del indicador conforme al plan estatal de desarrollo y al informe anual del gobernador,86 valores unicos,0
descripcion,Texto libre,Indicadores de Desempeño del Gobierno del Estado de Nuevo León.,Sin descripcion,86 valores unicos,0
sentido,Categorica,Indicadores de Desempeño del Gobierno del Estado de Nuevo León.,Sin descripcion,CRECIENTE; DECRECIENTE,0
unidad_medida,Texto libre,Indicadores de Desempeño del Gobierno del Estado de Nuevo León.,Sin descripcion,31 valores unicos,0
frecuencia,Categorica,Indicadores de Desempeño del Gobierno del Estado de Nuevo León.,Sin descripcion,ANUAL; BIENAL; MENSUAL; QUINQUENAL; TRIMESTRAL,0
fuente,Texto libre,Indicadores de Desempeño del Gobierno del Estado de Nuevo León.,Sin descripcion,63 valores unicos,0
meta_ped,Numerica (decimal),Indicadores de Desempeño del Gobierno del Estado de Nuevo León.,Sin descripcion,0.32 a 4.46e+08,0
dependencia_reporta,Categorica,Indicadores de Desempeño del Gobierno del Estado de Nuevo León.,Sin descripcion,"AGUA Y DRENAJE DE MONTERREY, I.P.D.; COMISION ESTATAL DE MEJORA REGULATORIA; CONTRALORIA Y TRANSPARENCIA GUBERNAMENTAL; DIRECCION ADMINISTRATIVA; DIRECCION DE COMPETITIVIDAD E INNOVACION TURISTICA; FIDEICOMISO DE DESARROLLO URBANO; INSTITUTO DE INNOVACION Y TRANSFERENCIA DE TECNOLOGIA DE NUEVO LEON; INSTITUTO DE LA VIVIENDA DE NUEVO LEON; INSTITUTO DE MOVILIDAD Y ACCESIBILIDAD DEL ESTADO DE NUEVO LEON; INSTITUTO DE PROFESIONALIZACION PARA EL SERVICIO PUBLICO DEL ESTADO DE NUEVO LEON; INSTITUTO ESTATAL DE CULTURA FISICA Y DEPORTE; INSTITUTO ESTATAL DE LAS MUJERES; SECRETARIA DE ADMINISTRACION; SECRETARIA DE CULTURA; SECRETARIA DE DESARROLLO REGIONAL Y AGROPECUARIO; SECRETARIA DE ECONOMIA; SECRETARIA DE FINANZAS Y TESORERIA GENERAL DEL ESTADO; SECRETARIA DE IGUALDAD E INCLUSION; SECRETARIA DE LAS MUJERES; SECRETARIA DE MEDIO AMBIENTE; SECRETARIA DE MOVILIDAD Y PLANEACION URBANA; SECRETARIA DE PARTICIPACION CIUDADANA; SECRETARIA DE SALUD; SECRETARIA DE SEGURIDAD; SECRETARIA DEL TRABAJO; SERVICIOS DE AGUA Y DRENAJE DE MONTERREY, I.P.D.; SISTEMA INTEGRAL PARA EL MANEJO ECOLOGICO Y PROCESAMIENTO DE DESECHOS",0
eje_ped,Categorica,Indicadores de Desempeño del Gobierno del Estado de Nuevo León.,Sin descripcion,BUEN GOBIERNO; IGUALDAD; RIQUEZA,0
notas,Texto libre,Indicadores de Desempeño del Gobierno del Estado de Nuevo León.,Sin descripcion,38 valores unicos,46.5
Planteles,Categorica,Información de Planteles CONALEP NL,Nombre del plantel,Allende (314) Jose Maria Paras y Ballesteros; Apodaca (289) Dr. Carlos Canseco Gonzalez; Cadereyta (332); Cienaga (300) Joel Rocha Barocio; Dr. Arroyo (135); GPE 1 (038) Lic. Raul Rangel Frias; GPE 2 (295) Don Victor Gomez Garza; Juarez (296) Don Benjamin Salinas Westrup; Linares (090) Don Protasio Rodriguez Cuellar; MTY 1 (037) Jose Antonio Padilla Segura; MTY 2 (123) Dr. Eduardo Macias Santos; MTY 3 (254) Ing. Adrian Sada Trevino; MTY 4 (333) San Bernabe Barbara Herrera de Garza; San Nicolas 1 (091) Ing. Gustavo M. de la Garza Ortega; San Nicolas 2 (213) Don Jose Maria Hernandez Martinez; Santa Catarina (242) Humberto Lobo Villarreal; Santiago (290) Don Carlos Maldonado Elizondo,0
Ubicacion,Categorica,Información de Planteles CONALEP NL,Dirección y ubicación del plantel,"AV. ADOLFO Lï¿½ï¿½ï¿½ï¿½ï¿½ï¿½ï¿½ï¿½ï¿½PEZ MATEOS, KM 2.5, COL. LAGRANGE, UNIDAD DEPORTIVA ORIENTE, SAN NICOLï¿½ï; AV. ARROYO S/N Y ART.133, FRACC.UNIDAD LABORAL,SAN NICOLï¿½ï¿½ï¿½ï¿½ï¿½ï¿½ï¿½ï¿½ï¿½S D; AV. MIGUEL RAMOS ARIZPE S/N, COL. INDUSTRIAL LA SILLA,GUADALUPE,N.L. CP. 67199; AV. SERAFï¿½ï¿½ï¿½ï¿½ï¿½ï¿½ï¿½ï¿½ï¿½N PEï¿½ï¿½ï¿½ï¿½ï¿½ï¿½ï¿½ï¿½ï¿½A S/N Y EMILIANO ZAPATA; CALZADA SANTA TERESA S/N,FRACC. SANTA CLARA,SAN PEDRO DE LOS FIERROS,SANTIAGO,N.L. CP. 67307; CAMINO A TIERRA BLANCA, KM 1.5, CONGREGACIï¿½ï¿½ï¿½ï¿½ï¿½ï¿½ï¿½ï¿½ï¿½N ANASTACIA DE TREVIï¿½ï¿½ï¿½; CARRETERA A CADEREYTA, KM 31 SECCION DE LOS SABINOS, ALLENDE, N.L. CP. 67353; CUAHTï¿½ï¿½ï¿½ï¿½ï¿½ï¿½ï¿½ï¿½ï¿½MOC NO 505 SUR, ZONA CENTRO, CADERE; GASPAR CASTAï¿½ï¿½ï¿½ï¿½ï¿½ï¿½ï¿½ï¿½ï¿½O S/N Y RHODESIA DEL NORTE, FRACC. VILLA DE SAN CARLOS,SEGUNDO SEC; IRIS NO 220, COL. VILLAS DE SAN JOSï¿½ï¿½ï¿½ï¿½ï¿½ï¿½ï¿½ï¿½ï; ISIDORO GARZA N 500, COL. INDUSTRIAS DEL VIDRIO, MONTERREY, N.L. CP. 66470; JOSï¿½ï¿½ï¿½ï¿½ï¿½ï¿½ï¿½ï¿½ï¿½ MARï¿½ï¿½ï¿½ï¿½ï¿½ï¿½ï¿½ï¿½ï¿½A MORE; LERDO DE TEJADA S/N Y RICARDO CASTRO, COL. SAN ANTONIO,LINARES,N.L. CP. 67790; MARIANO ARISTA NO 3301,COL. VIDRIERA, MONTERREY, N.L. CP 64520; PRIMERA AVENIDA No 900 COL. SANTA MARTHA, SANTA CATARINA N.L. C.P 66350; PROL. AZTLï¿½ï¿½ï¿½ï¿½ï¿½ï¿½ï¿½ï¿½ï¿½N S/N COL. SAN BERNABE,OCTAVO SECT; PROL.RUIZ CORTï¿½ï¿½ï¿½ï¿½ï¿½ï¿½ï¿½ï¿½ï¿½NES S/N, COL. VALLE DEL INFONAVI",0
Telefono,Categorica,Información de Planteles CONALEP NL,Número de télefono de contacto,488888 01 76 / 488888 04 64; 811088 39 95 / 811088 39 96 / 811088 39 97; 812450 22 49 / 812450 22 52; 818233 69 16 / 818233 69 17; 818282 38 93 / 818282 38 55 / 818282 38 94; 818301 29 12; 818313 83 20 / 818313 83 21; 818313 86 89 / 818313 86 85; 818351 84 33 / 818331 05 10; 818360 40 51 / 818360 10 51; 818379 76 60 / 818379 42 18; 818381 22 80 / 818339 00 22; 818388 10 07 / 818388 09 75; 821212 69 30 / 821212 37 00; 825238 12 43 / 825238 58 11 / 825238 50 08; 826265 62 81 / 826688 05 55 / 826688 01 55; 828111 05 88 / 828111 05 28,0
Correo_electronico,Categorica,Información de Planteles CONALEP NL,Sin descripcion,plantel.adm091@nl.conalep.edu.mx; plantel.adm333@nl.conalep.edu.mx; plantel037@nl.conalep.edu.mx; plantel038@nl.conalep.edu.mx; plantel090@nl.conalep.edu.mx; plantel123@nl.conalep.edu.mx; plantel135@nl.conalep.edu.mx; plantel213@nl.conalep.edu.mx; plantel242.adm@nl.conalep.edu.mx; plantel254@nl.conalep.edu.mx; plantel289@nl.conalep.edu.mx; plantel290@nl.conalep.edu.mx; plantel295@nl.conalep.edu.mx; plantel296@nl.conalep.edu.mx; plantel300@nl.conalep.edu.mx; plantel314@nl.conalep.edu.mx; plantel332@nl.conalep.edu.mx,0
Carreras,Categorica,Información de Planteles CONALEP NL,Carreras disponibles,"Alimentos y Bebidas
-Contabilidad
- Informatica; Alimentos y Bebidas
-Contabilidad
-Hospitalidad Turistica
-Plast; Artes Graficas
-Electromecanica Industrial
-Maquinas-Herramienta
-Refrigeracion y Clima; Asistente Directivo
-Mantenimiento Automotriz
-Mantenimiento de Sistemas Electronicos
-Maquinas-Herramientas; Ciencia de Datos e Inteligencia Artificial
-Mecatronica
-Electromecï¿½ï¿½ï¿½ï¿½ï¿½ï¿½ï¿½ï¿½ï¿½nica; Ciencia de Datos e Inteligencia Artificial
-Metalmecanica
-Soldaduras Industriales, Electromecanica Indust; Contabilidad
-Electromecanica Industrial
-Quimica Industrial
- Motores a Diesel
-Maquinas-Herramienta-Soldaduras Indust; Contabilidad
-Enfermeria General
-Electromecanica Indust; Contabilidad
-Enfermeria General
-Optometr; Contabilidad, Motores a Diesel, Autotransporte; Electromecanica Industrial
-Mantenimiento de Motores y Planeadores
-Maquinas-Herramienta
- Autotronica
-Construccion; Electromecanica Industrial, Fuentes Alternas de Energia, Seguridad e Higiene y Proteccion; Enfermeria General, Informatica, Fuentes Alternas de Energia; Mantenimiento Automotriz
-Informatica
-Electromecanica Industrial
-Maquinas-Herramientas; Mantenimiento de Sistemas Electronicos
-Ciencia de Datos e Inteligencia Artificial
-Productividad Industrial
-Telecomunicacion; Mecatronica
-Metalmecanica
-Contabilidad
- Soporte y Mantenimiento de Equipo de Computo - Soldaduras Industrial; Quimica Industrial
-Mecatronica
-Motores a Diesel
-Asistente Directo",0
Matricula,Entero (integer),Información de Planteles CONALEP NL,Sin descripcion,237 a 2905,0
periodo,Categorica,Información del Sistema de Transporte Público SETME 2024–2025,Años de referencia del periodo anual al que pertenece la información de la ruta.,2024-2025,0
mes_publicacion,Categorica,Información del Sistema de Transporte Público SETME 2024–2025,Mes del registro o de actualización de la información.,Septiembre,0
modalidad_SETME,Categorica,Información del Sistema de Transporte Público SETME 2024–2025,"Tipo de servicio o modalidad operativa de la ruta, según la clasificación oficial del SETME.",Alimentadora; Alimentadoras; Directa; Directas; IMA; Remanente; Remanentes; Sin Dato; Troncal; Troncales,0
nombre_ruta,Texto libre,Información del Sistema de Transporte Público SETME 2024–2025,Nombre o denominación oficial de la ruta de transporte público.,268 valores unicos,0
georeferencia,Texto libre,Información del Sistema de Transporte Público SETME 2024–2025,Enlace web al mapa interactivo donde se visualiza el recorrido de la ruta.,157 valores unicos,93.3
cantidad_unidades,Entero (integer),Información del Sistema de Transporte Público SETME 2024–2025,Número de unidades asignadas a la ruta.,1 a 53,94.3
nombre_concesionario,Categorica,Información del Sistema de Transporte Público SETME 2024–2025,Nombre de la empresa o concesionario que opera la ruta.,Auto Transportes MonGar SA de CV; Camiones Monterrey SA; Canu Logisitics Group SRL de CV; Circulo Azul SA; Gruas Transporte Publico GTP SA de CV; Grupo Terrestre Ayma SA de CV; Lazcano SA; Medios del Transporte HADO SA de CV; Movilidad Agil Metropolitana SA de CV; Movilidad Publica ERS SA de CV; Perifericas Lazcano SA; Regio Avance Metropolitano SA de CV; Ruta 13 Pedregal Centro SC; Ruta 313 Fomerrey 1 San Jeronimo SC; Ruta 341 Pesqueria SA de CV; Ruta Periferica 203 SA de CV; Servicios Corporativos Tenlasa SA de CV; Sin Dato; T Urbanos Guadalupe Ruta 99 SA de CV; Transportes Garcia Monterrey SA de CV; Transportes Huinala Monterrey SA de CV; Transportes Kasal SA de CV; Transportes Urbanos Exposicion SA de CV; Transportes Urbanos Ruta 93 SA de CV; Transportes Urbanos Ruta 93 SA de CV | Union de Permisionarios de Microbuses Ruta 310 SC; Transportes Urbanos del Sur SC; Transportes del Poniente Ruta 501 SA de CV; Union de Permisionarios Ruta 103 SC; Union de Permisionarios Ruta 129 SC; Union de Permisionarios Ruta 134 Las Puentes San Nicolas SA de CV (+8 mas),94.3
fecha_permiso,Tiempo (fecha/hora),Información del Sistema de Transporte Público SETME 2024–2025,Fecha de emisión del permiso de operación.,2023-04-11 00:00:00 a 2025-10-28 00:00:00,94.3
tarifa,Categorica,Información del Sistema de Transporte Público SETME 2024–2025,"Tarifa vigente por viaje individual, actualizada hasta septiembre de 2025.",16; Sin Valor,94.3
horario_funcionamiento,Categorica,Información del Sistema de Transporte Público SETME 2024–2025,Horario de operación diaria del servicio.,04:30-23:30; Sin Valor,94.3
pasajeros_periodo,Texto libre,Información del Sistema de Transporte Público SETME 2024–2025,Número de pasajeros transportados en el periodo reportado.,130 valores unicos,94.3
km_prestados_periodo,Texto libre,Información del Sistema de Transporte Público SETME 2024–2025,Kilómetros recorridos durante el periodo reportado.,130 valores unicos,94.3
cumplimiento,Categorica,Información del Sistema de Transporte Público SETME 2024–2025,Indicador de cumplimiento operativo del servicio.,Sin Valor,94.3
IPK_promedio_periodo,Categorica,Información del Sistema de Transporte Público SETME 2024–2025,Índice Pasajeros–Kilómetro promedio del periodo.,"0,163; 0,176; 0,292; 0,308; 0,34; 0,357; 0,361; 0,394; 0,398; 0,401; 0,419; 0,423; 0,5; 0,519; 0,61; 0,616; 0,639; 0,657; 0,663; 0,689; 0,698; 0,702; 0,703; 0,707; 0,709; 0,72; 0,731; 0,749; 0,772; 0,784 (+86 mas)",94.3
tiempo_recorrido,Categorica,Información del Sistema de Transporte Público SETME 2024–2025,Tiempo promedio de recorrido de la ruta (en minutos).,101; 102; 107; 111; 113; 114; 116; 117; 118; 120; 122; 124; 125; 126; 127; 128; 129; 130; 132; 133; 134; 135; 136; 137; 138; 139; 140; 142; 143; 144 (+55 mas),94.3
id_unidad,Texto libre,Información del Sistema de Transporte Público SETME 2024–2025,Identificador único de la unidad (versión anonimizada del número VIN por motivos de seguridad).,2184 valores unicos,12.3
placas_unidad,Texto libre,Información del Sistema de Transporte Público SETME 2024–2025,Matrícula o número de placas del vehículo.,1246 valores unicos,12.3
tipo_combustible,Entero (integer),Información del Sistema de Transporte Público SETME 2024–2025,Tipo de combustible utilizado por la unidad.,1 a 3,12.3
capacidad_max_pasajeros,Entero (integer),Información del Sistema de Transporte Público SETME 2024–2025,Capacidad máxima de pasajeros autorizada para la unidad.,70 a 90,12.3
antiguedad_unidad,Entero (integer),Información del Sistema de Transporte Público SETME 2024–2025,Antigüedad de la unidad en años.,0 a 2,12.3
aseguradora,Categorica,Información del Sistema de Transporte Público SETME 2024–2025,Nombre de la compañía que brinda el seguro a la unidad.,Afirme; Banorte; GNP Seguros; General de seguros; HDI Seguros; Qualitas; Sin Dato; Sura,12.3
tipo_cobertura,Categorica,Información del Sistema de Transporte Público SETME 2024–2025,Tipo de cobertura contratada en la póliza del seguro.,Amplia; Limitada; Responsabilidad civil; Sin Dato,12.3
fecha_vencimiento_seguro,Tiempo (fecha/hora),Información del Sistema de Transporte Público SETME 2024–2025,Fecha en que expira la póliza del seguro de la unidad.,2025-10-13 00:00:00 a 2031-09-25 00:00:00,12.3
tipo_instalacion,Categorica,Infraestructura de agua,"Describe la configuracion principal de infraestructura instalada de agua potable actualmente disponible o funcional en la red del organismo operador, como alimentador, acueducto, anillo o sus combinaciones.","alimentador; alimentador y acueducto; alimentador y anillo; alimentador, acueducto y anillo",0
longitud_km,Numerica (decimal),Infraestructura de agua,Longitud en kilometros de la infraestructura de agua potable identificada (si aplica),0.0228 a 1505,0
diametro,Entero (integer),Infraestructura de agua,Diametro en pulgadas de la infraestructura de agua potable identificada (si aplica),12 a 100,0
tipo_material,Categorica,Infraestructura de agua,Material(es) de construccion de la infraestructura identificada,"acero; acero,  concreto presforzado; acero,  concreto presforzado, acero soldado; acero,  concreto reforzado, concreto presforzado; acero, acero soldado, concreto presforzado; asbesto-cemento; asbesto-cemento, acero; asbesto-cemento, acero, concreto presforzado; asbesto-cemento, acero, concreto reforzado; asbesto-cemento, acero, pvc; asbesto-cemento, acero, pvc, polietileno",0
periodo,Entero (integer),Iniciación Deportiva,Ejercicio que se reporta,2025 a 2025,0
programa,Categorica,Iniciación Deportiva,Nombre del programa institucional al que pertenece la actividad,deporte social,0
disciplina,Categorica,Iniciación Deportiva,"Rama deportiva, cultural o tematica específica de la actividad",atletismo; badminton; box; ciclismo bmx; clavados; escalada deportiva; esgrima; halterofilia; judo; karate; lucha olimpica; natacion; natacion artistica; patines sobre ruedas; pentatlon; raquetbol; taekwondo; tenis; tenis de mesa; tiro con arco; tiro deportivo; voleibol de playa,0
nombre_actividad,Categorica,Iniciación Deportiva,"Que el menor aprenda los fundamentos basicos de la disciplina deportiva en la que practica para desarrollar sus capacidades fisicas, ademas de sociabilizar con sus companeros",iniciacion deportiva,0
frecuencia,Entero (integer),Iniciación Deportiva,Numero total de sesiones o veces que se realizo la actividad en el periodo reportado,1 a 8,0
duracion_actividad,Categorica,Iniciación Deportiva,Periocidad con la que se implementa la actividad,permanente,0
hora_inicio,Categorica,Iniciación Deportiva,Sin descripcion,16:00; 17:00; 17:30; 18:00,0
hora_fin,Categorica,Iniciación Deportiva,Sin descripcion,17:00; 17:30; 18:00; 18:30; 19:00; 19:30,0
sede,Categorica,Iniciación Deportiva,Nombre del inmueble o instalacion donde se realiza la actividad,parque ninos heroes,0
espacio,Categorica,Iniciación Deportiva,Area especifica dentro de la sede donde se desarrolla la actividad,"atletismo, alberca; campo tiro con arco; casa combates; casa raquetas; centro acuatico; centro tenistico; halterofilia; muro escalada; pabellon tiro; patinodromo; pista atletismo; pista bmx; voleibol playa",0
asistentes,Entero (integer),Iniciación Deportiva,Total de personas que participaron en la actividad,40 a 1462,0
hombres,Entero (integer),Iniciación Deportiva,Numero total de participantes del sexo masculino,0 a 748,0
mujeres,Entero (integer),Iniciación Deportiva,Numero total de participantes del sexo femenino,4 a 714,0
rango_edad,Categorica,Iniciación Deportiva,Clasificacion de los participantes segun grupo etario o categoria establecida por el programa,10 a 17; 3 a 17; 4 a  15; 4 a 17; 5 a 12; 5 a 17; 6 a 12; 6 a 14; 6 a 16; 6 a 17; 7 a  12; 7 a  17; 7 a 12; 7 a 17; 8 a 14; 8 a 17,0
Documento,Categorica,Insumos Políticas Públicas,Nombre del documento,Anexo_PEANL_Eje 1 Combatir la corrupcion y la impunidad; Anexo_PEANL_Eje 2 Combatir la arbitrariedad y el abuso de poder; Anexo_PEANL_Eje 3 Mejora de la gestion y de puntos de contacto entre la sociedad y gobierno; Anexo_PEANL_Eje 4 Involucramiento social en el control de la corrupcion; Politica Estatal Anticorrupcion de Nuevo Leon (PEANL); Programa de Implementacion de la Politica Estatal Anticorrupcion de Nuevo Leon,0
Descripcion ,Categorica,Insumos Políticas Públicas,Descripcion del contenido del documento,"Documento tecnico-operativo que establece las estrategias, lineas de accion, indicadores y metas que permitiran orientar, ejecutar y dar seguimiento a las acciones derivadas de la Politica Estatal Anticorrupcion.; En el Anexo encontraras datos estadisticos sobre denuncias, investigacion, substanciacion, procuracion e imparticion de justicia en faltas administrativas y hechos de corrupcion.; En el Anexo encontraras datos estadisticos sobre participacion y cultura ciudadana en materia anticorrupcion.; En el Anexo encontraras datos estadisticos sobre profesionalizacion en materia de Control Interno, Combate a la Corrupcion y Transparencia ; Procesos Institucionales y Auditorias.; En el Anexo encontraras datos estadisticos sobre puntos de contacto gobierno-ciudadania y gobierno-sector privado, mejora regulatoria, contacto con instituciones de seguridad publica y contrataciones publicas.; La PEANL es un instrumento estrategico que establece objetivos y prioridades para enfrentar el problema publico de la corrupcion en el Estado.",0
Hipervinculo ,Categorica,Insumos Políticas Públicas,Liga de consulta del documento,https://seseanl.gob.mx/politica-estatal-anticorrupcion-2/; https://seseanl.gob.mx/wp-content/uploads/Combatir-la-arbitrariedad-y-el-abuso-de-poder.xlsx; https://seseanl.gob.mx/wp-content/uploads/Combatir-la-corrupcion-y-la-impunidad.xlsx; https://seseanl.gob.mx/wp-content/uploads/Involucramiento-social-en-el-control-de-la-corrupcion.xlsx; https://seseanl.gob.mx/wp-content/uploads/Mejora-de-la-gestion-y-de-puntos-de-contacto-entre-la-sociedad-y-el-gobierno.xlsx; https://seseanl.gob.mx/wp-content/uploads/PI-PEANL-1.pdf,0
periodo_informe,Tiempo (fecha/hora),Inventario de bienes inmuebles,Tiempo en que se hace o sucede algo,2025-12-01 00:00:00 a 2025-12-01 00:00:00,0
denominacion_inmueble,Texto libre,Inventario de bienes inmuebles,Referencia catastral,81 valores unicos,0
tipo_vialidad,Categorica,Inventario de bienes inmuebles,Clasificacion tecnica de una via publica principal,Avenida; Calle; Carretera,0
nombre_vialidad,Categorica,Inventario de bienes inmuebles,Identificacion especifica o nombre propio asignado a una via publica,Abraham Lincoln; Arroyo Santa Ana; Carretera Dulces Nombres; Carretera Nacional Montemorelos; Felix U. Gomez; Felix U. Gomez Norte; Felix U. Gomez Sur; Felix U. Gomez y Ruperto Mtz.; Francisco Javier Mina; Gonzalez Ortega Ote.; Heroes del 47 Sur; Juan I. Ramon; Juan Ignacio Ramon; Juan Ignacio Ramon Oriente; Mina Sur; Plation Sanchez Sur; Priv. Julian Villarreal Sur; Privada Felix U. Gomez Nte; Privada Riva Palacio; Privada Riva Palacio Ote.; Privada Riva Palacio y J. Villarreal; Riva Palacio; Riva Palacio Ote.; Washington Ote. y H. del 47; Washington y A Coello Elizondo,0
numero_exterior,Texto libre,Inventario de bienes inmuebles,"Conjunto de caracteres alfanumericos y simbolos (n?meros, letras, guiones) que identifican de manera unica un inmueble (casa, edificio o terreno) sobre una vialid",73 valores unicos,0
tipo_ asentamiento,Categorica,Inventario de bienes inmuebles,"Clasificacion y caracteristicas de un lugar habitado por seres humanos, definido por su tamano, estructura, densidad y nivel de desarrollo (formal o informal)",Ciudad; Region,0
nombre_localidad,Categorica,Inventario de bienes inmuebles,Denominacion propia o especifica que identifica a un lugar habitado o zona geografica donde una comunidad se ha establecido,Apodaca; Montemorelos; Monterrey,0
entidad_Federativa,Categorica,Inventario de bienes inmuebles,"Cualquier lugar, asentamiento o nucleo de poblacion",Nuevo Leon,0
codigo_postal,Entero (integer),Inventario de bienes inmuebles,serie de numeros asignada a zonas geograficas especificas para facilitar la clasificacion,64000 a 67113,0
naturaleza_Inmueble,Categorica,Inventario de bienes inmuebles,Clasificacion de un bien por su ubicacion,Rustica; Urbana,0
tipo_inmueble,Categorica,Inventario de bienes inmuebles,"Se refiere a su clasificacion juridica y catastral basada en la ubicacion, el uso principal del suelo, la infraestructura disponible y las normas de ordenamiento territorial que lo rigen",Mixto; Terreno,0
uso_inmueble,Categorica,Inventario de bienes inmuebles,"significa que la propiedad esta regulada para permitir mas de un tipo de actividad (residencial, comercial, oficinas o servicios) en el mismo terreno o edificacion.",Andador; Arco vial sureste; Area verde; Avenida; Canal; Canal de santa lucï¿; Casa habitacion; Ecovia; Estacionamiento; Paseo santa lucia; Terreno baldio; Terreno baldï¿; Torre administrativa y pabellon ciudadano; Vialidad; ýrea verde,0
operacion_origen,Categorica,Inventario de bienes inmuebles,"se refiere a la clasificacion legal y urbanistica que determina la actividad o proposito permitido para un terreno, edificacion o propiedad",Adquisicion,0
titulos_propiedad,Categorica,Inventario de bienes inmuebles,documento legal oficial que acredita a una persona fisica o moral como duena legitima de un inmueble,Escrituras,0
numero_licencia,Entero (integer),LICENCIAS DE ALCOHOLES 2026,Número que identifica la licencia otorgad,3 a 17365,0
municipio,Categorica,LICENCIAS DE ALCOHOLES 2026,Municipio en el que se emite la licencia y ubica el inmueble,ABASOLO; ALLENDE; ANÃHUA; APODACA; CADEREYTA JIMENEZ; CD. BENITO JUAREZ; CERRALVO; CHINA; CIÃ‰NEGA DE FLORE; EL CARMEN; GALEANA; GARCIA; GARZA GARCIA; GENERAL ZUAZUA; GRAL. BRAVO; GRAL. ESCOBEDO; GUADALUPE; Guadalupe; HIDALGO; LINARES; LOS RAMONES; MONTEMORELOS; MONTERREY; Monterrey; PESQUERÃ; SABINAS HIDALGO; SALINAS VICTORIA; SAN NICOLÃS DE LOS GARZ; SANTA CATARINA; SANTIAGO (+1 mas),0
domicilio,Texto libre,LICENCIAS DE ALCOHOLES 2026,Domicilio de ubicación del establecimient,2369 valores unicos,0
nombre_comercial,Texto libre,LICENCIAS DE ALCOHOLES 2026,Nombre comercial del establecimiento,1955 valores unicos,3.7
giro_comercial,Categorica,LICENCIAS DE ALCOHOLES 2026,Actividad económica principal que define la naturaleza de la licencia emitid,"ABARROTES CON VENTA DE CERVEZA; ABARROTES CON VENTA DE CERVEZA, VINOS Y LICORES; ABARROTES GOMEZ; ABARROTES L. FATIMA; ABARROTES SAN CRISTOBAL; ABARROTES VANESSA; ABARROTES Y DEPOSITO; AGENCIA; BAR CON EXPENDIO Y CONSUMO DE CERVEZA, VINOS Y LICORES; CANTINA (BILLARES CON EXPENDIO Y CONSUMO DE CERVEZA); CANTINA (BILLARES CON EXPENDIO Y CONSUMO DE CERVEZA, VINOS Y LICORES); CANTINA CON EXPENDIO Y CONSUMO DE CERVEZA, VINOS Y LICORES; CAPITOLIO; CARNES Y LACTEOS SEPÃšLVED; CENTRO DE ESPECTÃCULOS DEPORTIVOS O RECREATIVO; CENTRO DE ESPECTÃCULOS DEPORTIVOS O RECREATIVOS EN LA MODALIDAD DE ESTADIO DE FUTBO; CENTRO DEPORTIVO CON EXPENDIO Y CONSUMO DE CERVEZA,VINOS Y LICORES; CENTRO SOCIAL CON CONSUMO DE CERVEZA, VINOS Y LICORES; CENTRO SOCIAL CON EXPENDIO Y CONSUMO DE CERVEZA, VINOS Y LICORES; CENTRO SOCIAL GENESIS; CERVECERÃA; CLUB DEPORTIVO LAS FUENTES; CLUB SOCIAL CON CONSUMO DE CERVEZA, VINOS Y LICORES; CLUB SOCIAL CON EXPENDIO Y CONSUMO DE CERVEZA, VINOS Y LICORES; DEPOSITO CENTRAL; DEPOSITO CON VENTA DE CERVEZA; DEPÃ“SITO (LICORERÃ; DEPÃ“SITO CON VENTA DE CERVEZ; DEPÃ“SITO CON VENTA DE CERVEZA, VINOS Y LICORE; EL RICAS (+25 mas)",0
fecha_expediciÃ³,Tiempo (fecha/hora),LICENCIAS DE ALCOHOLES 2026,Sin descripcion,2021-01-04 00:00:00 a 2026-03-30 00:00:00,0
anuencia_muicipal,Texto libre,LICENCIAS DE ALCOHOLES 2026,Sin descripcion,2272 valores unicos,0
estatus,Categorica,LICENCIAS DE ALCOHOLES 2026,Estado de la licencia,VIGENTE,0
nombre_programa,Categorica,LOTES ASIGNADOS,"Denominacion oficial del programa publico al que pertenece el beneficio otorgado:
ASIGNACIONES: Enfocado en dotar de terrenos urbanizados, viviendas dignas y certeza juridica a familias de escasos recursos o grupos vulnerables. Facilita la adquisición de propiedades con costos accesibles y opciones de financiamiento.",ASIGNACIONES,0
tipo_accion,Categorica,LOTES ASIGNADOS,"Clasificacion especifica de la accion realizada dentro del programa de asignaciones:

LOTES ASIGNADOS: Otorga a una persona beneficiaria el derecho a ocupar y adquirir un terreno destinado a vivienda social.",LOTES ASIGNADOS,0
periodo_alta,Entero (integer),LOTES ASIGNADOS,Periodo en que la persona fue incorporada oficialmente al programa,2021 a 2026,0
municipio,Categorica,LOTES ASIGNADOS,Municipio donde se realizo la accion del programa,APODACA; CADEREYTA JIMENEZ; CHINA; CIENEGA DE FLORES; DOCTOR GONZALEZ; EL CARMEN; GARCIA; GENERAL ESCOBEDO; GUADALUPE; JUAREZ; LINARES; MONTERREY; SALINAS VICTORIA; SAN NICOLAS DE LOS GARZA; SAN PEDRO GARZA GARCIA; SANTA CATARINA,0
total_beneficiarios,Entero (integer),LOTES ASIGNADOS,Total de personas beneficiarias del programa,1 a 237,0
genero_femenino,Entero (integer),LOTES ASIGNADOS,Numero de personas beneficiarias de genero femenino,0 a 163,0
genero_masculino,Entero (integer),LOTES ASIGNADOS,Numero de personas beneficiarias de genero masculino,0 a 74,0
edad_18_a_29,Entero (integer),LOTES ASIGNADOS,Numero de personas beneficiarias pertenecientes al grupo etario juventud,0 a 73,0
edad_30_a_59,Entero (integer),LOTES ASIGNADOS,Numero de personas beneficiarias pertenecientes al grupo etario adultez,0 a 162,0
edad_60_y_mas,Entero (integer),LOTES ASIGNADOS,Numero de personas beneficiarias pertenecientes al grupo etario vejez,0 a 28,0
tipo_apoyo,Categorica,LOTES ASIGNADOS,"Modalidad del apoyo otorgado, se refiere a la entrega directa de bienes o servicios a una persona beneficiaria, sin otorgar dinero.",ESPECIE,0
periodicidad,Categorica,LOTES ASIGNADOS,"Frecuencia con la que se entrega el apoyo, se refiere al beneficio que se otorga en una sola ocasion sin caracter periodico ni recurrente.",UNICO,0
nombre_programa,Categorica,LOTES REGULARIZADOS CONTRATADOS,"Denominacion oficial del programa publico al que pertenece el beneficio otorgado:
ASIGNACIONES: Enfocado en dotar de terrenos urbanizados, viviendas dignas y certeza juridica a familias de escasos recursos o grupos vulnerables. Facilita la adquisición de propiedades con costos accesibles y opciones de financiamiento.",ASIGNACIONES,0
tipo_accion,Categorica,LOTES REGULARIZADOS CONTRATADOS,"Clasificacion especifica de la accion realizada dentro del programa de asignaciones:

LOTES REGULARIZADOS CONTRATADOS: Brinda a la persona beneficiaria la oportunidad de acceder legalmente a un terreno para vivienda mediante un esquema formal y accesible.",LOTES REGULARIZADOS CONTRATADOS,0
periodo_alta,Entero (integer),LOTES REGULARIZADOS CONTRATADOS,Periodo en que la persona fue incorporada oficialmente al programa,2022 a 2026,0
municipio,Categorica,LOTES REGULARIZADOS CONTRATADOS,Municipio donde se realizo la accion del programa,ABASOLO; GARCIA; GENERAL ESCOBEDO; GUADALUPE; JUAREZ; MONTERREY; SABINAS HIDALGO; SALINAS VICTORIA; SANTA CATARINA,0
total_beneficiarios,Entero (integer),LOTES REGULARIZADOS CONTRATADOS,Total de personas beneficiarias del programa,1 a 78,0
genero_femenino,Entero (integer),LOTES REGULARIZADOS CONTRATADOS,Numero de personas beneficiarias de genero femenino,0 a 52,0
genero_masculino,Entero (integer),LOTES REGULARIZADOS CONTRATADOS,Numero de personas beneficiarias de genero masculino,0 a 34,0
edad_18_a_29,Entero (integer),LOTES REGULARIZADOS CONTRATADOS,Numero de personas beneficiarias pertenecientes al grupo etario juventud,0 a 27,0
edad_30_a_59,Entero (integer),LOTES REGULARIZADOS CONTRATADOS,Numero de personas beneficiarias pertenecientes al grupo etario adultez,0 a 40,0
edad_60_y_mas,Entero (integer),LOTES REGULARIZADOS CONTRATADOS,Numero de personas beneficiarias pertenecientes al grupo etario vejez,0 a 17,0
tipo_apoyo,Categorica,LOTES REGULARIZADOS CONTRATADOS,"Modalidad del apoyo otorgado, se refiere a la entrega directa de bienes o servicios a una persona beneficiaria, sin otorgar dinero.",ESPECIE,0
periodicidad,Categorica,LOTES REGULARIZADOS CONTRATADOS,"Frecuencia con la que se entrega el apoyo, se refiere al beneficio que se otorga en una sola ocasion sin caracter periodico ni recurrente.",UNICO,0
periodo,Entero (integer),Licitaciones,Periodo en el que se genero la Licitacion,2025 a 2026,0
obra,Texto libre,Licitaciones,Nombre de la obra que se ralizara o se llevara a cabo,429 valores unicos,0
ubicacion,Texto libre,Licitaciones,Referencia a la ubicacion  y  municipio de la obra donde se ejecutara los trabajos  que realizara o llevara a cabo la empresa ganadora,437 valores unicos,0
descripcion_obra,Texto libre,Licitaciones,Los trabajos a realizar en la obra,70 valores unicos,0
licitacion,Texto libre,Licitaciones,"Concurso que se realizo para seleccionar a una  empresa para la ejecucion de una  obra, pudiendo ser: LICITACION PUBLICA ESTATAL:  ICIFED-OPE-CP-01-2025, con recurso estatal; INVITACION RESTRINGIDA: ICIFED-OPE-IR-01-2025; ADJUDICACION DIRECTA ESTATAL:ICIFED-OPE-AD-01-2025; ADJUDICACION DIRECTA FEDERAL: AO-919018982-E01-2025; LICITACION PUBLICA ESTATAL:  LO-919009986-E13-2025, con recurso federal",224 valores unicos,0
contrato,Texto libre,Licitaciones,Es el numero de contrato que se firmo con la empresa el cual incluye el periodo de  inicio y  termino de la obra correspondiente,479 valores unicos,0
monto,Numerica (decimal),Licitaciones,Monto del contrato de la obra,2.503e+05 a 6.676e+07,0
empresa,Texto libre,Licitaciones,Es el contratista responsable que ejecutara la obra relacionada siguiendo los terminos y condiciones establecidos en su contrato,82 valores unicos,0
Num_catalogo,Texto libre,Lista de libros del Fonedi,Sin descripcion,683 valores unicos,30.1
Titulo,Texto libre,Lista de libros del Fonedi,Sin descripcion,655 valores unicos,29.9
Autoria,Texto libre,Lista de libros del Fonedi,Sin descripcion,441 valores unicos,30
Coedicion,Texto libre,Lista de libros del Fonedi,Sin descripcion,172 valores unicos,38.1
Coleccion,Categorica,Lista de libros del Fonedi,Sin descripcion,30 anyos del Museo de Historia Mexicana; 4a Presencia; Alfonso Reyes ilustrado; Apapachos; Biblioteca Coral Aguirre; Capilla Alfonsina; Ciudad Internacional del Conocimiento; Clasicos para la Educacion Civica; Coetaneos; Coleccion REE; Colección Narrativa; Creacion en movimiento; Cumbre Extraordinaria de las Americas; Dialogos del Forum Universal de las Culturas - Monterrey 2007; Disertaciones; Educando para la igualdad de genero y para vivir libres de violencia; Guias de la naturaleza; Guiones de Victor Saca; Historia; Historia del Noreste Mexicano; Israel Cavazos Garza; La Historia en la Ciudad del Conocimiento; Libros de Alicia; Libros del Rincon (SEP); Me gustan; Memoria del futuro / Concursos; Narrativa; Nuestro Arte; Paseo de la Mujer Mexicana; Premio Museo de Historia Mexicana (+3 mas),68.8
Fecha_publicacion,Categorica,Lista de libros del Fonedi,Sin descripcion,2004; 2005; 2006; 2007; 2008; 2009; 2010; 2011; 2012; 2013; 2014; 2015; 2016; 2017; 2018; 2019; 2020; 2021; 2022; 2023; 2024; 2025; 2026; Arte y literatura- Ensayo,30.1
isbn,Texto libre,Lista de libros del Fonedi,Sin descripcion,481 valores unicos,30.7
Nivel,Categorica,Listado de Escuelas,Nivel escolar de la Escuela que cuenta la modalidad de tiempo completo o jornada ampliada,ED. ESPECIAL; PREESCOLAR; PRIMARIA; SECUNDARIA,0
CCT,Texto libre,Listado de Escuelas,Clave del centro de Trabajo,1320 valores unicos,0
Turno,Categorica,Listado de Escuelas,Horario asignado en el que se realiza la actividad escolar,DISCONTINUO; MATUTINO; VESPERTINO,0
Nombre_escuela,Texto libre,Listado de Escuelas,Nombre del centro educativo,942 valores unicos,0
Modalidad,Categorica,Listado de Escuelas,Modalidad de la escuela definidas,JA; TC,0
Calle,Texto libre,Listado de Escuelas,Nombre de la vialidad,715 valores unicos,0
Numero,Entero (integer),Listado de Escuelas,Caracteres alfanuméricos y símbolos que identifican un predio o inmueble en una vialidad,0 a 8477,0
Colonia,Texto libre,Listado de Escuelas,Nombre del asentamiento humano conocido como Colonia,878 valores unicos,0
Municipio,Categorica,Listado de Escuelas,Municipio en el cual se encuentra la escuela,ABASOLO; AGUALEGUAS; ALLENDE; ANAHUAC; APODACA; ARAMBERRI; BUSTAMANTE; CADEREYTA JIMENEZ; CERRALVO; CHINA; CIENEGA DE FLORES; DOCTOR ARROYO; DOCTOR COSS; DOCTOR GONZALEZ; EL CARMEN; GALEANA; GARCIA; GENERAL BRAVO; GENERAL ESCOBEDO; GENERAL TERAN; GENERAL TREVIÑO; GENERAL ZARAGOZA; GENERAL ZUAZUA; GUADALUPE; HIDALGO; HIGUERAS; HUALAHUISES; ITURBIDE; JUAREZ; LAMPAZOS DE NARANJO (+21 mas),0
Director,Texto libre,Listado de Escuelas,Sin descripcion,1318 valores unicos,0
cct,Texto libre,Listado de Telebachillerato,Clave del centro de trabajo del plantel con telebachillerato,76 valores unicos,0
plantel,Texto libre,Listado de Telebachillerato,Denominacion de la plantel educactivo con telebachillerato,76 valores unicos,0
municipio,Categorica,Listado de Telebachillerato,Municipio donde se encuentra la sede con telebachillerato,ALLENDE; ANAHUAC; ARAMBERRI; CADEREYTA JIMENEZ; CHINA; DOCTOR ARROYO; DOCTOR COSS; GALEANA; GARCIA; GENERAL TERAN; GENERAL TREVIÑO; HIGUERAS; ITURBIDE; LINARES; LOS HERRERAS; MELCHOR OCAMPO; MIER Y NORIEGA; MONTEMORELOS; PARAS; PESQUERIA; SALINAS VICTORIA; SANTIAGO; VALLECILLO; VILLALDAMA,0
domicilio,Texto libre,Listado de Telebachillerato,Domicilio donde se ubica el plantel,76 valores unicos,0
codigo_postal,Entero (integer),Listado de Telebachillerato,"Codigo que identifica una zona geográfica específica dentro del territorio nacional, con el fin de facilitar la localización, clasificación y distribución de correspondencia y servicios.",65000 a 67982,0
correo_electronico,Texto libre,Listado de Telebachillerato,correo electronico de contacto del plantel con telebachillerato,76 valores unicos,0
telefono,Texto libre,Listado de Telebachillerato,telefono de contacto del plantel con telebachillerato,75 valores unicos,0
Nivel,Categorica,Listado-Directorio CENDIS,Nivel escolar del Centros de Desarrollo Infantil,ED. INICIAL,0
CCT,Entero (integer),Listado-Directorio CENDIS,Clave del centro de Trabajo,1 a 13,0
Turno,Categorica,Listado-Directorio CENDIS,Horario asignado en el que se realiza la actividad escolar,MATUTINO,0
Nombre_cendi,Categorica,Listado-Directorio CENDIS,Sin descripcion,CENDI 1; CENDI 10; CENDI 11; CENDI 12; CENDI 13; CENDI 2; CENDI 3; CENDI 4; CENDI 5; CENDI 6; CENDI 7; CENDI 8; CENDI 9,0
Modalidad,Categorica,Listado-Directorio CENDIS,Modalidad de la escuela definidas,Turno Matutino,0
Calle,Categorica,Listado-Directorio CENDIS,Nombre de la vialidad,1 DE MAYO; AVE NO REELECCION; BUSTAMANTE; CERRO DEL VENADO; HIDALGO; MINERIA; PASEO DE LA AMISTAD; PIANISTAS Y GUITARRISTAS; PODER POPULAR; QUIJERA Y CLAVICORDIO; RUBEN JARAMILLO Y AVENIDA SAN MARTIN; TABASCO; UANL,0
Numero,Entero (integer),Listado-Directorio CENDIS,Caracteres alfanuméricos y símbolos que identifican un predio o inmueble en una vialidad,0 a 1116,0
Colonia,Categorica,Listado-Directorio CENDIS,Nombre del asentamiento humano conocido como Colonia,BUROCRATAS MUNICIPALES; CENTRO; FELIPE ANGELES; FOMERREY 112; GENARO VAZQUEZ; NUEVA DEMOCRACIA; PASEO SAN BERNABE; PRADERAS DE LOS GIRASOLES; PROVILEON; REFORMA URBANA; TIERRA PROPIA; TIERRA Y LIBERTAD; VILLA UNIVERSIDAD,0
Municipio,Categorica,Listado-Directorio CENDIS,Municipio en el cual se encuentra la escuela,APODACA; CIENEGA DE FLORES; GENERAL ESCOBEDO; MONTERREY; SAN NICOLAS DE LOS GARZA,0
Director,Categorica,Listado-Directorio CENDIS,Sin descripcion,ALEJANDRA DIAS CASTILLO; ALFONSINA VAZQUEZ MALDONADO; BRISA ANAYA RODRIGUEZ; DALIA GONZALEZ GARZA; ESPERANZA ALICIA RODRIGUEZ LOPEZ; JOSEFINA MENDOZA SALDANA; KARLA EDITH GARCIA MARQUEDA; LAURA PEINADO PEREZ; MABEL ARAMBULA GONZALEZ; MARLEN DE LA PENA VEGA; PATRICIA RODRIGUEZ SEPULVEDA; ROCIO PADILLA JALPA; RUBEN DARIO PASTRANA,0
lugares_visitados,Categorica,Lugares Visitados Programa Arráncate por Nuevo Leon,Nombre del sitio turistico,Chipinque; Cola de Caballo; Faisanes; Grutas de Bustamante; Grutas de Garcï¿; Horno 3; La Estanzuela; La pastora; MacroNavidad; Papalote Museo del Niï¿; Parque Amazonia; Paseo Santa Lucï¿; Salï¿½n de la Fama del Beisb; Sealand; Xenpal,0
frecuencia,Entero (integer),Lugares Visitados Programa Arráncate por Nuevo Leon,Numero total de veces que se realizo la actividad en el periodo reportado.,1 a 5,0
total_visitas,Entero (integer),Lugares Visitados Programa Arráncate por Nuevo Leon,Total de personas que participaron en la actividad.,199 a 1005,0
mujeres,Entero (integer),Lugares Visitados Programa Arráncate por Nuevo Leon,Numero total de participantes del sexo femenino.,80 a 402,0
hombres,Entero (integer),Lugares Visitados Programa Arráncate por Nuevo Leon,Numero total de participantes del sexo masculino.,40 a 201,0
infancias,Entero (integer),Lugares Visitados Programa Arráncate por Nuevo Leon,Numero total de infancias participantes.,69 a 352,0
adultos_mayores,Entero (integer),Lugares Visitados Programa Arráncate por Nuevo Leon,Numero total de participantes personas adultas,10 a 50,0
posgrados,Categorica,Maestrías ofertadas por el IIIEPE,Programa de estudios que una persona cursa en la institucion,maee; maem; mems; mipe,0
segundo_tetramestre,Entero (integer),Maestrías ofertadas por el IIIEPE,tetramestre al que pertenece,3 a 26,0
tercer_tetramestre,Entero (integer),Maestrías ofertadas por el IIIEPE,tetramestre al que pertenece,0 a 30,0
quinto_tetramestre,Entero (integer),Maestrías ofertadas por el IIIEPE,tetramestre al que pertenece,0 a 21,0
sexto_tetramestre,Entero (integer),Maestrías ofertadas por el IIIEPE,tetramestre al que pertenece,0 a 21,0
matricula_total,Entero (integer),Maestrías ofertadas por el IIIEPE,Es el número total de estudiantes inscritos oficialmente en el IIIEPE en 2025,4 a 98,0
alumnos_hombres,Entero (integer),Maestrías ofertadas por el IIIEPE,cantidad total de alumnos hombres inscritos a un posgrado,1 a 33,0
alumnas_mujeres,Entero (integer),Maestrías ofertadas por el IIIEPE,cantidad total de alumnas hombres inscritos a un posgrado,3 a 65,0
horario,Categorica,Maestrías ofertadas por el IIIEPE,Horario escolar que se desarrolla en la mañana los dias sabados,8:00 a 13:00,0
programa_educativo,Categorica,Matricula Total de la Universidad,Conjunto de estudios asignaturas y actividades academicas,DN MER LIQUIDACION; INGENIERIA  MECATRONICA; INGENIERIA DESARROLLO GESTION SOFTWARE; INGENIERIA MANTENIMIENTO INDUSTRIAL; INGENIERIA NANOTECNOLOGIA; INGENIERIA TECNOLOGIA AMBIENTAL; LEN ING LIQUIDACION; LICENCIATURA DISENO GESTION REDES LOGISTICAS; LICENCIATURA GESTION INSTITUCIONAL EDUCATIVA CURRICULAR BIS; LICENCIATURA INNOVACION NEGOCIOS MERCADOTECNIA; LOG CS LIQUIDACION; MEC AUT LIQUIDACION; MTO IND LIQUIDACION; NAN MAT LIQUIDACION; NME 2024 TSU CADENA SUMINISTRO LICENCIATURA INGENIERIA LOGISTICA; NME 2024 TSU DESARROLLO SOFTWARE MULTIPLATAFORMA  LICENCIATURA INGENIERIA TECNOLOGIAS INFORMACION INNOVACION DIGITAL; NME 2024 TSU EN AUTOMATIZACION LICENCIATURA EN INGENIERIA MECATRONICA; NME 2024 TSU EN MANTENIMIENTO INDUSTRIAL  LICENCIATURA EN INGENIERIA EN MANTENIMIENTO INDUSTRIAL; NME 2024 TSU ENSENANZA IDIOMA INGLES LICENCIATURA EDUCACION; NME 2024 TSU MECANICA AUTOMOTRIZ LICENCIATURA INGENIERIA MECANICA; NME 2024 TSU MERCADOTECNIA LICENCIATURA EN NEGOCIOS Y MERCADOTECNIA; Q TA LIQUIDACION; TIC DSM LIQUIDACION,0
nivel_educativo,Categorica,Matricula Total de la Universidad,Etapas o fases que conforman el sistema de educación,INGENIERIA; LICENCIATURA; TSU,0
sep_dic_2022,Entero (integer),Matricula Total de la Universidad,Se refiere al nivel de matricula que existe por nivel educativo en un lapso de periodo,0 a 542,0
sep_dic_2023,Entero (integer),Matricula Total de la Universidad,Se refiere al nivel de matricula que existe por nivel educativo en un lapso de periodo,0 a 618,0
sep_dic_2024,Entero (integer),Matricula Total de la Universidad,Se refiere al nivel de matricula que existe por nivel educativo en un lapso de periodo,0 a 422,0
sep_dic_2025,Entero (integer),Matricula Total de la Universidad,Se refiere al nivel de matricula que existe por nivel educativo en un lapso de periodo,0 a 486,0
Anualidad,Entero (integer),Matricula UTSC,Año calendario correspondiente al periodo de registro de la matrícula,2025 a 2026,0
Periodo,Categorica,Matricula UTSC,"Periodo académico al que corresponde la información de matrícula, agrupado por cuatrimestres",1 enero-abril; 2 mayo-agosto; 3 septiembre-diciembre,0
Programa_educacion_superior,Categorica,Matricula UTSC,Nivel educativo del programa al que pertenece el alumnado,Licenciatura; Licenciatura en Ingeniería; Técnico Superior Universitario,0
Carrera,Categorica,Matricula UTSC,Nombre del programa académico específico cursado por el alumnado,Automatización; Desarrollo de Negocios Área Mercadotecnia; Desarrollo de Software Multiplataforma; Desarrollo y Gestión de Software; Electromovilidad; Enseñanza del Idioma Inglés; Gestión Institucional Educativa y Curricular; Innovación de Negocios y Mercadotecnia; Lengua Inglesa; Mantenimiento Industrial; Mantenimiento Área Industrial; Mecatrónica; Mecatrónica Área Automatización; Mercadotecnia; Procesos Industriales Área Manufactura; Procesos Productivos; Sistemas Productivos; Tecnologías de la Información y Comunicación Área Sistemas Informáticos; Tecnologías de la Información Área DSM; Tecnologías de la Información Área Desarrollo de Software Multiplataforma,0
Total,Entero (integer),Matricula UTSC,Número total de estudiantes inscritos en el programa y periodo correspondiente,1 a 787,0
Mujeres,Entero (integer),Matricula UTSC,Número de estudiantes de sexo femenino inscritos,0 a 544,0
Hombres,Entero (integer),Matricula UTSC,Número de estudiantes de sexo masculino inscritos,1 a 453,0
Edad_promedio,Numerica (decimal),Matricula UTSC,Promedio de edad del alumnado inscrito en el plan de estudios y periodo correspondiente,18.1 a 44,0
Nacidos_Nuevo_Leon,Entero (integer),Matricula UTSC,Número de estudiantes cuyo lugar de nacimiento corresponde al estado de Nuevo León,1 a 673,0
Nacidos_otras_entidades,Entero (integer),Matricula UTSC,Número de estudiantes nacidos en entidades federativas distintas a Nuevo León,0 a 125,0
Discapacidad,Entero (integer),Matricula UTSC,Número de estudiantes que reportan alguna condición de discapacidad y forman parte del programa de inclusión de la UTSC,0 a 22,0
Pertenencia_indigena,Entero (integer),Matricula UTSC,Número de estudiantes que reportan pertenencia a un pueblo indígena,0 a 4,0
Anualidad,Entero (integer),Matricula Universidad Politécnica de Apodaca,Aï¿½o calendario correspondiente al periodo en cur,2025 a 2026,0
Periodo_cuatrimestral,Categorica,Matricula Universidad Politécnica de Apodaca,"Periodo acadï¿½mico al que corresponde la informaciï¿½n de matrï¿½cula, agrupado por cuatrim",ENERO - ABRIL 2026; SEPTIEMBRE - DICIEMBRE 2025,0
Estado_actual,Categorica,Matricula Universidad Politécnica de Apodaca,Grado en que se encuentra el alumnado de la UPA,A; BAC; BAD; BCC; BT; BV; E,0
Grupo,Categorica,Matricula Universidad Politécnica de Apodaca,Grupo el cual fue asignado el alumnado,16A IF; 19A IF; 1A IA MANT; 1A IM; 1A IM NOC; 1A ITIID; 1A LCIA; 1A NI; 1B ITIID; 1B LCIA; 22A IF; 22A IF NOC; 25A IF; 25B IF; 2A IM; 2A ITIID; 2A LCIA; 34A IA; 34A IA NOC; 34A IDI; 34A ISC; 34A ISC NOC; 35A IA; 35A IDI; 37A IA; 37A IA NOC; 37A IDI; 37A IDI NOC; 37A ISC; 37A ISC NOC (+58 mas),0
Cuatrimestre,Entero (integer),Matricula Universidad Politécnica de Apodaca,Cuatrimestre en curso del alumnado,1 a 10,0
Plan_estudios,Categorica,Matricula Universidad Politécnica de Apodaca,Plan de estudios autorizados por la direccion general de profesiones,CIA_2024; IA_2018; IA_MANT_MOT_2024; IA_MANU_2024; IDI_2018; IDI_2024; IF_2018; IF_2024; IM_2018; IM_2024; ISC_2018; ITIID_2024; LNI_2018,0
Carrera,Categorica,Matricula Universidad Politécnica de Apodaca,Nombre del programa acadï¿½mico especï¿½fico cursado por el alum,INGENIERIA EN AERONAUTICA; INGENIERIA EN DISENO INDUSTRIAL; INGENIERIA EN MECATRONICA; INGENIERIA EN SISTEMAS COMPUTACIONALES; INGENIERIA EN TECNOLOGIAS DE LA INFORMACION E INNOVACION DIGITAL; INGENIERIA FINANCIERA; LICENCIATURA EN COMERCIO INTERNACIONAL Y ADUANAS; LICENCIATURA EN INGENIERIA AERONAUTICA EN MANTENIMIENTO; LICENCIATURA EN NEGOCIOS INTERNACIONALES; Licenciatura en Comercio Internacional y Aduanas,0
Promedio_general,Numerica (decimal),Matricula Universidad Politécnica de Apodaca,Media del Alumnado del la UPA,0 a 10,2.8
Genero,Categorica,Matricula Universidad Politécnica de Apodaca,Sexo del alumnado de la UPA,HOMBRE; MUJER,0
Edad,Entero (integer),Matricula Universidad Politécnica de Apodaca,Edad del alumnado inscrito en el plan de estudios y periodo correspondiente,17 a 50,0
Nacionalidad,Categorica,Matricula Universidad Politécnica de Apodaca,Pais de nacimiento del alumnado,ESTADOS UNIDOS DE AMERICA; MEXICANA; PERU,0
Entidad_nacimiento,Categorica,Matricula Universidad Politécnica de Apodaca,Estado donde nacio el alumno,CAMPECHE; CHIAPAS; CHIHUAHUA; CIUDAD DE MÉXICO; CIUDAD DE Mï¿½XI; COAHUILA; DURANGO; EXTRANJERO; GUANAJUATO; GUERRERO; HIDALGO; JALISCO; MEXICO; MICHOACAN; MORELOS; NUEVO LEON; Nuevo León; OAXACA; PUEBLA; QUERETARO; QUINTANA ROO; SAN LUIS POTOSI; SINALOA; SONORA; TABASCO; TAMAULIPAS; TLAXCALA; VERACRUZ; ZACATECAS,0
Estado_civil,Categorica,Matricula Universidad Politécnica de Apodaca,Situacion conyugal reportado por el alumnado,Casado(a); Divorciado(a); Soltero(a); Union Libre,0
Discapacidad,Booleana,Matricula Universidad Politécnica de Apodaca,Nï¿½mero de estudiantes que reportan alguna condiciï¿½n de discapaci,NO; SI,3.7
Tipo_discapacidad,Categorica,Matricula Universidad Politécnica de Apodaca,Alumnos que reportan algun tipo de discapacidad,Discapacidad Auditiva Hipoacusia; Discapacidad Física/Motriz; Discapacidad Fï¿½sica/Motr; Discapacidad Intelectual; Discapacidad Psicosocial; Discapacidad Visual Baja Visiï¿; Discapacidad Visual Baja Visión; Discapacidad Visual Ceguera,97
Habla_lengua_indigena,Booleana,Matricula Universidad Politécnica de Apodaca,Alumnos que reportan  hablar alguna lengua indigena,NO; SI,3.7
Lengua_indigena,Categorica,Matricula Universidad Politécnica de Apodaca,Alumnos que reportan pertenencia a un pueblo indï¿½ge,Español; Huasteca; Huasteco; Huave; Nahualt; Nahuatl; Náhuatl; Nï¿½hua; Tenek; Zoque,98.4
nivel,Categorica,Matricula de Alumnos de la Universidad Tecnológica de Linares,Hace referencia al nivel de escolaridad,INGENIERIA; LICENCIATURA; TECNICO SUPERIOR UNIVERSITARIO,0
clave_carrera,Categorica,Matricula de Alumnos de la Universidad Tecnológica de Linares,Hace referencia a la clave de identificación corta de la carrera,ASP; CS; DSM; EII; IASYP; IDGS; IMI; ITP; LDGRL; LE; MI; PP,0
carrera,Categorica,Matricula de Alumnos de la Universidad Tecnológica de Linares,Hace referencia al nombre de la carrera,Agricultura Sustentable y Protegida; Cadena de Suministro; Desarrollo de Software Multiplataforma; Enseñanza del Idioma Inglés; Ingeniería en Agricultura Sustentable y Protegida; Ingeniería en Desarrollo y Gestión de Software; Ingeniería en Mantenimiento Industrial; Ingeniería en Tecnologías de la Producción; Licenciatura en Diseño y Gestión de Redes Logísticas; Licenciatura en Educación; Mantenimiento Industrial; Procesos Productivos,0
alumnos,Entero (integer),Matricula de Alumnos de la Universidad Tecnológica de Linares,Hace referencia a la cantidad de alumnos,19 a 230,0
mujeres,Entero (integer),Matricula de Alumnos de la Universidad Tecnológica de Linares,Hace referenia a la cantidad de alumnos por Género,3 a 182,0
hombres,Entero (integer),Matricula de Alumnos de la Universidad Tecnológica de Linares,Hace referencia ala cantidad de alumnos por Género,15 a 114,0
alumnos_beca,Entero (integer),Matricula de Alumnos de la Universidad Tecnológica de Linares,Hace referencia a la cantidad de alumnos con beca,16 a 117,0
mujeres3,Entero (integer),Matricula de Alumnos de la Universidad Tecnológica de Linares,Hace referencia a la cantidad de alumnos por género,8 a 84,0
hombres3,Entero (integer),Matricula de Alumnos de la Universidad Tecnológica de Linares,Hace referenia a la cantidad de alumnos por Género,5 a 113,0
bajas,Entero (integer),Matricula de Alumnos de la Universidad Tecnológica de Linares,Hace referencia a la cantidad de alumnos que causaron baja,0 a 35,0
mujeres2,Entero (integer),Matricula de Alumnos de la Universidad Tecnológica de Linares,Hace referencia a la cantidad de alumnos que causaron baja por género,0 a 29,0
hombres2,Entero (integer),Matricula de Alumnos de la Universidad Tecnológica de Linares,Hace referencia a la cantidad de alumnos que causaron baja por género,0 a 21,0
total_alumnos,Entero (integer),Matricula de Alumnos de la Universidad Tecnológica de Linares,Hace refencia al total de alumnos con casa de baja,19 a 230,0
bajas.1,Entero (integer),Matricula de Alumnos de la Universidad Tecnológica de Linares,Sin descripcion,0 a 22,0
alumnos_beca2,Entero (integer),Matricula de Alumnos de la Universidad Tecnológica de Linares,Hace referencia al total de alumnos con beca,15 a 180,0
mujeres4,Entero (integer),Matricula de Alumnos de la Universidad Tecnológica de Linares,Hace referencia a la cantidad de alumnos que causaron baja por género,4 a 131,0
hombres4,Entero (integer),Matricula de Alumnos de la Universidad Tecnológica de Linares,Hace referencia a la cantidad de alumnos que causaron baja por género,6 a 61,0
fecha_nacimiento,Tiempo (fecha/hora),Nacimientos registrados en Unidades Hospitalarias de los Servicios de Salud de Nuevo León,Fecha de nacimiento,2024-10-01 00:00:00 a 2025-09-22 00:00:00,0
hora_nacimiento,Texto libre,Nacimientos registrados en Unidades Hospitalarias de los Servicios de Salud de Nuevo León,Hora del Nacimiento,1440 valores unicos,0
edad_gestacinal,Entero (integer),Nacimientos registrados en Unidades Hospitalarias de los Servicios de Salud de Nuevo León,Sin descripcion,22 a 99,0
peso,Entero (integer),Nacimientos registrados en Unidades Hospitalarias de los Servicios de Salud de Nuevo León,Peso del nacido en gramos,470 a 5760,0
talla,Entero (integer),Nacimientos registrados en Unidades Hospitalarias de los Servicios de Salud de Nuevo León,"Talla del nacido,  numero",9 a 99,0
sexo,Categorica,Nacimientos registrados en Unidades Hospitalarias de los Servicios de Salud de Nuevo León,Sexo del nacido,HOMBRE; MUJER; SE IGNORA,0
anomalia_cie1,Categorica,Nacimientos registrados en Unidades Hospitalarias de los Servicios de Salud de Nuevo León,Nombre del padecimiento detectado,ACRANIA; ANQUILOGLOSIA; APENDICE SACRO; ASFIXIA PERINATAL; BAJO PESO AL NACER; CAPUT; CAPUT  SUCCEDANEUM; CAPUT SUCCEDANEUM; CRIPTORQUIDIA BILATERAL; CRIPTORQUIDIA DERECHA; DIFICULTAD RESPIRATORIA; ENCEFALOHEMATOMA; EQUIMOSIS PARIETA POR TOMA DE FORCEPS; FASCIE CARACTERISTICA DE TRISOMIA 21; FENOTIPO DE TRISOMIA 21; FISURA DEL PALADAR HENDIDO; FRENILLO CORTO; GASTROSQUISIS; HEMANGIOMA EN PARPADO IZQUIERDO; HEMANGIOMA PIE DERECHO; HIDROCELE; IMPERFORACION ANAL; IMPLANTACION BAJA DE OREJAS HIPERTELORISMO; IMPLANTACION BAJA DE PABELLON AURICULAR; INSUFICIENCIA RESPIRATORIA AGUDA; LABIO HENDIDO UNILATERAL IZQUIERDO INCOMPLETO; LABIO LEPORINO; LABIO PALADAR HENDIDO BILATERAL; LABIO PALADAR HENDIDO UNILATERAL IZQUIERDO; LACERACION EN MEJILLA IZQUIERDA POR FORCEPS (+30 mas),0
codigo_anomalia_cie1,Categorica,Nacimientos registrados en Unidades Hospitalarias de los Servicios de Salud de Nuevo León,Codigo del padecimiento detectado,0; A509; D180; P009; P029; P050; P070; P071; P073; P080; P120; P121; P138; P219; P221; P228; P229; P285; P835; Q000; Q172; Q173; Q174; Q179; Q308; Q353; Q359; Q360; Q369; Q381 (+15 mas),0
anomalia_cie2,Categorica,Nacimientos registrados en Unidades Hospitalarias de los Servicios de Salud de Nuevo León,Nombre del padecimiento detectado,APENDICE SACRO; CAPUT; CRIPTORQUIDIA BILATERAL; DIFICULTAD RESPIRATORIA; ENCEFALOHEMATOMA; FIMOSIS; HEMANGIOMA PIE DERECHO; IMPERFORACION ANAL; IMPLANTACION BAJA DE OREJAS Y MACROGLOSIA; MANCHA MONGILICA EN ANREBRAZO DERECHO Y HOMBRO IZQ; MANCHA MONGOLICA SACRA; MANCHAMONGOLICA SACRA; NINGUNA APARENTE; OTRAS DEFORMIDADES CONGENITAS DE LOS PIES; PIE EQUINOVARO BILATERAL CONGENITO; POLIDACTILIA; POLIDACTILIA DEL MEÑIQUE BILATERAL; PREMATUREZ; PREMATURO; PRODUCTO MACROSOMICO; PUENTE NASAL PLANO; Q369LABIO HENDIDO UNILATERAL IZQUIERDO INCOMPLETO; SEPSIS DEL RECIEN NACIDO; SOSPECHA DE SAM,0
codigo_anomalia_cie2,Categorica,Nacimientos registrados en Unidades Hospitalarias de los Servicios de Salud de Nuevo León,Codigo del padecimiento detectado,0; D180; N47X; P073; P080; P120; P121; P240; P369; Q174; Q308; Q699; Q749; Q825,0
resolucion_embarazo,Categorica,Nacimientos registrados en Unidades Hospitalarias de los Servicios de Salud de Nuevo León,Metodo de parto,CESAREA; DISTOCICO; EUTOCICO,0
nombre_unidad,Categorica,Nacimientos registrados en Unidades Hospitalarias de los Servicios de Salud de Nuevo León,Nombre y ubicación de la Unidad Hospitalaria del parto,CENTRO DE SALUD CON SERVICIOS AMPLIADOS ANAHUAC; HOSPITAL GENERAL DE CERRALVO; HOSPITAL GENERAL DE JUAREZ; HOSPITAL GENERAL DE LINARES; HOSPITAL GENERAL DE MONTEMORELOS; HOSPITAL GENERAL DE SABINAS HIDALGO; HOSPITAL GENERAL DOCTOR ARROYO; HOSPITAL GENERAL GALEANA; HOSPITAL METROPOLITANO; HOSPITAL REGIONAL MATERNO INFANTIL; HOSPITAL TIERRA Y LIBERTAD; UNIDAD DE ESPECIALIDADES MEDICAS EN CIRUGIAS AMBULATORIAS UNEME ESCOBEDO; UNIDAD DE ESPECIALIDADES MEDICAS UNEME PESQUERIA; UNIDAD SHOCK TRAUMA GALEANA,0
municipio,Categorica,Nacimientos registrados en Unidades Hospitalarias de los Servicios de Salud de Nuevo León,Municipio donde se localiza la clinica,ANAHUAC; CERRALVO; DOCTOR ARROYO; GALEANA; GENERAL ESCOBEDO; GUADALUPE; JUAREZ; LINARES; MONTEMORELOS; MONTERREY; PESQUERIA; SABINAS HIDALGO; SAN NICOLAS DE LOS GARZA,0
id_newsletters,Texto libre,Nuevo León al Día,Sin descripcion,175 valores unicos,0
edicion,Entero (integer),Nuevo León al Día,Número consecutivo de edición del boletín,1 a 175,0
fecha_publicacion,Tiempo (fecha/hora),Nuevo León al Día,Fecha en que se publicó el boletín,2023-02-27 00:00:00 a 2026-03-17 00:00:00,0
inicio_periodo_reportado,Tiempo (fecha/hora),Nuevo León al Día,Sin descripcion,2023-02-13 00:00:00 a 2026-03-11 00:00:00,0
final_periodo_reportado,Tiempo (fecha/hora),Nuevo León al Día,Sin descripcion,2023-02-27 00:00:00 a 2026-03-16 00:00:00,0
total_notas,Entero (integer),Nuevo León al Día,Número de notas incluidas,7 a 10,0
url_newsletter,Texto libre,Nuevo León al Día,Enlace oficial de boletín,175 valores unicos,0
periodo,Entero (integer),PIB Agroindustrial por Entidad Federativa 2022-2024,Corresponde al periodo de la informacion (anual).,2022 a 2024,0
entidad_federativa,Texto libre,PIB Agroindustrial por Entidad Federativa 2022-2024,Nombre oficial de la entidad federativa o estado.,33 valores unicos,0
subsector_311,Numerica (decimal),PIB Agroindustrial por Entidad Federativa 2022-2024,Valor del subsector 311 Industria Alimentaria correspondiente a las Actividades Secundarias del Producto Interno Bruto por Entidad Federativa,1463 a 9.963e+05,0
subsector_312,Numerica (decimal),PIB Agroindustrial por Entidad Federativa 2022-2024,Valor del subsector 312 Industria de las bebidas y del tabaco correspondiente a las Actividades Secundarias del Producto Interno Bruto por Entidad Federativa.,447.7 a 2.6e+05,0
pib_agroindustrial,Numerica (decimal),PIB Agroindustrial por Entidad Federativa 2022-2024,Sumatoria del valor del subsector 311 Industria Alimentaria y del subsector 312 Industria de las bebidas y del tabaco correspondiente a las Actividades Secundarias del Producto Interno Bruto por Entidad Federativa.,1961 a 1.252e+06,0
nombre_programa,Categorica,Padrón de Acciones de Vivienda del IVNL,"Denominacion oficial del programa publico al que pertenece el beneficio otorgado, pudiendo ser:
ASIGNACIONES: Enfocado en dotar de terrenos urbanizados, viviendas dignas y certeza juridica a familias de escasos recursos o grupos vulnerables. Facilita la adquisición de propiedades con costos accesibles y opciones de financiamiento.
AYUDAMOS A TU HOGAR: Apoya a familias con ingresos menores a 15700 pesos.
pesos que no tienen vivienda propia, facilitando el acceso a una vivienda propia. Las familias obtienen hasta 65000 pesos para su vivienda.
ESCRITURAS: Tramite de escrituras para familias que no cuentan con certeza juridica de su patrimonio.
MEJORAMIENTOS: Ofrece mejoras en la vivienda con ampliaciones y rehabilitacion como piso firme muros y losa.",ASIGNACIONES; AYUDAMOS A TU HOGAR; ESCRITURAS; MEJORAMIENTOS,0
tipo_accion,Categorica,Padrón de Acciones de Vivienda del IVNL,"Clasificacion especifica de la acción realizada dentro del programa, pudiendo ser:

Para el programa de asignaciones: 
ASIGNACIÓN DE LOTE: Otorga a una persona beneficiaria el derecho a ocupar y adquirir un terreno destinado a vivienda social.
LOTES REGULARIZADOS CONTRATADOS: Brinda a la persona beneficiaria la oportunidad de acceder legalmente a un terreno para vivienda mediante un esquema formal y accesible.
TRASPASOS: Consiste en transferir los derechos y obligaciones de un lote previamente contratado a una nueva persona beneficiaria.

Para el programa de ayudamos a tu hogar:
SUBSIDIO: Apoyo otorgado a la persona beneficiaria destinado a reducir el costo de su vivienda. Es una aportacion economica parcial que se aplica directamente al pago de su patrimonio.

Para el programa de escrituras:
ESCRITURAS ENTREGADAS: Formaliza y entrega a la persona beneficiaria el documento legal que acredita la propiedad de su patrimonio.

Para el programa de mejoramientos: Las acciones de mejoramiento de la vivienda pueden ser en:
CASTILLOS: Elementos estructurales colocados de forma vertical  que se compone de acero de refuerzo y concreto.
CERRAMIENTO: Es considerado una division que se suele hacer con un tabique u otros elementos que permiten cerrar o tapar alguna abertura o superficie o hacer una combinación entre los espacios. 
DEMOLICION: Cuando las condiciones de la construccion existente o una parte de esta, no sean susceptibles de reparacion y ponga en riesgo la integridad física de los ocupantes de la vivienda, conforme a la opinión técnica del OEO, se podrá otorgar apoyo complementario para la demolicion o desmantelamiento parcial de una vivienda, previa revision del IVNL, quien determinara por medio del Comite de Financiamiento, la procedencia de atender necesidades especificas que, por su propia naturaleza, lo requieran.
EMPASTADO: Proceso de aplicacion de una pasta o mortero fino (normalmente a base de yeso, cemento blanco o resinas) sobre muros, techos o superficies repelladas para nivelar, alisar y tapar porosidades antes de pintar. Esta capa mejora la adherencia de la pintura, corrige imperfecciones superficiales y proporciona un acabado liso y estetico de alta calidad.
IMPERMEABILIZANTE: Sustancia o material generalmente compuesto por resinas, polímeros o asfalto, diseñado para recubrir superficies y crear una barrera protectora que impide la filtraciOn de agua y humedad.
LOSA: Elemento estructural plano y horizontal de concreto armado (u hormigon) que sirve para separar niveles en una construcciOn, actuando como techo, azotea o piso de plantas superiores.
MURO: Una estructura que define un Area, soporta una carga, proporciona refugio, seguridad y tambien divide espacios.
PISO FIRME: Capa de concreto, colocada sobre la tierra en el interior de una vivienda para nivelar, dar firmeza y cubrir instalaciones.
ZAPATAS: Es un tipo de cimentacion superficial, generalmente de hormigon armado, situada bajo pilares o muros. Su funcion principal es distribuir el peso de la edificacion sobre una superficie mayor del terreno, evitando hundimientos o asentamientos, y asegurando la estabilidad estructural.",ASIGNACION DE LOTE; CASTILLOS; CERRAMIENTO; DEMOLICION; ESCRITURAS ENTREGADAS; IMPERMEABILIZANTE; IMPERMEABILIZANTE Y EMPASTADO; LOSA; LOTES REGULARIZADOS CONTRATADOS; MURO; PISO FIRME; SUBSIDIO; TRASPASOS; ZAPATAS,0
municipio,Texto libre,Padrón de Acciones de Vivienda del IVNL,Municipio donde se realizo la accion del programa,33 valores unicos,0
total_beneficiarias,Entero (integer),Padrón de Acciones de Vivienda del IVNL,Numero total de personas beneficiarias,1 a 521,0
total_femenino,Entero (integer),Padrón de Acciones de Vivienda del IVNL,Numero total de personas beneficiarias de genero femenino,0 a 196,0
total_masculino,Entero (integer),Padrón de Acciones de Vivienda del IVNL,Numero total de personas beneficiarias de genero masculino,0 a 325,0
periodo_alta,Entero (integer),Padrón de Acciones de Vivienda del IVNL,Periodo en que la persona fue incorporada oficialmente al programa,2021 a 2025,0
tipo_apoyo,Categorica,Padrón de Acciones de Vivienda del IVNL,"Modalidad del apoyo otorgado, pudiendo ser:
ECONOMICO: Apoyo monetario para la persona beneficiaria para cubrir una necesidad específica.
ESPECIE: Entrega directa de bienes o servicios a una persona beneficiaria, sin otorgar dinero.",ECONOMICO; ESPECIE,0
periodicidad,Categorica,Padrón de Acciones de Vivienda del IVNL,"Frecuencia con la que se entrega el apoyo, pudiendo ser:
UNICO: Beneficio que se otorga en una sola ocasion sin caracter periodico ni recurrente.",UNICO,0
periodo,Categorica,Paradas,Años de referencia del periodo anual al que pertenece la información de la ruta.,2024_2025,0
mes_publicacion,Categorica,Paradas,Mes del registro o de actualización de la información.,Septiembre,0
modalidad_SETME,Categorica,Paradas,"Tipo de servicio o modalidad operativa de la ruta, según la clasificación oficial del SETME.",Alimentadoras; Directas; IMA; Remanentes; Troncales,0
nombre_ruta,Texto libre,Paradas,Nombre o denominación oficial de la ruta de transporte público.,164 valores unicos,0
georeferencia,Texto libre,Paradas,Enlace web al mapa interactivo donde se visualiza el recorrido de la ruta.,157 valores unicos,0
periodo,Entero (integer),Paradas Oficiales STC Metrorrey,Año de referencia al que pertenece la información de la ruta.,2025 a 2025,0
mes,Categorica,Paradas Oficiales STC Metrorrey,Mes del registro o de actualización de la información.,Septiembre,0
modalidad_SETME,Entero (integer),Paradas Oficiales STC Metrorrey,"Tipo de servicio o modalidad operativa de la ruta, según la clasificación oficial del SETME.",4 a 9,0
tipo_servicio,Categorica,Paradas Oficiales STC Metrorrey,Modalidad de servicio según la ofertada en STC Metrorrey.,LINEAS DE METRO; RUTAS DE TRANSMETRO,0
nombre_ruta,Texto libre,Paradas Oficiales STC Metrorrey,"Nombre o denominación oficial de la Ruta de Transmetro, equivalente a la Línea de Metro.",38 valores unicos,0
latitud,Texto libre,Paradas Oficiales STC Metrorrey,Coordenada de latitud Norte,38 valores unicos,0
longitud,Texto libre,Paradas Oficiales STC Metrorrey,Coordenada de longitud Este,36 valores unicos,0
ubicación_parada,Texto libre,Paradas Oficiales STC Metrorrey,"Nombre o denominación oficial de la Estación en Líneas de Metro, equivalente a la Parada de Rutas de Transmetro",39 valores unicos,0
Tipo_Dependencia,Categorica,Personal de las dependencias por rango de edad,Sin descripcion,GOBIERNO CENTRAL; ORGANISMO PUBLICO DESCENTRALIZADO; TRIBUNAL ADMINISTRATIVO; UNIDAD ADMINISTRATIVA,0
Gabinete,Categorica,Personal de las dependencias por rango de edad,Sin descripcion,GABINETE DE BUEN GOBIERNO; GABINETE DE GENERACION DE RIQUEZA SOSTENIBLE; GABINETE DE IGUALDAD PARA TODAS LAS PERSONAS; NO APLICA,0
Dependencia,Texto libre,Personal de las dependencias por rango de edad,Sin descripcion,38 valores unicos,0
Periodo,Entero (integer),Personal de las dependencias por rango de edad,CORRESPONDE  AL PERIODO DE LA INFORMACIoN (CIERRE DEL AnO),2022 a 2024,0
<20,Entero (integer),Personal de las dependencias por rango de edad,NuMERO DE PERSONAS DE LAS DEPENDENCIAS CON MENOS DE 20 AnOS DE EDAD,0 a 41,0
20-24,Entero (integer),Personal de las dependencias por rango de edad,NuMERO DE PERSONAS DE LAS DEPENDENCIAS CON UNA EDAD DE ENTRE 20 Y 24 AnOS,0 a 642,0
25-29,Texto libre,Personal de las dependencias por rango de edad,NuMERO DE PERSONAS DE LAS DEPENDENCIAS CON UNA EDAD DE ENTRE 25 Y 29 AnOS,53 valores unicos,0
30-34,Texto libre,Personal de las dependencias por rango de edad,NuMERO DE PERSONAS DE LAS DEPENDENCIAS CON UNA EDAD DE ENTRE 30 Y 34 AnOS,53 valores unicos,0
35-39,Texto libre,Personal de las dependencias por rango de edad,NuMERO DE PERSONAS DE LAS DEPENDENCIAS CON UNA EDAD DE ENTRE 35 Y 39 AnOS,48 valores unicos,0
40-44,Texto libre,Personal de las dependencias por rango de edad,NuMERO DE PERSONAS DE LAS DEPENDENCIAS CON UNA EDAD DE ENTRE 40 Y 44 AnOS,48 valores unicos,0
45-49,Entero (integer),Personal de las dependencias por rango de edad,NuMERO DE PERSONAS DE LAS DEPENDENCIAS CON UNA EDAD DE ENTRE 45 Y 49 AnOS,0 a 810,0
50-54,Entero (integer),Personal de las dependencias por rango de edad,NuMERO DE PERSONAS DE LAS DEPENDENCIAS CON UNA EDAD DE ENTRE 50 Y 54 AnOS,0 a 508,0
55-59,Entero (integer),Personal de las dependencias por rango de edad,NuMERO DE PERSONAS DE LAS DEPENDENCIAS CON UNA EDAD DE ENTRE 55 Y 59 AnOS,0 a 334,0
60-64,Entero (integer),Personal de las dependencias por rango de edad,NuMERO DE PERSONAS DE LAS DEPENDENCIAS CON UNA EDAD DE ENTRE 60 Y 64 AnOS,0 a 192,0
65-69,Entero (integer),Personal de las dependencias por rango de edad,NuMERO DE PERSONAS DE LAS DEPENDENCIAS CON UNA EDAD DE ENTRE 65 Y 69 AnOS,0 a 70,0
70-74,Entero (integer),Personal de las dependencias por rango de edad,NuMERO DE PERSONAS DE LAS DEPENDENCIAS CON UNA EDAD DE ENTRE 70 Y 74 AnOS,0 a 22,0
75-79,Entero (integer),Personal de las dependencias por rango de edad,NuMERO DE PERSONAS DE LAS DEPENDENCIAS CON UNA EDAD DE ENTRE 75 Y 79 AnOS,0 a 11,0
80-84,Entero (integer),Personal de las dependencias por rango de edad,NuMERO DE PERSONAS DE LAS DEPENDENCIAS CON UNA EDAD DE ENTRE 80 Y 84 AnOS,0 a 5,0
85-89,Entero (integer),Personal de las dependencias por rango de edad,NuMERO DE PERSONAS DE LAS DEPENDENCIAS CON UNA EDAD DE ENTRE 85 Y 89 AnOS,0 a 2,0
90-94,Entero (integer),Personal de las dependencias por rango de edad,NuMERO DE PERSONAS DE LAS DEPENDENCIAS CON UNA EDAD DE ENTRE 90 Y 94 AnOS,0 a 1,0
95-99,Entero (integer),Personal de las dependencias por rango de edad,NuMERO DE PERSONAS DE LAS DEPENDENCIAS CON UNA EDAD DE ENTRE 95 Y 9 AnOS,0 a 1,0
Total_general,Texto libre,Personal de las dependencias por rango de edad,Sin descripcion,88 valores unicos,0
municipio,Texto libre,Personas beneficiarias del programa Hambre Cero,Municipio del estado de Nuevo Leon donde residen las personas beneficiarias del programa Hambre Cero,51 valores unicos,0
mujeres,Entero (integer),Personas beneficiarias del programa Hambre Cero,Numero total de personas beneficiarias mujeres en el periodo de octubre 2024 a septiembre 2025,10 a 10453,0
hombres,Entero (integer),Personas beneficiarias del programa Hambre Cero,Numero total de personas beneficiarias hombres en el periodo de octubre 2024 a septiembre 2025,0 a 1563,0
total,Entero (integer),Personas beneficiarias del programa Hambre Cero,Numero total de personas beneficiarias en el periodo de octubre 2024 a septiembre 2025,10 a 12016,0
municipio,Texto libre,Personas beneficiarias del programa Impulso a Cuidadoras,Municipio del estado de Nuevo Leon donde residen los beneficiarios,51 valores unicos,0
personas_octubre,Entero (integer),Personas beneficiarias del programa Impulso a Cuidadoras,Numero de personas beneficiarias activas en octubre de 2024,2 a 1252,0
personas_noviembre,Entero (integer),Personas beneficiarias del programa Impulso a Cuidadoras,Numero de personas beneficiarias activas en noviembre de 2024,2 a 1230,0
personas_diciembre,Entero (integer),Personas beneficiarias del programa Impulso a Cuidadoras,Numero de personas beneficiarias activas en diciembre de 2024,2 a 1207,0
personas_enero,Entero (integer),Personas beneficiarias del programa Impulso a Cuidadoras,Numero de personas beneficiarias activas en enero de 2025,2 a 1207,0
personas_febrero,Entero (integer),Personas beneficiarias del programa Impulso a Cuidadoras,Numero de personas beneficiarias activas en febrero de 2025,2 a 1106,0
personas_marzo,Entero (integer),Personas beneficiarias del programa Impulso a Cuidadoras,Numero de personas beneficiarias activas en marzo de 2025,2 a 1094,0
personas_abril,Entero (integer),Personas beneficiarias del programa Impulso a Cuidadoras,Numero de personas beneficiarias activas en abril de 2025,2 a 1073,0
personas_mayo,Entero (integer),Personas beneficiarias del programa Impulso a Cuidadoras,Numero de personas beneficiarias activas en mayo de 2025,2 a 1050,0
personas_junio,Entero (integer),Personas beneficiarias del programa Impulso a Cuidadoras,Numero de personas beneficiarias activas en junio de 2025,2 a 1035,0
personas_julio,Entero (integer),Personas beneficiarias del programa Impulso a Cuidadoras,Numero de personas beneficiarias activas en julio de 2025,2 a 1019,0
personas_agosto,Entero (integer),Personas beneficiarias del programa Impulso a Cuidadoras,Numero de personas beneficiarias activas en agosto de 2025,2 a 1026,0
personas_septiembre,Entero (integer),Personas beneficiarias del programa Impulso a Cuidadoras,Numero de personas beneficiarias activas en septiembre de 2025,2 a 1126,0
municipio,Texto libre,Personas beneficiarias del programa Jefas de Familia,Municipio del estado de Nuevo Leon donde residen las beneficiarias,51 valores unicos,0
personas_octubre,Entero (integer),Personas beneficiarias del programa Jefas de Familia,Numero de personas beneficiarias activas en octubre de 2024,3 a 1469,0
personas_noviembre,Entero (integer),Personas beneficiarias del programa Jefas de Familia,Numero de personas beneficiarias activas en noviembre de 2024,3 a 1467,0
personas_diciembre,Entero (integer),Personas beneficiarias del programa Jefas de Familia,Numero de personas beneficiarias activas en diciembre de 2024,3 a 1455,0
personas_enero,Entero (integer),Personas beneficiarias del programa Jefas de Familia,Numero de personas beneficiarias activas en enero de 2025,3 a 1453,0
personas_febrero,Entero (integer),Personas beneficiarias del programa Jefas de Familia,Numero de personas beneficiarias activas en febrero de 2025,3 a 1453,0
personas_marzo,Entero (integer),Personas beneficiarias del programa Jefas de Familia,Numero de personas beneficiarias activas en marzo de 2025,3 a 1468,0
personas_abril,Entero (integer),Personas beneficiarias del programa Jefas de Familia,Numero de personas beneficiarias activas en abril de 2025,3 a 1450,0
personas_mayo,Entero (integer),Personas beneficiarias del programa Jefas de Familia,Numero de personas beneficiarias activas en mayo de 2025,3 a 1447,0
personas_junio,Entero (integer),Personas beneficiarias del programa Jefas de Familia,Numero de personas beneficiarias activas en junio de 2025,3 a 1450,0
personas_julio,Entero (integer),Personas beneficiarias del programa Jefas de Familia,Numero de personas beneficiarias activas en julio de 2025,3 a 1454,0
personas_agosto,Entero (integer),Personas beneficiarias del programa Jefas de Familia,Numero de personas beneficiarias activas en agosto de 2025,5 a 1454,0
personas_septiembre,Entero (integer),Personas beneficiarias del programa Jefas de Familia,Numero de personas beneficiarias activas en septiembre de 2025,5 a 1454,0
municipio,Texto libre,Personas beneficiarias del programa Personas con Discapacidad,Municipio del estado de Nuevo Leon donde residen los beneficiarios,51 valores unicos,0
personas_octubre,Entero (integer),Personas beneficiarias del programa Personas con Discapacidad,Numero de personas beneficiarias activas en octubre de 2024,6 a 3086,0
personas_noviembre,Entero (integer),Personas beneficiarias del programa Personas con Discapacidad,Numero de personas beneficiarias activas en noviembre de 2024,6 a 3063,0
personas_diciembre,Entero (integer),Personas beneficiarias del programa Personas con Discapacidad,Numero de personas beneficiarias activas en diciembre de 2024,6 a 3032,0
personas_enero,Entero (integer),Personas beneficiarias del programa Personas con Discapacidad,Numero de personas beneficiarias activas en enero de 2025,6 a 3020,0
personas_febrero,Entero (integer),Personas beneficiarias del programa Personas con Discapacidad,Numero de personas beneficiarias activas en febrero de 2025,6 a 2966,0
personas_marzo,Entero (integer),Personas beneficiarias del programa Personas con Discapacidad,Numero de personas beneficiarias activas en marzo de 2025,6 a 2948,0
personas_abril,Entero (integer),Personas beneficiarias del programa Personas con Discapacidad,Numero de personas beneficiarias activas en abril de 2025,6 a 2929,0
personas_mayo,Entero (integer),Personas beneficiarias del programa Personas con Discapacidad,Numero de personas beneficiarias activas en mayo de 2025,5 a 2911,0
personas_junio,Entero (integer),Personas beneficiarias del programa Personas con Discapacidad,Numero de personas beneficiarias activas en junio de 2025,5 a 2900,0
personas_julio,Entero (integer),Personas beneficiarias del programa Personas con Discapacidad,Numero de personas beneficiarias activas en julio de 2025,5 a 2880,0
personas_agosto,Entero (integer),Personas beneficiarias del programa Personas con Discapacidad,Numero de personas beneficiarias activas en agosto de 2025,4 a 2880,0
personas_septiembre,Entero (integer),Personas beneficiarias del programa Personas con Discapacidad,Numero de personas beneficiarias activas en septiembre de 2025,4 a 2880,0
ID_DEPENDENCIA,Entero (integer),Personas servidoras públicas del Gobierno del Estado de Nuevo León.,Sin descripcion,328000001 a 3290000001,58.6
FECHA_CORTE,Tiempo (fecha/hora),Personas servidoras públicas del Gobierno del Estado de Nuevo León.,Sin descripcion,2025-12-31 00:00:00 a 2026-06-30 00:00:00,58.6
DEPENDENCIA,Categorica,Personas servidoras públicas del Gobierno del Estado de Nuevo León.,INSTITUCIONES DEL PODER EJECUTIVO ESTATAL.,CENTRO DE CONCILIACION LABORAL; CENTRO DE CONCILIACIÓN LABORAL DEL ESTADO DE NUEVO LEÓN; COMUNICACION; COMUNICACIÓN; CONSEJERIA JURIDICA; CONSEJERÍA JURÍDICA; CONTRALORIA Y TRANSPARENCIA GUBERNAMENTAL; CONTRALORÍA Y TRANSPARENCIA GUBERNAMENTAL; CORPORACION PARA EL DESARROLLO TURISTICO DE NUEVO LEON; CORPORACIÓN PARA EL DESARROLLO TURÍSTICO DE NUEVO LEÓN; DESPACHO DEL C. GOBERNADOR; INSTITUTO DE CONTROL VEHICULAR; INSTITUTO DE DEFENSORIA PUBLICA DE NUEVO LEON; INSTITUTO DE DEFENSORIA PÚBLICA DE NUEVO LEÓN; INSTITUTO DE MOVILIDAD Y ACCESIBILIDAD DEL ESTADO DE NUEVO LEON; INSTITUTO ESTATAL DE LAS MUJERES; INSTITUTO ESTATAL DE SEGURIDAD PUBLICA; INSTITUTO ESTATAL DE SEGURIDAD PÚBLICA; INSTITUTO REGISTRAL Y CATASTRAL DEL ESTADO DE NUEVO LEON; JUNTA LOCAL DE CONCILIACION Y ARBITRAJE; JUNTA LOCAL DE CONCILIACIÓN Y ARBITRAJE; OFICINA EJECUTIVA DEL C. GOBERNADOR; OFICINA EJECUTIVA DEL GOBERNADOR; PARQUE FUNDIDORA; PARQUES Y VIDA SILVESTRE DE NUEVO LEON; PARQUES Y VIDA SILVESTRE DE NUEVO LEÓN; REPRESENTACION DEL GOBIERNO DEL ESTADO EN LA CIUDAD DE MEXICO; REPRESENTACIÓN DEL GOBIERNO DEL ESTADO EN LA CIUDAD DE MÉXICO; SECRETARIA DE ADMINISTRACION; SECRETARIA DE CULTURA (+42 mas),0
SEXO,Categorica,Personas servidoras públicas del Gobierno del Estado de Nuevo León.,"CARACTERISTICAS BIOLOGICAS, ANATÓMICAS, FISIOLOGICAS Y CROMOSOMICAS DE LA ESPECIE HUMANA, SOBRE TODO RELACIONADAS A FUNCIONES DE LA PROCREACION",FEMENINO; Femenino; MASCULINO; Masculino,0
PUESTO,Texto libre,Personas servidoras públicas del Gobierno del Estado de Nuevo León.,"POSICION ESPECIFICA DENTRO DE LA ESTRUCTURA ORGANIZACIONAL GUBERNAMENTAL, ASIGNADA A UNA PERSONA CON RESPONSABILIDADES Y FUNCIONES DETERMINADAS",4437 valores unicos,0
CATEGORIA,Categorica,Personas servidoras públicas del Gobierno del Estado de Nuevo León.,CLASIFICACION JERARQUICA O NIVEL ADMINISTRATIVO EN EL QUE SE UBICAN LOS DISTINTOS PUESTOS. ESTABLECIDAS DENTRO DEL TABULADOR DE SUELDOS QUE SE ENCUENTRA EN LA LEY DE EGRESOS VIGENTE,ANALISTA A; ANALISTA B; ANALISTA C; ASISTENTE A; ASISTENTE B; ASISTENTE C; AUXILIAR A; AUXILIAR B; AUXILIAR C; AYUDANTE A; AYUDANTE B; AYUDANTE C; COORDINADOR A; COORDINADOR B; COORDINADOR C; DIRECTOR DE AREA A; DIRECTOR DE AREA B; DIRECTOR DE AREA C; DIRECTOR GENERAL; GOBERNADOR; JEFE A; JEFE B; JEFE C; PILOTO; SECRETARIO EJECUTIVO; SECRETARIOS; SUBSECRETARIOS,0
PERCEPCION_LABORAL,Texto libre,Personas servidoras públicas del Gobierno del Estado de Nuevo León.,Sin descripcion,6605 valores unicos,58.6
Unnamed: 7,Vacia / sin datos,Personas servidoras públicas del Gobierno del Estado de Nuevo León.,Sin descripcion,,100
PERIODO,Entero (integer),Personas servidoras públicas del Gobierno del Estado de Nuevo León.,CORRESPONDE  AL PERIODO DE LA INFORMACIÓN (CIERRE DEL AÑO),2022 a 2024,41.4
 PERCEPCION LABORAL,Texto libre,Personas servidoras públicas del Gobierno del Estado de Nuevo León.,SALARIO ESTABLECIDO DE ACUERDO CON LA CATEGORIA Y NIVEL DE LEY DEL TRABAJADOR DENTRO DE LA ESTRUCTURA GUBERNAMENTAL,9688 valores unicos,41.4
fecha,Tiempo (fecha/hora),Planificación Familiar,Fecha de consulta.,2024-10-01 00:00:00 a 2025-08-30 00:00:00,0
id_consulta,Texto libre,Planificación Familiar,Identificador único de la consulta,27742 valores unicos,0
edad_anos,Entero (integer),Planificación Familiar,"Edad del paciente en años, número",10 a 69,0
edad_meses,Entero (integer),Planificación Familiar,"Edad paciente menor de un año en meses, número",0 a 0,0
edad_dias,Entero (integer),Planificación Familiar,"Edad paciente menor a un mes en días, número",0 a 0,0
sexo,Categorica,Planificación Familiar,Sexo del paciente que recibio la atención,Femenino; Masculino,0
peso,Numerica (decimal),Planificación Familiar,Peso en kg del paciente que recibio la atención,3.89 a 400,1.9
altura,Entero (integer),Planificación Familiar,Altura en cm del paciente que recibio la atención,36 a 199,1.9
municipio_unidad_medica,Categorica,Planificación Familiar,Municipio donde se atendió,ABASOLO; AGUALEGUAS; ALLENDE; ANAHUAC; APODACA; ARAMBERRI; BUSTAMANTE; CADEREYTA JIMENEZ; CERRALVO; CHINA; CIENEGA DE FLORES; DOCTOR ARROYO; DOCTOR COSS; DOCTOR GONZALEZ; EL CARMEN; GALEANA; GARCIA; GENERAL BRAVO; GENERAL ESCOBEDO; GENERAL TERAN; GENERAL TREVINO; GENERAL ZARAGOZA; GENERAL ZUAZUA; GUADALUPE; HIDALGO; HIGUERAS; HUALAHUISES; ITURBIDE; JUAREZ; LAMPAZOS DE NARANJO (+20 mas),0
institucion_unidad_medica,Categorica,Planificación Familiar,Nombre de la institución médica donde se atendió,C S U ITURBIDE; CENTRO DE SALUD ARTURO B DE LA GARZA; CENTRO DE SALUD BELLA VISTA CONSULTORIO MEDICINA GENERAL; CENTRO DE SALUD BENITO JUAREZ; CENTRO DE SALUD BICENTENARIO; CENTRO DE SALUD BUENOS AIRES; CENTRO DE SALUD CADEREYTA; CENTRO DE SALUD CANTERAS Y ALTAMIRA; CENTRO DE SALUD CHINA; CENTRO DE SALUD COLINAS DEL AEROPUERTO; CENTRO DE SALUD CON SERVICIOS AMPLIADOS ANAHUAC; CENTRO DE SALUD CON SERVICIOS AMPLIADOS SAN PEDRO GARZA GARCIA; CENTRO DE SALUD DRGONZALEZ; CENTRO DE SALUD FAMA; CENTRO DE SALUD HIGUERAS; CENTRO DE SALUD HUALAHUISES; CENTRO DE SALUD IGNACIO ZARAGOZA; CENTRO DE SALUD JOSE LOPEZ PORTILLO; CENTRO DE SALUD LOS ENCINOS; CENTRO DE SALUD LOS HERRERAS; CENTRO DE SALUD LOS RAMONES; CENTRO DE SALUD LOS SAUCES; CENTRO DE SALUD METROPLEX; CENTRO DE SALUD PIO X; CENTRO DE SALUD SAN GILBERTO; CENTRO DE SALUD SIERRA VENTANA; CENTRO DE SALUD TAMAULIPAS; CENTRO DE SALUD TIERRA PROPIA; CENTRO DE SALUD URBANO AGUALEGUAS; CENTRO DE SALUD URBANO BELLA VISTA (+309 mas),0
clave_grupo_ enfermedad,Categorica,Planificación Familiar,Clave del grupo de enfermedad según el CIE 10,I; XIV; XVIII; XX; XXI,0
descripcion_grupo_enfermedad,Categorica,Planificación Familiar,Descripción del grupo de enfermedad según según el CIE 10,CAUSAS EXTERNAS DE MORBILIDAD Y MORTALIDAD; CIERTAS ENFERMEDADES INFECCIOSAS Y PARASITARIAS; ENFERMEDADES DEL SISTEMA GENITOURINARIO; FACTORES QUE INFLUYEN EN EL ESTADO DE SALUD Y CONTACTO CON LOS SERVICIOS DE SALUD; SINTOMAS SIGNOS Y HALLAZGOS ANORMALES CLINICOS Y DE LABORATORIO NO CLASIFICADOS EN OTRA PARTE,0
clave_enfermedad,Categorica,Planificación Familiar,Clave de la enfermedad deacuerdo con la Clasificación Internacional de Enfermedades (CIE-10),B24X; N46X; N709; N979; R688; Y761; Z300; Z301; Z302; Z304; Z305; Z308; Z309; Z313; Z316; Z318; Z319; Z489; Z920,0
descripcion_enfermedad,Categorica,Planificación Familiar,Descripción de la enfermedad según el CIE 10,ASISTENCIA PARA LA ANTICONCEPCION NO ESPECIFICADA; ATENCION NO ESPECIFICADA RELACIONADA CON LA PROCREACION; CONSEJO Y ASESORAMIENTO GENERAL SOBRE LA ANTICONCEPCION; CONSEJO Y ASESORAMIENTO GENERAL SOBRE LA PROCREACION; CUIDADO POSTERIOR A LA CIRUGIA NO ESPECIFICADO; DISPOSITIVOS GINECOLOGICOS Y OBSTETRICOS ASOCIADOS CON INCIDENTES ADVERSOS DISPOSITIVOS TERAPEUTICOS NO QUIRURGICOS Y DE REHABILITACION; ENFERMEDAD POR VIRUS DE LA INMUNODEFICIENCIA HUMANA VIH SIN OTRA ESPECIFICACION; ESTERILIDAD EN EL VARON; ESTERILIZACION; HISTORIA PERSONAL DE ANTICONCEPCION; INFERTILIDAD FEMENINA NO ESPECIFICADA; INSERCION DE DISPOSITIVO ANTICONCEPTIVO INTRAUTERINO; OTRA ATENCION ESPECIFICADA PARA LA PROCREACION; OTRAS ATENCIONES ESPECIFICADAS PARA LA ANTICONCEPCION; OTROS METODOS DE ATENCION PARA LA FECUNDACION; OTROS SINTOMAS Y SIGNOS GENERALES ESPECIFICADOS; SALPINGITIS Y OOFORITIS NO ESPECIFICADAS; SUPERVISION DEL USO DE DISPOSITIVO ANTICONCEPTIVO INTRAUTERINO; SUPERVISION DEL USO DE DROGAS ANTICONCEPTIVAS,0
plantel,Categorica,"Planteles Colegio Militarizado ""General Mariano Escobedo"" del Estado de Nuevo León",Conjunto de colegios o centros educativos  perteneciente a la institucion.,APODACA; ESCOBEDO; GALEANA; GARCIA; JUAREZ; LINARES; MONTEMORELOS; PESQUERIA; SABINAS HIDALGO; SAN BERNABE; SAN NICOLAS,0
ubicacion,Categorica,"Planteles Colegio Militarizado ""General Mariano Escobedo"" del Estado de Nuevo León",Lugar especifico donde se encuentra situado el plantel.,Av. Acueducto #430 entre Judith y Santa Agata Col. Santa Monica 14vo sector Juare; Calle Luis Donaldo Colosio S/N entre pera y nectarina Col. Fernando Amilpa General Escobedo N.L C.P. 66052; Calle Perimetral centro 805 Col. Colinas del aeropuerto primera etapa C.P. 66655; Camino Antiguo a Hualahuises s/n Ejido Camachito Linares N.L. C.P. 67800; Camino a las adjuntas entre Rosendo Ocañas y Nuevo Leon Col. Bugambilias Montemorelos N.L. C.P. 67640; Carretera Laredo entronque a Salinas Victoria s/n km 1.5 Campo Militar de la zona 7/a Apodaca N.L. C.P. 6058; Carretera Libramiento Noreste km 40 s/n esquina con Ave. Abraham Lincoln Col. Mitras Poniente Garcia N.L. 66023; Carretera Nacional #25 cruce con Gaspar Ibarra Col. Maria Luisa Sabinas Hidalgo C.P. 65240; Carretera a 18 de marzo s/n Ejido Brownsville Galeana N.L. C.P. 67850; Esquina de las calles Rubi y Oslo s/n Col. Bosques del Nogalar San Nicolas de los Garza N. L. C.P. 66488; Prol Aztlan 9610 San Bernabe 64217 Monterrey,0
total_alumnos_2_semestre,Entero (integer),"Planteles Colegio Militarizado ""General Mariano Escobedo"" del Estado de Nuevo León",cantidad total de alumnos inscritos en el semestre,50 a 450,0
hombres,Entero (integer),"Planteles Colegio Militarizado ""General Mariano Escobedo"" del Estado de Nuevo León",cantidad total de alumnos inscritos sexo masculino,28 a 285,0
mujeres,Entero (integer),"Planteles Colegio Militarizado ""General Mariano Escobedo"" del Estado de Nuevo León",cantidad total de alumnos inscritos sexo femenino,19 a 188,0
total_alumnos_4_Semestre,Entero (integer),"Planteles Colegio Militarizado ""General Mariano Escobedo"" del Estado de Nuevo León",cantidad total de alumnos inscritos en el semestre,41 a 313,0
hombres.1,Entero (integer),"Planteles Colegio Militarizado ""General Mariano Escobedo"" del Estado de Nuevo León",Sin descripcion,27 a 167,0
mujeres.1,Entero (integer),"Planteles Colegio Militarizado ""General Mariano Escobedo"" del Estado de Nuevo León",Sin descripcion,11 a 146,0
total_alumnos_6_Semestre,Entero (integer),"Planteles Colegio Militarizado ""General Mariano Escobedo"" del Estado de Nuevo León",cantidad total de alumnos inscritos en el semestre,22 a 224,0
hombres.2,Entero (integer),"Planteles Colegio Militarizado ""General Mariano Escobedo"" del Estado de Nuevo León",Sin descripcion,15 a 122,0
mujeres.2,Entero (integer),"Planteles Colegio Militarizado ""General Mariano Escobedo"" del Estado de Nuevo León",Sin descripcion,7 a 102,0
total_alumnos,Entero (integer),"Planteles Colegio Militarizado ""General Mariano Escobedo"" del Estado de Nuevo León",cantidad total de alumnos inscritos en el plantel,113 a 965,0
Subsistema,Categorica,Planteles Educativos,"Opciones educativas, públicas y descentralizadas, que tienen como finalidad brindar formación académica y técnica a jóvenes. Las mismas enunciadas cuentan con el enfoque de Educacion Dual",CECYTE; CONALEP; DGTA; DGTI; MILITARIZADO; PEZ; UNIVERSIDADES,0
Plantel,Texto libre,Planteles Educativos,Nombre del plantel educativo con eduacion dual,59 valores unicos,0
Direccion,Texto libre,Planteles Educativos,Domicilio del plantel educativo,59 valores unicos,0
Contacto,Texto libre,Planteles Educativos,Numero de telefono de contacto del plantel,59 valores unicos,0
No_Sede,Texto libre,Prepa Abierta,Registro de la sede educativa con modalidad prepa abierta,125 valores unicos,0
Clave_sede,Texto libre,Prepa Abierta,Denominación de la sede educactiva.,123 valores unicos,0
Municipio,Texto libre,Prepa Abierta,Municipio donde se encuentra la sede con Preparatoria Abierta,35 valores unicos,0
Direccion,Texto libre,Prepa Abierta,Domicilio donde se ubica la sede educativa con modalidad de preparatoria abierta,123 valores unicos,0
codigo_postal,Texto libre,Prepa Abierta,"Codigo que identifica una zona geográfica específica dentro del territorio nacional, con el fin de facilitar la localización, clasificación y distribución de correspondencia y servicios.",99 valores unicos,0
fideicomiso,Entero (integer),Prestamos Ejercidos por el Fideicomiso Fondo para la Vivienda de los Trabajadores de la Educación,clave del fideicomiso,2 a 2,0
periodo,Entero (integer),Prestamos Ejercidos por el Fideicomiso Fondo para la Vivienda de los Trabajadores de la Educación,año de otorgamiento,2025 a 2025,0
tipo,Categorica,Prestamos Ejercidos por el Fideicomiso Fondo para la Vivienda de los Trabajadores de la Educación,tipo de tramite,PRESTAMO,0
tipo_prestamo,Categorica,Prestamos Ejercidos por el Fideicomiso Fondo para la Vivienda de los Trabajadores de la Educación,tipo de prestamo,TRADICIONAL,0
mes,Categorica,Prestamos Ejercidos por el Fideicomiso Fondo para la Vivienda de los Trabajadores de la Educación,mes de otorgamiento,ABRIL; AGOSTO; FEBRERO; JULIO; JUNIO; MARZO; MAYO; NOVIEMBRE; OCTUBRE; SEPTIEMBRE,0
importe,Numerica (decimal),Prestamos Ejercidos por el Fideicomiso Fondo para la Vivienda de los Trabajadores de la Educación,importa mensual del total de prestamos,2.75e+07 a 4.5e+07,0
cantidad,Entero (integer),Prestamos Ejercidos por el Fideicomiso Fondo para la Vivienda de los Trabajadores de la Educación,numero de prestamos otorgados en el mes,339 a 532,0
fideicomiso,Entero (integer),Prestamos Ejercidos por el Fideicomiso Fondo para la Vivienda de los Trabajadores para el Estado,clave del fideicomiso,3 a 3,0
periodo,Entero (integer),Prestamos Ejercidos por el Fideicomiso Fondo para la Vivienda de los Trabajadores para el Estado,año de otorgamiento,2025 a 2025,0
tipo,Categorica,Prestamos Ejercidos por el Fideicomiso Fondo para la Vivienda de los Trabajadores para el Estado,tipo de tramite,PRESTAMO,0
tipo_prestamo,Categorica,Prestamos Ejercidos por el Fideicomiso Fondo para la Vivienda de los Trabajadores para el Estado,tipo de prestamo,TRADICIONAL,0
mes,Categorica,Prestamos Ejercidos por el Fideicomiso Fondo para la Vivienda de los Trabajadores para el Estado,mes de otorgamiento,ABRIL; AGOSTO; FEBRERO; JULIO; JUNIO; MARZO; MAYO; NOVIEMBRE; OCTUBRE; SEPTIEMBRE,0
importe,Numerica (decimal),Prestamos Ejercidos por el Fideicomiso Fondo para la Vivienda de los Trabajadores para el Estado,importa mensual del total de prestamos,7.271e+06 a 3.064e+07,0
cantidad,Entero (integer),Prestamos Ejercidos por el Fideicomiso Fondo para la Vivienda de los Trabajadores para el Estado,numero de prestamos otorgados en el mes,94 a 555,0
clave_presupuestaria,Entero (integer),Presupuesto FITUR 2026,clave presupuestaria perteneciente a tesoreria para su clasificacion,211213210016001 a 211213210016001,0
desc_clasif_administrativa,Categorica,Presupuesto FITUR 2026,nombre del ente publico,fideicomiso_turismo_nuevo_leon,0
desc_tipo_gasto,Categorica,Presupuesto FITUR 2026,gasto corriente o gasto capital,gasto_corriente,0
capitulo,Entero (integer),Presupuesto FITUR 2026,numero de capitulo clasificado de acuerdo al clasificador por objeto del gasto,1000 a 3000,0
desc_capitulo,Categorica,Presupuesto FITUR 2026,nombre del capitulo clasificado de acuerdo al clasificador por objeto del gasto,materiales y sumnistros; servicios generales; servicios personales,0
desc_concepto,Texto libre,Presupuesto FITUR 2026,nombre de la partida clasificado de acuerdo al clasificador por objeto del gasto,49 valores unicos,0
tipo_recurso,Categorica,Presupuesto FITUR 2026,tipo de recurso,recurso_estatal,0
ejercicio,Categorica,Presupuesto FITUR 2026,periodo del presupuesto autorizado,ejercicio_2026,0
desc_clasif_geografica,Categorica,Presupuesto FITUR 2026,clasificacion geografica,nivel_estatal,0
enero,Entero (integer),Presupuesto FITUR 2026,Importe presupuestal autorizado correspondiente al mes señalado,0 a 1600000,0
febrero,Entero (integer),Presupuesto FITUR 2026,Importe presupuestal autorizado correspondiente al mes señalado,0 a 1800000,0
marzo,Entero (integer),Presupuesto FITUR 2026,Importe presupuestal autorizado correspondiente al mes señalado,0 a 1700000,0
abril,Entero (integer),Presupuesto FITUR 2026,Importe presupuestal autorizado correspondiente al mes señalado,0 a 1600000,0
mayo,Entero (integer),Presupuesto FITUR 2026,Importe presupuestal autorizado correspondiente al mes señalado,0 a 3400000,0
junio,Entero (integer),Presupuesto FITUR 2026,Importe presupuestal autorizado correspondiente al mes señalado,0 a 3150000,0
julio,Entero (integer),Presupuesto FITUR 2026,Importe presupuestal autorizado correspondiente al mes señalado,0 a 2050000,0
agosto,Entero (integer),Presupuesto FITUR 2026,Importe presupuestal autorizado correspondiente al mes señalado,0 a 1800000,0
septiembre,Entero (integer),Presupuesto FITUR 2026,Importe presupuestal autorizado correspondiente al mes señalado,0 a 2050000,0
octubre,Entero (integer),Presupuesto FITUR 2026,Importe presupuestal autorizado correspondiente al mes señalado,0 a 1300000,0
noviembre,Entero (integer),Presupuesto FITUR 2026,Importe presupuestal autorizado correspondiente al mes señalado,0 a 1400000,0
diciembre,Entero (integer),Presupuesto FITUR 2026,Importe presupuestal autorizado correspondiente al mes señalado,0 a 1210000,0
desc_clasif_programatica,Categorica,Presupuesto FITUR 2026,clasificacion programatica del presupuesto autorizado,otros_subsidios_y_asignaciones,0
desc_clasif_funcional,Categorica,Presupuesto FITUR 2026,clasificacion funcional al que pertenece el ente publico,turismo,0
Unnamed: 23,Vacia / sin datos,Presupuesto FITUR 2026,Sin descripcion,,100
Unnamed: 24,Vacia / sin datos,Presupuesto FITUR 2026,Sin descripcion,,100
Unnamed: 25,Vacia / sin datos,Presupuesto FITUR 2026,Sin descripcion,,100
Unnamed: 26,Vacia / sin datos,Presupuesto FITUR 2026,Sin descripcion,,100
Desc. Cuenta,Vacia / sin datos,Presupuesto FITUR 2026,Sin descripcion,,100
periodo,Entero (integer),Producción Agrícola 2022-2024,Periodo de la informacion (correspondiente al periodo del ciclo agricola),2022 a 2024,0
municipio,Categorica,Producción Agrícola 2022-2024,Nombre del municipio de produccion,Abasolo; Agualeguas; Allende; Anahuac; Apodaca; Aramberri; Bustamante; Cadereyta Jimenez; Cerralvo; China; Cienega de Flores; Doctor Arroyo; Doctor Coss; Doctor Gonzalez; El Carmen; Galeana; Garcia; General Bravo; General Escobedo; General Teran; General Treviño; General Zaragoza; General Zuazua; Hidalgo; Higueras; Hualahuises; Juarez; Lampazos de Naranjo; Linares; Los Aldamas (+16 mas),0
region,Categorica,Producción Agrícola 2022-2024,Nombre de la region a la que pertenece el municipio de produccion,Centro; Citricola; Norte; Oriente; Periferica; Sur,0
ciclo_productivo,Categorica,Producción Agrícola 2022-2024,Nombre del ciclo agricola,OI; PV; Perennes,0
modalidad,Categorica,Producción Agrícola 2022-2024,Nombre de la modalidad hidrica,Riego; Temporal,0
unidad,Categorica,Producción Agrícola 2022-2024,Nombre que identificala unidad de medida,Metro cuadrado; Planta; Tonelada,0
cultivo,Categorica,Producción Agrícola 2022-2024,Nombre del cultivo agricola,Aguacate; Ajo; Alfalfa; Alfalfa verde; Avena forrajera en verde; Avena grano; Cacahuate; Calabacita; Calabaza; Cebada forrajera en verde; Cebada grano; Cebolla; Chabacano; Chile verde; Cilantro; Ciruela; Col (repollo); Durazno; Elote; Frijol; Girasol; Higo; Limon; Maiz forrajero en verde; Maiz grano; Mandarina; Manzana; Melon; Naranja; Nopalitos (+19 mas),0
superficie_sembrada,Numerica (decimal),Producción Agrícola 2022-2024,Superficie sembrada del cultivo,1 a 3.456e+04,0
superficie_cosechada,Numerica (decimal),Producción Agrícola 2022-2024,Superficie cosechada del cultivo,0 a 3.456e+04,0
superficie_siniestrada,Numerica (decimal),Producción Agrícola 2022-2024,Superficie siniestrada del cultivo,0 a 6190,0
volumen_produccion,Numerica (decimal),Producción Agrícola 2022-2024,Volumen de produccion,0 a 5.302e+05,0
valor_produccion,Numerica (decimal),Producción Agrícola 2022-2024,Valor de la produccion,0 a 1.385e+09,0
Nombre de la base de datos y/o conjunto,Categorica,Programación infantil en canal 28.1 y 28.2 marzo,Sin descripcion,2025_diccionario_barra_infantil,0
Etiqueta del campo o variable,Categorica,Programación infantil en canal 28.1 y 28.2 marzo,Sin descripcion,Canal_ transmision; Descripcion_programa; Dia_transmision; Duracion; Horario_programa; Nombre_programa; Publico_objetivo; Tipo_Transmisión,0
Descripcion,Categorica,Programación infantil en canal 28.1 y 28.2 marzo,Sin descripcion,"Canal de television que emite los programas que forman parte de la barra infantil de 28.1 o 28.2; Dia de la semana  que el canal emite el programa; Espacio de tiempo establecido durante el día,que se cuenta desde el inicio hasta el final del show o espectaculo infantil; Explicacion breve en forma generica de lo que veran durante el show o espectaculo; Hora especifica en que se emite el show o espectaculo infantil; Indique la edad del público al que se encuentra dirigido el programa o contenido; Señalar el tipo de transmisión del programa o contenido, pudiendo ser estreno o retransmision; Titulo identificable del show o espectaculo infantil",0
Tipo de dato,Categorica,Programación infantil en canal 28.1 y 28.2 marzo,Sin descripcion,Alfanumerico; Hora; Texto,0
Rango o valores que permite el campo,Categorica,Programación infantil en canal 28.1 y 28.2 marzo,Sin descripcion,"28.1 y 28.2; Indicar la hora programada para el show; Lunes, martes, miercoles, jueves, viernes, sabado y domingo; Numeros que indiquen el lapso de tiempo al aire en television; Se escribe la palabra estreno para inidicar que el contenido no se ha expuesto anteriormente y la palabra retransmison para el caso que el show ya se haya presentado con anterioridad.; Texto libre; Texto para indicar la edad manifestada en numeros de anos",0
Especificaciones  y/o reglas de interpretacion,Categorica,Programación infantil en canal 28.1 y 28.2 marzo,Sin descripcion,"Define el nombre del programa; El canal de television que ses debe sintonizar para ver el show; Es el rango de edad, tomando en consideracion los derechos de la audiencia infantil; Es la explicacion generica de lo que se vera durante el show; Especifica cuando se tiene contenidos de nueva emision; Los numeros  indican los minutos que dura  programa de television; Se refiere a la hora del dia en que se transite elshow; Se refiere al día de la semana en que se transmite el programa infantil",0
nombre_proyecto,Categorica,Proyectos Estratégicos a través de FIDEURB,"Como se le denomina a la obra, rehabilitacion, accion, proyecto o programa en su caso","Condominios; Construccion de corredor verde; Construccion de corredor verde-zaragoza cuadrante 1; Construccion de corredor verde-zaragoza cuadrante 2; Construccion de corredor verde-zaragoza cuadrante 3; Construccion de corredor verde-zaragoza cuadrante 4; Construccion de corredor verde-zaragoza cuadrante 5; Parabuses convencionales; Parabuses emergentes; Parabuses especiales; Rehabilitacion de corredor urbano ""matancillas""; Rehabilitacion de parque en avenida aztlan y rodrigo gomez monterrey nuevo leon (parque libertad); Rehabilitacion y mantenimiento de parque ciudadano",0
clasificacion_proyecto,Categorica,Proyectos Estratégicos a través de FIDEURB,Especifica que tipo de proyecto es el que se implementa,Espacios Publicos; Regeneracion/Espacios Publicos; Rehabilitacion,0
descripcion,Categorica,Proyectos Estratégicos a través de FIDEURB,Sin descripcion,"1,200 metros lineales de carril compartido con prioridad ciclista, ampliacion de banqueta con cajones de estacionamiento, adecuaciones en radios de giro vehiculares y pasos peatonales. Ampliación y rehabilitación de banquetas, cruces seguros, infraestructura y seguridad vial.; 1,200 metros lineales de carril compartido con prioridad ciclista, ampliación de banqueta con cajones de estacionamiento, adecuaciones en radios de giro vehiculares y pasos peatonales. Ampliacion y rehabilitacion de banquetas, cruces seguros, infraestructura y seguridad vial.; 1,200 metros lineales de carril compartido con prioridad ciclista, ampliación de banqueta con cajones de estacionamiento, adecuaciones en radios de giro vehiculares y pasos peatonales. Ampliación y rehabilitación de banquetas, cruces seguros, infraestructura y seguridad vial.; Ampliacion de banquetas con bahias de estacionamiento; adecuaciones en radios de giro vehicular, mobiliario urbano (luminarias, bancas, bolardos), señaletica horizontal y vertical y cruces seguros para el paso peatonal con accesibilidad universal.; Ampliacion de banquetas con bahias de estacionamiento; adecuaciones en radios de giro vehicular; mobiliario urbano (luminarias, bancas, bolardos); señaletica horizontal y vertical; y cruces seguros para el paso peatonal con accesibilidad universal. 1.2 km de longitud.; Asistir la intervencion fisica de pintura en Condominios Constitución mediante un proceso participativo que fortalezca la organizacion vecinal, legitime las acciones en territorio y siente las bases para una gobernanza condominal solida y representativa.; Proyecto integral para ser un bosque urbano, un parque metropolitano y un espacio cívico, deportivo y cultural, que fortalezca el tejido social, fomenta la participación ciudadana y promueva el bienestar ambiental y colectivo, mediante la mejora en el espacio público para que los usuarios puedan realizar diversas actividades recreativas y deportivas, dotando de seguridad y accesibilidad al parque.; Rehabilitacion y mejora al espacio publico, renovando la infraestructura, recuperando la vegetacion, buscando accesibilidad universal y espacios seguros para la ciudadania.; Suministro e instalacion de parabus tipo techo emergente, fabricado con una estructura metalica y cubierta tipo multypanel teniendo una superficie de 9 metros cuadrados, tiendo una capacitad para 15 personas; Suministro e instalacion de parabuses de una longitud de 2, 4 y 6 metros, mismos que son fabricados con estructura metalica y forjado completamente con alumnio tipo alucobond, ademas cuenta con una lamina led, paneles solares de encendido automatico, y cuentan con las siguientes capacidad de asientos en cada uno de ellos: 
2 metros (4 personas)
4 metros (8 personas)
6 metros (12 personas); Suministro e instalacion de parabuses especiales teniendo como longitud 3, 6 y 9 metros, fabricado con estructura metalica, con acabado anticorrosivo con paneles de aluminio tipo alucobond, incuytendo celdas solares, iluminacion tipo led, cragador tipo C y de inalambrico para celulares, diseñada con una banca para 4 personas combinable con una barra de apoyo isquiatica ergonomico fabricada con estructura de acero y barrotes tipo madera y cuentan con las siguientes capacidad de asientos en cada uno de ellos:
3 metros (5 personas)
6 metros (10 personas)
9 metros (15 personas)",0
tipo,Categorica,Proyectos Estratégicos a través de FIDEURB,Tipo de proyecto con base en la clasificacion del proyecto,"Condominios; Construccion de corredor verde; Construccion de corredor verde-zaragoza cuadrante 1; Construccion de corredor verde-zaragoza cuadrante 2; Construccion de corredor verde-zaragoza cuadrante 3; Construccion de corredor verde-zaragoza cuadrante 4; Construccion de corredor verde-zaragoza cuadrante 5; Parabuses convencionales; Parabuses emergentes; Parabuses especiales; Rehabilitacion de corredor urbano ""matancillas""; Rehabilitacion de parque; Rehabilitacion y mantenimiento de parque ciudadano",0
ubicacion,Texto libre,Proyectos Estratégicos a través de FIDEURB,"El lugar donde se implemento la accion, proyecto u obra según sea el caso",233 valores unicos,0
ejercicio,Entero (integer),Proyectos Estratégicos a través de FIDEURB,"La temporalidad en que se ha desarrollado la obra, proyecto, accion o programa",2025 a 2025,0
beneficiarios,Categorica,Proyectos Estratégicos a través de FIDEURB,"El numero de ciudadanos beneficiados, especificando la periodicidad según corresponda al tipo proyecto realizado","1,800.03; 112,785; 255,607; 51,465; 96,725; Habitantes de los 50 edificios a intervenir",0
Ejercicio ,Entero (integer),Proyectos apoyados por el I2T2,Ejercicio fiscal en que se ejecutaron los proyectos,2024 a 2024,0
Nombre_proyecto ,Categorica,Proyectos apoyados por el I2T2,Nombre del proyecto realizado,"Cuantrix; Estimulo al Emprendimiento de Base Tecnologica en las Incubadoras del I2T2; Ferias de Ciencias; Mujeres en la Ciencia; Premio Estatal de Ciencia, Tecnologia e Innovacion; Retos de Innovacion PIIT; Talleres en Comunidades; Tecnolochicas; Verano de Investigacion en el PIIT",0
Objetivo,Categorica,Proyectos apoyados por el I2T2,Objetivo institucional de proyectos,"Apoya a los emprendedores a traves de capacitacion y el uso de equipos e infraestructura especializada en las incubadoras del PIIT.; Apoyo a proyectos colaborativos de alto impacto que presenten una solucion tecnologica replicable a traves de un modelo de colaboracion, a traves de la vinculacion con centros de I+D en el PIIT.; Capacita a docentes de educacion basica en la enseñanza de programacion y ciencias computacionales para niños, niñas y jovenes. En colaboracion con Fundacion Televisa; Enseña programacion y ciencias computacionales a niñas de secundaria y preparatoria (STEM). En colaboracion con Fundacion Televisa; Estancias de investigacion para estudiantes de educacion superior en centros del PIIT.; Fomentan las vocaciones cientificotecnologicas en niños, niñas y jovenes del Estado de Nuevo Leon. Los equipos del estado han logrado acreditaciones nacionales e internacionales recibiendo nuestro apoyo para estos eventos.; Reconoce e incentiva la investigacion cientifica y tecnologica de calidad, su promocion y difusion. Se entrega reconocimiento y premio equivalente a 10,500 UMAS, monto señalado por ley; Se implementan talleres de divulgacion de la ciencia y la tecnologia dirigidos a niñas, niños y adolescentes en centros comunitarios.; investigadoras del estado imparten una demostracion cientifica y una platica de vida y carrera en su laboratorio a estudiantes mujeres de nivel medio superior (STEM).",0
Monto_asignado,Numerica (decimal),Proyectos apoyados por el I2T2,Recurso asignado al proyecto.,2.5e+05 a 1.516e+06,0
Fecha_ejecucion,Categorica,Proyectos apoyados por el I2T2,Fecha y/o periodo escolar en que se ejecuto el proyecto,2024; Ciclo escolar 2023-2024; Ciclo escolar 2023_2024; julio; junio; marzo; mayo; octubre,0
Total_beneficiados,Categorica,Proyectos apoyados por el I2T2,Numero de personas y/o proyectos beneficiados,"1,500 alumnas participantes 90 investigadoras; 2,100 niños y niñas; 2,400 alumnas capacitadas 80 docentes de 20 escuelas; 4,000 alumnas graduadas; 85 alumnas y alumnos participantes en 76 proyectos Participación de15 centros de investigacion del PIIT 43 investigadores que apoyaron a los estudiantes; 92 proyectos participantes 16 Acreditaciones a la etapa nacional 1 Acreditacion para Expociencias Internacional en Abu Dabi, Emiratos Árabes Unidos; Se apoyaron 4 proyectos, con montos individuales que oscilaron entre $300,000 y $500,000; Se apoyaron 7 proyectos, con montos individuales que oscilaron entre $50,000 y $150,000.; Se premio a 3 ganadores por un monto de 379,995.00 cada uno",0
Total_mujeres,Categorica,Proyectos apoyados por el I2T2,Persona del sexo femenino beneficiada,"1590; 2,400; 4000; sin dato",0
Total_hombres,Categorica,Proyectos apoyados por el I2T2,Persona del sexo masculino beneficiado,sin dato; sin valor,0
periodo,Entero (integer),Proyectos de FIDECULTURAL 2019-2024,Periodo en el que se realizo la actividad,2019 a 2024,94.3
proyecto,Texto libre,Proyectos de FIDECULTURAL 2019-2024,"Nombre del proyecto en el cual se realizan las actividades de conservacion, restauracion o realizacion de proyectos ejecutivos",53 valores unicos,94.3
municipio,Categorica,Proyectos de FIDECULTURAL 2019-2024,Municipios donde se realiza el proyecto,Anahuac; General Zuazua; Lampazos de Naranjo; Linares; Mier y Noriega; Monterrey; Sabinas Hidalgo; Salinas Victoria; San Pedro Garza Garcia; Santiago; Vallecillo; Villaldama,94.3
tipo_proyecto,Categorica,Proyectos de FIDECULTURAL 2019-2024,Tipo de intervencion que se realiza en el proyecto,Conservacion bien inmueble; Conservacion bien mueble; Proyecto ejecutivo; Restauracion bien inmueble; Restauracion bien mueble,94.3
ubicacion,Categorica,Proyectos de FIDECULTURAL 2019-2024,Referencia geografica de Google Maps,https://maps.app.goo.gl/12Y6yS5CyBmFxv3d9; https://maps.app.goo.gl/17FL5CbCczqWCwJd9; https://maps.app.goo.gl/2qs68R4trTFyxhcz9; https://maps.app.goo.gl/6KgFdny5aActJF7p6; https://maps.app.goo.gl/8BLvkaQBwMrLQ2CF6; https://maps.app.goo.gl/8zq42mxrqFu6v6Ws7; https://maps.app.goo.gl/A92ZFxXzofWMfmLt6; https://maps.app.goo.gl/CuEeYPUUR1BZp8dT8; https://maps.app.goo.gl/KXfYoftCDpNrtnNt7; https://maps.app.goo.gl/PRXW3mvEhdDa5gpz8; https://maps.app.goo.gl/Qs7a7EsRPSKJXsZ37; https://maps.app.goo.gl/TUn1WLbgrSpFaoYT6; https://maps.app.goo.gl/Vw6VxNhRuKDqGvr37; https://maps.app.goo.gl/ZANU8Kqx9EgZA22Y7; https://maps.app.goo.gl/ZQ45AqgTj92jERBP9; https://maps.app.goo.gl/anixkxvur1W5Kgd3A; https://maps.app.goo.gl/bFXSPzyqmAmVG5Cd9; https://maps.app.goo.gl/eSnJr1xQihcicHAx8; https://maps.app.goo.gl/gjkHrfjR2b3MGZ3U8; https://maps.app.goo.gl/hNehuyuHbTkdPsgQ7; https://maps.app.goo.gl/kCKv9KvnYkr3tyKQA; https://maps.app.goo.gl/kYiKmsyYHeyeHAWF9; https://maps.app.goo.gl/kZeMoDz8SFTroHSB8; https://maps.app.goo.gl/rDmBgx54CWcbYUnNA; https://maps.app.goo.gl/rtRnCQd8hvB4PoHP6; https://maps.app.goo.gl/scFnRzoSFrqF1bZ9A; https://maps.app.goo.gl/su4Y9fnktnKJ3Hr26; https://maps.app.goo.gl/tbqr1CL89cDkV5T49; https://maps.app.goo.gl/tuk8LnmSJE8i3XJD6; https://maps.app.goo.gl/vXyfG8fTSBKk8kCs5 (+7 mas),94.4
pueblo_magico,Categorica,Pueblos Mágicos Nuevo León,"Municipio del estado de Nuevo León que cuenta con la designación de Pueblo Mágico. Esta categoría reconoce localidades con valor histórico, cultural y simbólico, caracterizadas por la preservación de tradiciones, leyendas, patrimonio y atractivos que reflejan la identidad nacional y han sido escenario de hechos relevantes para la historia del país.",Bustamante; General Teran; General Zaragoza; Linares; Santiago,0
periodo_nombramiento,Entero (integer),Pueblos Mágicos Nuevo León,Sin descripcion,2006 a 2023,0
latitud,Numerica (decimal),Pueblos Mágicos Nuevo León,Coordenadas geograficas de latitud que representan la ubicacion del municipio correspondiente al Pueblo Magico.,23.97 a 26.53,0
longitud,Numerica (decimal),Pueblos Mágicos Nuevo León,Coordenadas geograficas de longitud que representan la ubicacion del municipio correspondiente al Pueblo Magico.,-100.2 a -100.2,0
Estatus,Categorica,Registros Programa Impulso NAFIN+Nuevo León,Sin descripcion,APROBADO; CANCELADO; CREADO; LIBERADO; VALIDADO; s6,0
fecha_registro,Tiempo (fecha/hora),Registros Programa Impulso NAFIN+Nuevo León,Hace referencia a la fecha en que realizo el registro para solicitud del credito,2025-06-17 00:00:00 a 2026-03-10 00:00:00,0
fecha_validacion,Tiempo (fecha/hora),Registros Programa Impulso NAFIN+Nuevo León,Hace referencia a la fecha en que se valido la cedula para dar seguimiento al registro,2025-07-01 00:00:00 a 2026-03-18 00:00:00,0
persona,Categorica,Registros Programa Impulso NAFIN+Nuevo León,"Hace referencia al tipo de persona que solicita el credito, si fue persona fisica o moral",Persona Fisica; Persona Moral,0
genero,Categorica,Registros Programa Impulso NAFIN+Nuevo León,"Hace referencia al genero de la persona que se registro, en el caso de las personas fisicas",Femenino; Masculino,76.8
municipio,Categorica,Registros Programa Impulso NAFIN+Nuevo León,Hace referencia al municipio del domicilio de la persona que se registro,; Abasolo; Allende; Anahuac; Apodaca; Bustamante; Cadereyta Jimenez; Cerralvo; China; Cienega de Flores; DOCTOR ARROYO; Doctor Arroyo; El Carmen; Garcia; General Escobedo; General Teran; General Zuazua; Guadalupe; Hidalgo; Juarez; Lampazos de Naranjo; Linares; Montemorelos; Monterrey; Paras; Pesqueria; Sabinas Hidalgo; Salinas Victoria; San Nicolas de los Garza; San Pedro Garza Garcia (+2 mas),0
entidad_federativa,Categorica,Registros Programa Impulso NAFIN+Nuevo León,Hace referencia a la entidad federativa del domicilio de la persona que se registro,Nuevo Leon,0
sector,Categorica,Registros Programa Impulso NAFIN+Nuevo León,Hace referencia al tipo de actividad empresarial de la persona fisica o moral,Comercio; Industria; Servicios,0
destino_credito,Categorica,Registros Programa Impulso NAFIN+Nuevo León,Hace referencia al uso o aplicación de los recursos del credito solicitado,Activo fijo; Capital del trabajo,0
periodo,Entero (integer),Residuos Sólidos Urbanos,Año de reporte,2025 a 2026,0
mes,Categorica,Residuos Sólidos Urbanos,Mes de reporte,abril; agosto; diciembre; enero; febrero; julio; junio; marzo; mayo; noviembre; octubre; septiembre,0
municipio,Categorica,Residuos Sólidos Urbanos,"nombre del municipio que ingresa residuos solidos urbanos al relleno sanitario de SIMEPRODE ubicado en Salinas Victoria, Nuevo Leon.",Abasolo; Apodaca; Carmen; Cienega de Flores; General Escobedo; General Zuazua; Guadalupe; Hidalgo; Monterrey; Otro; Pesqueria; Salinas Victoria; San Nicolas de los Garza; San Pedro Garza Garcia; Santa Catarina,0
rsu_ingresados,Texto libre,Residuos Sólidos Urbanos,"Cantidad en toneladas de residuos solidos urbanos de municipios que ingresan al Relleno Sanitario de SIMEPRODE ubicado en Salinas Victoria, Nuevo Leon.",159 valores unicos,0
TIPO_INSTITUCION,Categorica,Resultados del clima laboral de la Administración Pública Estatal,Sin descripcion,ORGANISMO PUBLICO DESCENTRALIZADO; SECRETARIA; TRIBUNAL ADMINISTRATIVO; UNIDAD ADMINISTRATIVA,92.9
GABINETE,Categorica,Resultados del clima laboral de la Administración Pública Estatal,Sin descripcion,BUEN GOBIERNO; GENERACION DE RIQUEZA SOSTENIBLE; IGUALDAD PARA TODAS LAS PERSONAS; NO APLICA,92.9
DEPENDENCIA,Categorica,Resultados del clima laboral de la Administración Pública Estatal,"Nombre oficial de la dependencia, entidad, unidad administrativa u organismo del Poder Ejecutivo Estatal.",CENTRO DE CONCILIACION LABORAL; COMUNICACION; CONSEJERIA JURIDICA; CONTRALORIA Y TRANSPARENCIA GUBERNAMENTAL; CORPORACION PARA EL DESARROLLO TURISTICO DE NUEVO LEON; INSTITUTO DE CONTROL VEHICULAR; INSTITUTO DE DEFENSORIA PUBLICA DE NUEVO LEON; INSTITUTO DE MOVILIDAD Y ACCESIBILIDAD DEL ESTADO DE NUEVO LEON; INSTITUTO ESTATAL DE LAS MUJERES; INSTITUTO ESTATAL DE SEGURIDAD PUBLICA; INSTITUTO REGISTRAL Y CATASTRAL DEL ESTADO DE NUEVO LEON; JUNTA LOCAL DE CONCILIACION Y ARBITRAJE; OFICINA EJECUTIVA DEL GOBERNADOR; PARQUES Y VIDA SILVESTRE DE NUEVO LEON; REPRESENTACION DEL GOBIERNO DEL ESTADO EN LA CIUDAD DE MEXICO; SECRETARIA DE ADMINISTRACION; SECRETARIA DE CULTURA; SECRETARIA DE DESARROLLO REGIONAL Y AGROPECUARIO; SECRETARIA DE ECONOMIA; SECRETARIA DE EDUCACION; SECRETARIA DE FINANZAS Y TESORERIA GENERAL DEL ESTADO; SECRETARIA DE IGUALDAD E INCLUSION; SECRETARIA DE LAS MUJERES; SECRETARIA DE MEDIO AMBIENTE; SECRETARIA DE MOVILIDAD Y PLANEACION URBANA; SECRETARIA DE PARTICIPACION CIUDADANA; SECRETARIA DE SALUD; SECRETARIA DE SEGURIDAD; SECRETARIA DE TURISMO; SECRETARIA DEL TRABAJO (+8 mas),92.9
ISLG_2022,Texto libre,Resultados del clima laboral de la Administración Pública Estatal,Sin descripcion,78 valores unicos,89.6
ISLG_2023,Texto libre,Resultados del clima laboral de la Administración Pública Estatal,Sin descripcion,77 valores unicos,89.6
ISLG_2024,Texto libre,Resultados del clima laboral de la Administración Pública Estatal,Sin descripcion,72 valores unicos,92.9
Tipo_Institucion,Categorica,Resultados del clima laboral de la Administración Pública Estatal,Sin descripcion,ORGANISMO PUBLICO DESCENTRALIZADO; SECRETARIA; TRIBUNAL ADMINISTRATIVO; UNIDAD ADMINISTRATIVA,96.7
Gabinete,Categorica,Resultados del clima laboral de la Administración Pública Estatal,Sin descripcion,BUEN GOBIERNO; GENERACION DE RIQUEZA SOSTENIBLE; IGUALDAD PARA TODAS LAS PERSONAS; NO APLICA,96.7
Dependencia,Categorica,Resultados del clima laboral de la Administración Pública Estatal,"Nombre oficial de la dependencia, entidad, unidad administrativa u organismo del Poder Ejecutivo Estatal.",CENTRO DE CONCILIACION LABORAL; COMUNICACION; CONSEJERIA JURIDICA; CONTRALORIA Y TRANSPARENCIA GUBERNAMENTAL; CORPORACION PARA EL DESARROLLO TURISTICO DE NUEVO LEON; INSTITUTO DE CONTROL VEHICULAR; INSTITUTO DE DEFENSORIA PUBLICA DE NUEVO LEON; INSTITUTO DE MOVILIDAD Y ACCESIBILIDAD DEL ESTADO DE NUEVO LEON; INSTITUTO ESTATAL DE LAS MUJERES; INSTITUTO ESTATAL DE SEGURIDAD PUBLICA; INSTITUTO REGISTRAL Y CATASTRAL DEL ESTADO DE NUEVO LEON; JUNTA LOCAL DE CONCILIACION Y ARBITRAJE; OFICINA EJECUTIVA DEL GOBERNADOR; PARQUES Y VIDA SILVESTRE DE NUEVO LEON; REPRESENTACION DEL GOBIERNO DEL ESTADO EN LA CIUDAD DE MEXICO; SECRETARIA DE ADMINISTRACION; SECRETARIA DE CULTURA; SECRETARIA DE DESARROLLO REGIONAL Y AGROPECUARIO; SECRETARIA DE ECONOMIA; SECRETARIA DE FINANZAS Y TESORERIA GENERAL DEL ESTADO; SECRETARIA DE IGUALDAD E INCLUSION; SECRETARIA DE LAS MUJERES; SECRETARIA DE MEDIO AMBIENTE; SECRETARIA DE MOVILIDAD Y PLANEACION URBANA; SECRETARIA DE PARTICIPACION CIUDADANA; SECRETARIA DE SALUD; SECRETARIA DE TURISMO; SECRETARIA DEL TRABAJO; SECRETARIA GENERAL DE GOBIERNO; SECRETARIA PARTICULAR DEL GOBERNADOR (+6 mas),96.7
ISLG_2025,Categorica,Resultados del clima laboral de la Administración Pública Estatal,Sin descripcion,65.60; 70.15; 72.82; 73.33; 74.63; 74.91; 76.21; 76.68; 77.65; 77.82; 77.99; 78.44; 78.74; 78.77; 79.06; 79.20; 79.42; 79.99; 80.55; 80.57; 81.18; 81.30; 82.09; 82.19; 82.31; 83.21; 83.22; 83.97; 85.22; 85.39 (+7 mas),96.5
periodo,Entero (integer),Rutas por Empresa STC Metrorrey,Año de referencia al que pertenece la información de la ruta.,2025 a 2025,0
mes,Entero (integer),Rutas por Empresa STC Metrorrey,Mes del registro o de actualización de la información.,9 a 9,0
modalidad_SETME,Entero (integer),Rutas por Empresa STC Metrorrey,"Tipo de servicio o modalidad operativa de la ruta, según la clasificación oficial del SETME.",4 a 9,0
tipo_servicio,Vacia / sin datos,Rutas por Empresa STC Metrorrey,Modalidad de servicio según la ofertada en STC Metrorrey.,,100
nombre_ruta,Texto libre,Rutas por Empresa STC Metrorrey,Nombre o denominación oficial de la ruta de transporte público.,36 valores unicos,0
cantidad_unidades,Entero (integer),Rutas por Empresa STC Metrorrey,Sin descripcion,1 a 77,0
nombre_concesionario,Categorica,Rutas por Empresa STC Metrorrey,Sin descripcion,"CAMIONESMONTERREY,S_A_; CORREDOREJE3OTENORTESUR,S_A_DEC_V_; DINAMISMOURBANODELNORTE,S_A_DEC_V_/ENELGREENPOWERDEMEXICO,S_DER_L_DEC_V_/ENELXMEXICO,S_DER_L_DEC_V_; GRUPOSATI,S_A_DEC_V_; PERIFERICASLAZCANO,S_A_; PERIFERICASLAZCANO,S_A_/TRANSPORTESURBANOSEXPOSICION,S_A_DEC_V_; RUTAPERIFERICA203,S_A_DEC_V_/TRANSPORTESURBANOSDELSUR,S_C_; SERVICIOINDUSTRIALREGIOMONTANO,S_A_DEC_V_; SERVICIOINDUSTRIALREGIOMONTANO,S_A_DEC_V_/CORREDOREJE3OTENORTESUR; SERVICIOINDUSTRIALREGIOMONTANO,S_A_DEC_V_/TRANSPAISUNICO,S_A_DEC_V_; SISTEMADETRANSPORTECOLECTIVOMETRORREY; SistemadeTransporteColectivoMetrorrey/N_A; TRANSPAISUNICO,S_A_DEC_V_; TRANSPORTESURBANOSEXPOSICION,S_A_DEC_V_; TRESMERCADOS,S_A_",0
fecha_permiso,Tiempo (fecha/hora),Rutas por Empresa STC Metrorrey,Sin descripcion,2003-04-23 00:00:00 a 2031-10-22 00:00:00,0
tarifa,Categorica,Rutas por Empresa STC Metrorrey,Sin descripcion,"15; 9,4",0
horario_funcionamiento,Categorica,Rutas por Empresa STC Metrorrey,Sin descripcion,04:00 - 00:00; 05:00 - 00:00; 4:45-0:30,0
pasajeros_periodo,Entero (integer),Rutas por Empresa STC Metrorrey,Sin descripcion,55476330 a 93256087,94.4
km_prestados_periodo,Entero (integer),Rutas por Empresa STC Metrorrey,Sin descripcion,12918981 a 24264508,94.4
cumplimiento,Categorica,Rutas por Empresa STC Metrorrey,Sin descripcion,93%; 93.59%,94.4
IPK_promedio_periodo,Numerica (decimal),Rutas por Empresa STC Metrorrey,Sin descripcion,2.44 a 7.8,94.4
tiempo_recorrido,Categorica,Rutas por Empresa STC Metrorrey,Tiempo promedio de recorrido de la ruta (en minutos).,110 minutos; 116 minutos; 136 minutos; 138 minutos; 150 minutos; 160 minutos; 178 minutos; 180 minutos; 24 minutos; 30 minutos; 34 minutos; 48 minutos; 60 minutos; 62 minutos; 64 minutos; 66 minutos; 68 minutos; 70 minutos; 74 minutos; 76 minutos; 78 minutos; 84 minutos; 92 minutos; 96 minutos; 98 minutos,0
periodo,Categorica,Rutas y Empresas concesionarias,A–os de referencia del periodo anual al que pertenece la informaci—n de la ruta.,2024_2025,0
mes_publicacion,Categorica,Rutas y Empresas concesionarias,Mes del registro o de actualizaci—n de la informaci—n.,Septiembre,0
modalidad_SETME,Categorica,Rutas y Empresas concesionarias,"Tipo de servicio o modalidad operativa de la ruta, segœn la clasificaci—n oficial del SETME.",Alimentadora; Directa; Remanente; Sin Dato; Troncal,0
nombre_ruta,Texto libre,Rutas y Empresas concesionarias,Nombre o denominaci—n oficial de la ruta de transporte pœblico.,142 valores unicos,0
cantidad_unidades,Entero (integer),Rutas y Empresas concesionarias,Nœmero de unidades asignadas a la ruta.,1 a 53,0
nombre_concesionario,Texto libre,Rutas y Empresas concesionarias,Nombre de la empresa o concesionario que opera la ruta.,38 valores unicos,0
fecha_permiso,Tiempo (fecha/hora),Rutas y Empresas concesionarias,Fecha de emisi—n del permiso de operaci—n.,2023-04-11 00:00:00 a 2025-10-28 00:00:00,0
tarifa,Categorica,Rutas y Empresas concesionarias,"Tarifa vigente por viaje individual, actualizada hasta septiembre de 2025.",16; Sin Valor,0
horario_funcionamiento,Categorica,Rutas y Empresas concesionarias,Horario de operaci—n diaria del servicio.,04:30-23:30; Sin Valor,0
pasajeros_periodo,Texto libre,Rutas y Empresas concesionarias,Nœmero de pasajeros transportados en el periodo reportado.,130 valores unicos,0
km_prestados_periodo,Texto libre,Rutas y Empresas concesionarias,Kil—metros recorridos durante el periodo reportado.,130 valores unicos,0
cumplimiento,Categorica,Rutas y Empresas concesionarias,Indicador de cumplimiento operativo del servicio.,Sin Valor,0
IPK_promedio_periodo,Texto libre,Rutas y Empresas concesionarias,êndice PasajerosÐKil—metro promedio del periodo.,116 valores unicos,0
tiempo_recorrido,Texto libre,Rutas y Empresas concesionarias,Tiempo promedio de recorrido de la ruta (en minutos).,85 valores unicos,0
nombre_programa,Categorica,SUBSIDIO AYUDAMOS A TU HOGAR,"Denominacion oficial del programa publico al que pertenece el beneficio otorgado:
AYUDAMOS A TU HOGAR: Apoya a familias con ingresos menores a 15700 pesos.
pesos que no tienen vivienda propia, facilitando el acceso a una vivienda propia. Las familias obtienen hasta 65000 pesos para su vivienda.",AYUDAMOS A TU HOGAR,0
tipo_accion,Categorica,SUBSIDIO AYUDAMOS A TU HOGAR,"Clasificacion especifica de la accion realizada dentro del programa de asignaciones:
APOYOS ECONOMICOS ENTREGADOS: Apoyo otorgado a la persona beneficiaria destinado a reducir el costo de su vivienda. Es una aportacion economica parcial que se aplica directamente al pago de su patrimonio.",APOYOS ECONOMICOS ENTREGADOS,0
periodo_alta,Entero (integer),SUBSIDIO AYUDAMOS A TU HOGAR,Periodo en que la persona fue incorporada oficialmente al programa,2023 a 2025,0
municipio,Categorica,SUBSIDIO AYUDAMOS A TU HOGAR,Municipio donde se realizo la accion del programa,CADEREYTA JIMENEZ; CIENEGA DE FLORES; GARCIA; GENERAL ESCOBEDO; JUAREZ; PESQUERIA; SALINAS VICTORIA,0
total_beneficiarios,Entero (integer),SUBSIDIO AYUDAMOS A TU HOGAR,Total de personas beneficiarias del programa,1 a 351,0
genero_femenino,Entero (integer),SUBSIDIO AYUDAMOS A TU HOGAR,Numero de personas beneficiarias de genero femenino,0 a 192,0
genero_masculino,Entero (integer),SUBSIDIO AYUDAMOS A TU HOGAR,Numero de personas beneficiarias de genero masculino,0 a 159,0
edad_18_a_29,Entero (integer),SUBSIDIO AYUDAMOS A TU HOGAR,Numero de personas beneficiarias pertenecientes al grupo etario juventud,0 a 164,0
edad_30_a_59,Entero (integer),SUBSIDIO AYUDAMOS A TU HOGAR,Numero de personas beneficiarias pertenecientes al grupo etario adultez,0 a 187,0
edad_60_y_mas,Entero (integer),SUBSIDIO AYUDAMOS A TU HOGAR,Numero de personas beneficiarias pertenecientes al grupo etario vejez,0 a 0,0
tipo_apoyo,Categorica,SUBSIDIO AYUDAMOS A TU HOGAR,"Modalidad del apoyo otorgado, se refiere a la entrega directa de bienes o servicios a una persona beneficiaria, sin otorgar dinero.",ECONOMICO,0
periodicidad,Categorica,SUBSIDIO AYUDAMOS A TU HOGAR,"Frecuencia con la que se entrega el apoyo, se refiere al beneficio que se otorga en una sola ocasion sin caracter periodico ni recurrente.",UNICO,0
inicio_periodo,Tiempo (fecha/hora),Saldos de rendimientos de aportación del Fideicomiso,Tiempo en que se hace o sucede algo,2025-01-01 00:00:00 a 2025-10-01 00:00:00,0
monto_inicio_periodo,Numerica (decimal),Saldos de rendimientos de aportación del Fideicomiso,Monto Total de Recursos por Transferencia Saldo inicial del Periodo,8.492e+06 a 9.019e+06,0
termino_periodo,Tiempo (fecha/hora),Saldos de rendimientos de aportación del Fideicomiso,Tiempo en que se hace o sucede algo,2025-03-31 00:00:00 a 2025-12-31 00:00:00,0
monto_fin_periodo,Numerica (decimal),Saldos de rendimientos de aportación del Fideicomiso,Monto Total de Recursos por Transferencia Saldo final del Periodo,8.659e+06 a 9.153e+06,0
fecha,Tiempo (fecha/hora),Salud Bucal,Fecha de consulta.,2024-10-01 00:00:00 a 2025-08-29 00:00:00,0
id_consulta,Texto libre,Salud Bucal,Identificador único de la consulta,117894 valores unicos,0
edad_anos,Entero (integer),Salud Bucal,"Edad del paciente en años, número",0 a 109,0
edad_meses,Entero (integer),Salud Bucal,"Edad paciente menor de un año en meses, número",0 a 11,0
edad_dias,Entero (integer),Salud Bucal,"Edad paciente menor a un mes en días, número",0 a 0,0
sexo,Categorica,Salud Bucal,Sexo del paciente que recibio la atención,Femenino; INTERSEXUAL; Masculino,0
peso,Numerica (decimal),Salud Bucal,Peso en kg del paciente que recibio la atención,1 a 400,7.6
altura,Entero (integer),Salud Bucal,Altura en cm del paciente que recibio la atención,30 a 220,7.6
municipio_unidad_medica,Categorica,Salud Bucal,Municipio donde se atendió,ABASOLO; AGUALEGUAS; ALLENDE; ANAHUAC; APODACA; ARAMBERRI; BUSTAMANTE; CADEREYTA JIMENEZ; CERRALVO; CHINA; CIENEGA DE FLORES; DOCTOR ARROYO; DOCTOR GONZALEZ; EL CARMEN; GALEANA; GARCIA; GENERAL BRAVO; GENERAL ESCOBEDO; GENERAL TERAN; GENERAL TREVINO; GENERAL ZUAZUA; GUADALUPE; HIDALGO; HIGUERAS; HUALAHUISES; JUAREZ; LAMPAZOS DE NARANJO; LINARES; LOS RAMONES; MARIN (+15 mas),0
institucion_unidad_medica,Categorica,Salud Bucal,Nombre de la institución médica donde se atendió,CENTRO DE ATENCION PARA LA PREVENCION Y ATENCION DEL VIH-SIDA Y OTRAS INFECCIONES DE TRASNMISION SEXUAL UNEME CAPASITS APODACA; CENTRO DE ESPECIALIDADES DENTALES; CENTRO DE SALUD ARTURO B DE LA GARZA; CENTRO DE SALUD BELLA VISTA CONSULTORIO MEDICINA GENERAL; CENTRO DE SALUD BENITO JUAREZ; CENTRO DE SALUD BICENTENARIO; CENTRO DE SALUD BUENOS AIRES; CENTRO DE SALUD CADEREYTA; CENTRO DE SALUD CANTERAS Y ALTAMIRA; CENTRO DE SALUD CHINA; CENTRO DE SALUD COLINAS DEL AEROPUERTO; CENTRO DE SALUD CON SERVICIOS AMPLIADOS ANAHUAC; CENTRO DE SALUD CON SERVICIOS AMPLIADOS SAN PEDRO GARZA GARCIA; CENTRO DE SALUD DRGONZALEZ; CENTRO DE SALUD FAMA; CENTRO DE SALUD HIGUERAS; CENTRO DE SALUD HUALAHUISES; CENTRO DE SALUD JOSE LOPEZ PORTILLO; CENTRO DE SALUD LOS ENCINOS; CENTRO DE SALUD LOS RAMONES; CENTRO DE SALUD LOS SAUCES; CENTRO DE SALUD METROPLEX; CENTRO DE SALUD PIO X; CENTRO DE SALUD SAN GILBERTO; CENTRO DE SALUD SIERRA VENTANA; CENTRO DE SALUD TAMAULIPAS; CENTRO DE SALUD URBANO AGUALEGUAS; CENTRO DE SALUD URBANO BELLA VISTA; CENTRO DE SALUD URBANO BUSTAMANTE; CENTRO DE SALUD URBANO ESTACION RODRIGUEZ (+86 mas),0
clave_grupo_ enfermedad,Categorica,Salud Bucal,Clave del grupo de enfermedad según el CIE 10,I; II; VI; XI; XII; XIX; XVII; XVIII; XXI,0
descripcion_grupo_enfermedad,Categorica,Salud Bucal,Descripción del grupo de enfermedad según según el CIE 10,CIERTAS ENFERMEDADES INFECCIOSAS Y PARASITARIAS; ENFERMEDADES DE LA PIEL Y DEL TEJIDO SUBCUTANEO; ENFERMEDADES DEL SISTEMA DIGESTIVO; ENFERMEDADES DEL SISTEMA NERVIOSO; FACTORES QUE INFLUYEN EN EL ESTADO DE SALUD Y CONTACTO CON LOS SERVICIOS DE SALUD; MALFORMACIONES CONGENITAS DEFORMIDADES Y ANOMALIAS CROMOSOMICAS; SINTOMAS SIGNOS Y HALLAZGOS ANORMALES CLINICOS Y DE LABORATORIO NO CLASIFICADOS EN OTRA PARTE; TRAUMATISMOS ENVENENAMIENTOS Y ALGUNAS OTRAS CONSECUENCIAS DE CAUSAS EXTERNAS; TUMORES NEOPLASIAS,0
clave_enfermedad,Categorica,Salud Bucal,Clave de la enfermedad deacuerdo con la Clasificación Internacional de Enfermedades (CIE-10),A499; B002; B009; B029; B370; B378; B379; C008; C028; C058; C068; D101; D103; D165; D370; G500; G501; G509; G510; K000; K001; K002; K003; K004; K005; K006; K007; K008; K009; K010 (+105 mas),0
descripcion_enfermedad,Categorica,Salud Bucal,Descripción de la enfermedad según el CIE 10,ABRASION DE LOS DIENTES; ABSCESO DE GLANDULA SALIVAL; ABSCESO PERIAPICAL CON FISTULA; ABSCESO PERIAPICAL SIN FISTULA; AFECCIONES INFLAMATORIAS DE LOS MAXILARES; ALTERACIONES DE LA SECRECION SALIVAL; ALTERACIONES EN LA ERUPCION DENTARIA; ALTERACIONES EN LA FORMACION DENTARIA; ALTERACIONES HEREDITARIAS DE LA ESTRUCTURA DENTARIA NO CLASIFICADAS EN OTRA PARTE; ALVEOLITIS DEL MAXILAR; ANODONCIA; ANOMALIA DENTOFACIAL NO ESPECIFICADA; ANOMALIAS DE LA POSICION DEL DIENTE; ANOMALIAS DE LA RELACION ENTRE LOS ARCOS DENTARIOS; ANOMALIAS DE LA RELACION MAXILOBASILAR; ANOMALIAS DEL TAMANO Y DE LA FORMA DEL DIENTE; ANOMALIAS DENTOFACIALES FUNCIONALES; ANOMALIAS EVIDENTES DEL TAMANO DE LOS MAXILARES; ANQUILOGLOSIA; ANQUILOSIS DENTAL; ATRICION EXCESIVA DE LOS DIENTES; ATROFIA DE GLANDULA SALIVAL; ATROFIA DEL REBORDE ALVEOLAR DESDENTADO; CAMBIOS POSTERUPTIVOS DEL COLOR DE LOS TEJIDOS DENTALES DUROS; CANDIDIASIS DE OTROS SITIOS; CANDIDIASIS NO ESPECIFICADA; CARIES CON EXPOSICION PULPAR; CARIES DE LA DENTINA; CARIES DEL CEMENTO; CARIES DENTAL NO ESPECIFICADA (+105 mas),0
fecha,Tiempo (fecha/hora),Salud Mental,Fecha de consulta.,2024-10-01 00:00:00 a 2025-08-31 00:00:00,0
id_consulta,Texto libre,Salud Mental,Identificador único de la consulta,48224 valores unicos,0
edad,Entero (integer),Salud Mental,Sin descripcion,0 a 118,0
edad_meses,Entero (integer),Salud Mental,"Edad paciente menor de un año en meses, número",0 a 11,0
edad_dias,Entero (integer),Salud Mental,"Edad paciente menor a un mes en días, número",0 a 0,0
sexo,Categorica,Salud Mental,Sexo del paciente que recibio la atención,Femenino; INTERSEXUAL; Masculino,0
peso,Categorica,Salud Mental,Peso en kg del paciente que recibio la atención,1; 1.4; 1.5; 10; 10.5; 10.7; 100; 100.01; 100.1; 100.2; 100.3; 100.4; 100.5; 100.6; 100.7; 100.8; 100.9; 101; 101.1; 101.2; 101.3; 101.4; 101.5; 101.6; 101.7; 101.8; 101.9; 102; 102.1; 102.2 (+1334 mas),0
altura,Categorica,Salud Mental,Altura en cm del paciente que recibio la atención,100; 101; 102; 103; 104; 105; 106; 107; 108; 109; 110; 111; 112; 113; 114; 115; 116; 117; 118; 119; 120; 121; 122; 123; 124; 125; 126; 127; 128; 129 (+128 mas),0
municipio_unidad_medica,Categorica,Salud Mental,Municipio donde se atendió,CADEREYTA JIMENEZ; CERRALVO; CHINA; GALEANA; GARCIA; GENERAL ESCOBEDO; LINARES; MONTEMORELOS; MONTERREY; PESQUERIA; SABINAS HIDALGO; SAN NICOLAS DE LOS GARZA; SAN PEDRO GARZA GARCIA; SANTA CATARINA,0
institucion_unidad_medica,Categorica,Salud Mental,Nombre de la institución médica donde se atendió,CENTRO COMUNITARIO DE SALUD MENTAL Y ADICCIONES AMERICA II; CENTRO COMUNITARIO DE SALUD MENTAL Y ADICCIONES CADEREYTA; CENTRO COMUNITARIO DE SALUD MENTAL Y ADICCIONES CERRALVO; CENTRO COMUNITARIO DE SALUD MENTAL Y ADICCIONES CHINA; CENTRO COMUNITARIO DE SALUD MENTAL Y ADICCIONES GARCIA; CENTRO COMUNITARIO DE SALUD MENTAL Y ADICCIONES LA ESTANZUELA; CENTRO COMUNITARIO DE SALUD MENTAL Y ADICCIONES SAN PEDRO; CENTRO COMUNITARIO DE SALUD MENTAL Y ADICCIONES SANTA CATARINA; CENTRO DE ATENCION INTEGRAL EN SALUD MENTAL Y ADICCIONES ZONA NORTE; CENTRO DE ATENCION INTEGRAL EN SALUD MENTAL Y ADICCIONES ZONA SUR ATENCION MEDICA EXTERNA; CENTRO DE SALUD CON SERVICIOS AMPLIADOS SAN PEDRO GARZA GARCIA; CENTRO DE SALUD FAMA; CENTRO DE SALUD PIO X; CENTRO DE SALUD PSICOSOCIAL CADEREYTA; CENTRO DE SALUD SAN GILBERTO; CSU CARMEN ROMANO; CSU CROC B; CSU EL FRAILE; CSU FERROCARRILERA; CSU FOMERREY XXX; CSU FOMERREY XXXIV; CSU NUEVA MORELOS; CSU SAN BERNABE; CSU TERMINAL; CSU TIERRA LIBERTAD; HOSPITAL DE ESPECIALIDADES EN SALUD MENTAL; HOSPITAL GENERAL DE LINARES; HOSPITAL GENERAL DE MONTEMORELOS; HOSPITAL GENERAL GALEANA; HOSPITAL TIERRA Y LIBERTAD (+2 mas),0
clave_grupo_ enfermedad,Categorica,Salud Mental,Clave del grupo de enfermedad según el CIE 10,I; IX; V; VI; XIX; XVIII; XX; XXI,0
descripcion_grupo_enfermedad,Categorica,Salud Mental,Descripción del grupo de enfermedad según según el CIE 10,CAUSAS EXTERNAS DE MORBILIDAD Y MORTALIDAD; CIERTAS ENFERMEDADES INFECCIOSAS Y PARASITARIAS; ENFERMEDADES DEL SISTEMA CIRCULATORIO; ENFERMEDADES DEL SISTEMA NERVIOSO; FACTORES QUE INFLUYEN EN EL ESTADO DE SALUD Y CONTACTO CON LOS SERVICIOS DE SALUD; SINTOMAS SIGNOS Y HALLAZGOS ANORMALES CLINICOS Y DE LABORATORIO NO CLASIFICADOS EN OTRA PARTE; TRASTORNOS MENTALES Y DEL COMPORTAMIENTO; TRAUMATISMOS ENVENENAMIENTOS Y ALGUNAS OTRAS CONSECUENCIAS DE CAUSAS EXTERNAS,0
clave_enfermedad,Categorica,Salud Mental,Clave de la enfermedad deacuerdo con la Clasificación Internacional de Enfermedades (CIE-10),B24X; F000; F001; F002; F009; F010; F011; F013; F018; F019; F020; F022; F023; F028; F03X; F050; F051; F058; F059; F060; F061; F062; F063; F064; F066; F067; F068; F069; F070; F078 (+405 mas),0
descripcion_enfermedad,Categorica,Salud Mental,Descripción de la enfermedad según el CIE 10,ABUSO DE SUSTANCIAS QUE NO PRODUCEN DEPENDENCIA; ABUSO FISICO; ABUSO PSICOLOGICO; ABUSO SEXUAL; ACTOS E IDEAS OBSESIVAS MIXTOS; AFASIA ADQUIRIDA CON EPILEPSIA LANDAUKLEFFNER; AGORAFOBIA; AGRESION SEXUAL CON FUERZA CORPORAL VIVIENDA; ALUCINOSIS ORGANICA; AMNESIA DISOCIATIVA; ANOREXIA NERVIOSA; ANOREXIA NERVIOSA ATIPICA; ATENCION MEDICA NO ESPECIFICADA; AUTISMO ATIPICO; AUTISMO EN LA NINEZ; BULIMIA NERVIOSA; BULIMIA NERVIOSA ATIPICA; CAMBIO PERDURABLE DE LA PERSONALIDAD CONSECUTIVO A UNA ENFERMEDAD PSIQUIATRICA; CAMBIO PERDURABLE DE LA PERSONALIDAD DESPUES DE UNA EXPERIENCIA CATASTROFICA; CEFALEA DEBIDA A TENSION; CICLOTIMIA; CONSULTA PARA ASESORIA POR ABUSO DE TABACO; CONSULTA PARA ASESORIA SOBRE EL VIRUS DE LA INMUNODEFICIENCIA HUMANA VIH; CONSULTA PARA ASESORIA Y VIGILANCIA POR ABUSO DE ALCOHOL; CONSULTA PARA ASESORIA Y VIGILANCIA POR ABUSO DE DROGAS; CONSULTA PARA ATENCION Y SUPERVISION DE LA SALUD DE OTROS NINOS O LACTANTES SANOS; CONSULTA PARA REPETICION DE RECETA; CONSULTA RELACIONADA CON LA ORIENTACION Y CONDUCTA SEXUAL DEL PACIENTE; CONSULTA RELACIONADA CON PREOCUPACIONES COMBINADAS SOBRE LA ACTITUD LA CONDUCTA Y LA ORIENTACION SEXUALES; CONVULSIONES DISOCIATIVAS (+405 mas),0
motoconformadora_bulldozer,Categorica,Servicios para el campo,Tipo de maquinaria utilizada para la ejecución del servicio.,Bulldozer; Motoconformadora,0
periodo,Entero (integer),Servicios para el campo,Año (periodo) en el que se realizó el servicio.,2025 a 2026,0
mes,Categorica,Servicios para el campo,Mes en que se realizó el servicio.,ABRIL; AGOSTO; DICIEMBRE; ENERO; FEBRERO; JULIO; JUNIO; MARZO; MAYO; NOVIEMBRE; OCTUBRE; SEPTIEMBRE,0
programas_con_los_que_se_cuenta,Categorica,Servicios para el campo,Sin descripcion,FESAGRO; Sin dato,0
convenio_contrato,Categorica,Servicios para el campo,Tipo de instrumento (convenio o contrato) asociado a la ejecución del servicio. SEDRA(Secretaria de Desarrollo Regional y Agropecuario).,Contrato; Convenio; Convenio_SEDRA,0
beneficiario,Categorica,Servicios para el campo,"Nombre del beneficiario, entidad o dependencia solicitante.",Ciudadano; Estado,0
localidad,Texto libre,Servicios para el campo,"Localidad, tramo o referencia territorial donde se realizó el servicio.",117 valores unicos,0
servicio_realizado,Categorica,Servicios para el campo,Descripción del servicio o trabajo de campo realizado.,ARADO; BRECHAS; DESAZOLVE DE PRESA; DESPALME; LIMPIEZA DE CAMINOS; PEINE; PRESA NUEVA; RASTRA; REHABILITACION DE CAMINOS,0
municipio_donde_se_entrega_apoyo,Categorica,Servicios para el campo,Sin descripcion,AGUALEGUAS; ANAHUAC; CADEREYTA JIMENEZ; CERRALVO; CHINA; DR. COSS; DR.COSS; GENERAL BRAVO; LAMPAZOS; LOS RAMONES; MONTEMORELOS; PARAS; SABINAS HIDALGO; SALINAS VICTORIA; SANTA CATARINA; SANTIAGO; VALLECILLO,0
horas,Entero (integer),Servicios para el campo,Número de horas máquina utilizadas para la ejecución del servicio.,1 a 142,0
hectareas,Texto libre,Servicios para el campo,Superficie atendida medida en hectáreas (si aplica).,42 valores unicos,0
kilometros,Categorica,Servicios para el campo,Kilómetros atendidos o trabajados (si aplica).,0.5; 0.513; 0.858; 0.879; 1; 1.2; 10; 1031.79; 1043; 1043.36; 2; 2.5; 20; 240.44; 241.43; 25; 3; 3.5; 30; 4; 415.84; 5; 50; 6; 8; 990; Null,0
Periodo,Entero (integer),Sesiones del Comité Coordinador del SEANL,Periodo en que se llevo a cabo la Sesion,2024 a 2025,0
Mes,Entero (integer),Sesiones del Comité Coordinador del SEANL,Mes en que se realizo la Sesion,1 a 12,0
Dia,Entero (integer),Sesiones del Comité Coordinador del SEANL,Dia del mes en que se realizo la Sesion,3 a 27,0
Numero_sesion,Categorica,Sesiones del Comité Coordinador del SEANL,Numero ordinal de la Sesion dentro del periodo correspondiente,Cuarta; Primera; Quinta; Segunda; Tercera,0
Tipo,Categorica,Sesiones del Comité Coordinador del SEANL,Tipo de Sesion,Extraordinaria,0
Asuntos_tratados,Categorica,Sesiones del Comité Coordinador del SEANL,Asuntos tratados durante la Sesion,"Aprobacion del Acta de la Primera Sesion Extraordinaria del CC-SEANL, celebrada en fecha 07 de febrero de 2024.
Resolucion no vinculante que contiene Solicitud para que los Entes Publicos del Estado de Nuevo Leon, designen y/o actualicen la informacion del Servidor Publico que funja como enlace entre el Sistema Estatal Anticorrupcion de Nuevo Leon y cada uno de ellos.; Aprobacion del Acta de la Segunda Sesion Extraordinaria del CC-SEANL, celebrada en fecha 17 de octubre de 2024.
Aprobacion del Acuerdo mediante el cual el CC-SEANL aprueba la Politica Estatal Anticorrupcion.
Aprobacion para que el CC-SEANL, autorice a sus integrantes, para que, de manera conjunta o separada, y en representacion del Comite, suscriban convenios de colaboracion con los entes publicos que se encuentran definidos en la fraccion VI del articulo 2 de la Ley del Sistema Estatal Anticorrupcion para el Estado de Nuevo Leon.; Aprobacion del Acta de la Segunda Sesion Extraordinaria del Comite Coordinador del Sistema Estatal Anticorrupcion de Nuevo Leon (CC-SEANL) de fecha 03 de agosto de 2023. 
Aprobacion del Informe Anual de Avances y Resultados del periodo 2023 del CC-SEANL.
Aprobacion del Programa Anual de Trabajo del periodo 2024 del CC-SEANL.
Aprobacion del Dictamen por el que se aprueba el Calendario de Sesiones Ordinarias del CC-SEANL, para el periodo 2024.                                                                                                                                                                                                                                                                                           Designacion de un Integrante del CC-SEANL y otorgamiento de facultades, para que asista en representacion del mismo a la Primera Sesion Ordinaria 2024 del Sistema Nacional Anticorrupcion, a celebrarse el dia 29 de febrero de 2024, en la ciudad de Acapulco, Guerrero.; Aprobacion del Informe Anual de Avances y Resultados del periodo 2024 del CC-SEANL.
Aprobacion del Programa Anual de Trabajo del periodo 2025 del CC-SEANL.                                                                                                                                                                                                                                                                                                                                                                                                              Aprobacion del Calendario de Sesiones Ordinarias para el ejercicio 2025.; Aprobacion del Plan de Trabajo para la implementacion del Sistema Estatal de Informacion (SEI). 
Aprobacion del Programa de Capacitacion del CC-SEANL para el periodo 2025.; Aprobacion del Programa de Implementacion de la Politica Estatal Anticorrupcion de Nuevo Leon (PI-PEANL).; Presentacion del informe de resultados del Curso a Proveedores ""Prevencion y concientizacion sobre faltas administrativas y hechos de corrupcion. 
Presentacion  del informe de resultados de la participacion de la Secretaria Ejecutiva del Sistema Estatal Anticorrupcion del Estado de Nuevo Leon en el Evento Provee NL 2025. 
Presentacion  del informe de seguimiento de la elaboracion del proyecto del Programa de Implementacion de la Politica Estatal Anticorrupcion de Nuevo Leon.
Propuesta y en su caso aprobacion para la firma de convenio de colaboracion con la Camara Nacional de la Industria de Desarrollo y promocion de la Vivienda (CANADEVI).; Presentacion del informe de seguimiento a la Resolucion no vinculante que contiene Solicitud para que los Entes Publicos del Estado de Nuevo Leon, designen y/o actualicen la informacion del Servidor Publico que funja como enlace entre el Sistema Estatal Anticorrupcion de Nuevo Leon y cada uno  de ellos.                                                                                                                                                                                                                                                                                                                                                                                                                                        Aprobacion para llevar a cabo la Segunda Edicion del Concurso de Fotografia ""¡Echale un ojo a tus Valores!"".",0
Acta,Categorica,Sesiones del Comité Coordinador del SEANL,Liga de consulta del Acta de la Sesion,https://seanuevoleon.mx/wp-content/uploads/ACTA-CUARTA-SESION-EXTRAORDINARIA-COMITE-COORDINADOR.-2025.pdf; https://seanuevoleon.mx/wp-content/uploads/ACTA-PRIMERA-SESI%C3%93N-EXTRAORDINARIA-COMIT%C3%89-COORDINADOR-2025.pdf; https://seanuevoleon.mx/wp-content/uploads/ACTA-QUINTA-SESION-EXTRAORDINARIA-COMIT%C3%89-COORDINADOR-2025.pdf; https://seanuevoleon.mx/wp-content/uploads/ACTA-SEGUNDA-SESI%C3%93N-EXTRAORDINARIA-COMIT%C3%89-COORDINADOR-2025.pdf; https://seanuevoleon.mx/wp-content/uploads/ACTA-TERCERA-SESI%C3%93N-EXTRAORDINARIA-COMIT%C3%89-COORDINADOR-2025.pdf; https://seanuevoleon.mx/wp-content/uploads/Acta-1a-Sesion-Ext-CC-2024.pdf; https://seanuevoleon.mx/wp-content/uploads/Acta-2a-Sesion-Ext-CC-2024.pdf; https://seanuevoleon.mx/wp-content/uploads/Acta-3a-Sesion-Ext-CC-2024.pdf,0
Periodo,Entero (integer),Sesiones Órganos de Gobierno del SESEANL,Periodo en que se llevo a cabo la Sesion,2024 a 2025,0
Mes,Entero (integer),Sesiones Órganos de Gobierno del SESEANL,Mes en que se realizo la Sesion,1 a 12,0
Dia,Entero (integer),Sesiones Órganos de Gobierno del SESEANL,Dia del mes en que se realizo la Sesion,3 a 29,0
Numero_sesion,Categorica,Sesiones Órganos de Gobierno del SESEANL,Numero ordinal de la sesion dentro del periodo correspondiente,Cuarta; Primera; Quinta; Segunda; Septima; Sexta; Tercera,0
Tipo,Categorica,Sesiones Órganos de Gobierno del SESEANL,Tipo de Sesion,Extraordinaria,0
Asuntos_tratados,Categorica,Sesiones Órganos de Gobierno del SESEANL,Asuntos tratados durante la Sesion,"Aprobacion de la modificacion al manual de organizacion de la SESEANL.
Aprobacion del manual de politicas para el registro, control, uso y destino final de bienes muebles de la SESEANL.; Aprobacion de las siguientes Actas: Segunda, Tercera y Cuarta, siendo todas Sesiones Extraordinarias de fechas 12 de septiembre, 17 de octubre y 29 de octubre, respectivamente.
Aprobacion del Acuerdo por el que se establecen los Lineamientos Internos que regulan la Asignacion de Comisiones, Viaticos y Pasajes Nacionales e Internacionales de SESEANL.
Aprobacion del Acuerdo por el que se establecen las Politicas para el Control de Fondo de Caja Chica de la SESEANL.
Aprobacion del Acuerdo por el cual se determina el Calendario Anual de Labores de la SESEANL para el periodo 2025.
Aprobacion del Acuerdo mediante el cual se Aprueba la Redistribucion del Presupuesto de Egresos de SESEANL, correspondiente al Ejercicio Fiscal 2024.; Aprobacion del Acta de la Primera Sesion Ordinaria del OG-SESEANL en fecha 07 de febrero de 2024.
Presentacion de los Informes Trimestrales de las actividades de SESEANL, incluidos el ejercicio de los Presupuestos de Ingresos y Egresos, correspondiente a los periodos de enero-marzo y abril-junio de 2024.
Presentacion de la renuncia del Mtro. Joaquin Ramirez de la Cerda, Coordinador Ejecutivo, Encargado del Despacho de la SESEANL.
Aprobacion de la designacion del Mtro. Bernardo Sierra Gomez como Coordinador Ejecutivo, Encargado del Despacho de la SESEANL.; Aprobacion del Acta de la Quinta Sesion Extraordinaria celebrada el 12 de diciembre de 2024; Acta de la Primera Sesion Extraordinaria de fecha 27 de enero de 2025; Acta de la Segunda Sesion Extraordinaria de fecha 27 de febrero de 2025, y Acta de la tercera Sesion Extraordinaria de fecha 28 de marzo de 2025.
Aprobacion del Acuerdo mediante el cual se aprueba la redistribucion del Presupuesto de Egresos de la SESEANL, correspondiente al ejercicio fiscal 2025.
Informe sobre el ejercicio del Presupuesto de Ingresos y Egresos correspondiente al primer trimestre de 2025, de la SESEANL.; Aprobacion del Acta de la Segunda Sesion Ordinaria del organo de Gobierno de la Secretaria Ejecutiva del Sistema Estatal Anticorrupcion del Estado de Nuevo Leon (OG-SESEANL), celebrada en fecha 01 de noviembre de 2023. 
Aprobacion del Informe Anual 2023 de la Secretaria Ejecutiva del Sistema Estatal Anticorrupcion del Estado de Nuevo Leon (SESEANL).
Aprobacion del Programa de Trabajo Anual 2024 de la SESEANL.
Aprobacion del Dictamen de Aprobacion del Ejercicio Presupuestal Anual de la SESEANL, para el Ejercicio Fiscal 2024, considerando la falta de Ley de Egresos de 2024. 
Aprobacion del Dictamen por el que seaprueba el Calendario de Sesiones Ordinarias del OG-SESEANL, para el periodo 2024.
Aprobacion del Dictamen por el que se establece el Calendario Anual de Labores para el periodo 2024, de la SESEANL. 
Aprobacion del Dictamen que contiene el Tabulador de Sueldos y Prestaciones de los Servidores Publicos de la SESEANL, aplicable al periodo 2024.
Presentacion del Informe Trimestral de las actividades de la SESEANL, incluidos el ejercicio de los Presupuestos de Ingresos y Egresos, correspondiente al periodo de octubre – diciembre de 2023.; Aprobacion del Acuerdo mediante el cual se aprueba la redistribucion del Presupuesto de Egresos de la SESEANL, correspondiente al ejercicio fiscal 2025.
Informe sobre el ejercicio del Presupuesto de Ingresos y Egresos correspondientes al segundo trimestre de 2025.
Presentacion del informe sobre el desarrollo de los Comites de la SESEANL.
Presentacion del informe sobre reintegro de recursos no devengados.; Aprobacion del Acuerdo por el cual se aprueban los estados financieros correspondientes a la cuenta publica del 2024 de la SESEANL.; Aprobacion del Acuerdo por el que se modifica el Manual de Remuneraciones de los Servidores Publicos de la SESEANL, para el periodo 2025.
Aprobacion del Acuerdo por el cual se modifica la distribucion del Presupuesto de Egresos de la SESEANL, para el ejercicio fiscal 2025.; Aprobacion del Anteproyecto de Presupuesto de Egresos de la SESEANL para el ejercicio fiscal 2025.; Aprobacion del Informe Anual 2024 de la SESEANL.
Aprobacion del Programa de Trabajo Anual 2025 de la SESEANL.
Aprobacion del Acuerdo por el cual se determina el Calendario de Sesiones Ordinarias del OG-SESEANL para el periodo 2025. 
Aprobacion del Acuerdo por el cual se aprueba la distribucion del Presupuesto de Egresos de la SESEANL para el ejercicio fiscal 2025.
Aprobacion del Acuerdo mediante el cual se aprueba el Manual de Remuneraciones de los Servidores Publicos de la SESEANL para el periodo 2025.; Aprobacion del acuerdo por el cual se determina el calendario anual de labores de la SESEANL para el periodo 2026.
Discusion y en su caso aprobacion del acuerdo por el cual se modifica la distribucion del presupuesto de egresos de la SESEANL para el ejercicio fiscal 2025.; Informe sobre el ejercicio del Presupuesto de Ingresos y Egresos correspondiente al tercer trimestre de 2025, de la SESEANL.
Aprobacion del acuerdo que contiene el anteproyecto de Presupuesto de Egresos de la SESEANL para el ejercicio fiscal 2026.",0
Acta,Categorica,Sesiones Órganos de Gobierno del SESEANL,Liga de consulta del Acta de la Sesion,https://seseanl.gob.mx/wp-content/uploads/ACTA-CUARTA-SESION-EXTRAORDINARIA-OG_2024.pdf; https://seseanl.gob.mx/wp-content/uploads/ACTA-CUARTA-SESION-EXTRAORDINARIA-ORGANO-DE-GOBIERNO-2025.pdf; https://seseanl.gob.mx/wp-content/uploads/ACTA-PRIMERA-SESION-EXTRAORDINARIA-OG_2024.pdf; https://seseanl.gob.mx/wp-content/uploads/ACTA-PRIMERA-SESION-EXTRAORDINARIA-ORGANO-DE-GOBIERNO-2025.pdf; https://seseanl.gob.mx/wp-content/uploads/ACTA-QUINTA-SESION-EXTRAORDINARIA-ORGANO-DE-GOBIERNO-2025.pdf; https://seseanl.gob.mx/wp-content/uploads/ACTA-SEGUNDA-SESION-EXTRAORDINARIA-OG_2024.pdf; https://seseanl.gob.mx/wp-content/uploads/ACTA-SEGUNDA-SESION-EXTRAORDINARIA-ORGANO-DE-GOBIERNO-2025.pdf; https://seseanl.gob.mx/wp-content/uploads/ACTA-SEPTIMA-SESION-EXTRAORDINARIA-ORGANO-DE-GOBIERNO-2025.pdf; https://seseanl.gob.mx/wp-content/uploads/ACTA-SEXTA-SESION-EXTRAORDINARIA-ORGANO-DE-GOBIERNO-2025.pdf; https://seseanl.gob.mx/wp-content/uploads/ACTA-TERCERA-SESION-EXTRAORDINARIA-OG_2024.pdf; https://seseanl.gob.mx/wp-content/uploads/ACTA-TERCERA-SESION-EXTRAORDINARIA-ORGANO-DE-GOBIERNO-2025.pdf,0
Contador,Entero (integer),Sitios de Internet Gratuitos ConectateNL,Sin descripcion,1 a 565,34.7
DEPENDENCIA,Categorica,Sitios de Internet Gratuitos ConectateNL,Nombre de la dependencia gubernamental del sitio con Internet gratuito,DESARROLLO INTEGRAL DE LA FAMILIA; DIRECCION DEL REGISTRO CIVIL; ECOVIA; EDIFICIOS DE GOBIERNO; INSTITUTO DE CAPACITACION Y EDUCACION PARA EL TRABAJO; INSTITUTO DE CONTROL VEHICULAR; INSTITUTO DE MOVILIDAD; INSTITUTO DE SEGURIDAD Y SERVICIOS SOCIALES DE LOS TRABAJADORES DEL ESTADO DE NUEVO LEON; INSTITUTO ESTATAL DE CULTURA FISICA Y DEPORTE; RED ESTATAL DE AUTOPISTAS; SECRETARIA DE EDUCACION; SECRETARIA DE IGUALDAD E INCLUSION; SECRETARIA DE SALUD; SISTEMA DE TRANSPORTE COLECTIVO METRORREY,0
SITIO,Texto libre,Sitios de Internet Gratuitos ConectateNL,Nombre del sitio con Internet gratuito,610 valores unicos,0
CALLE,Texto libre,Sitios de Internet Gratuitos ConectateNL,Calle del sitio con Internet gratuito,473 valores unicos,0
NUMERO,Texto libre,Sitios de Internet Gratuitos ConectateNL,Numero o Nombre del sitio en donde esta la dependencia gubernamental con Internet gratuito,334 valores unicos,0
COLONIA,Texto libre,Sitios de Internet Gratuitos ConectateNL,Colonia a la que pertenece el sitio con Internet gratuito,347 valores unicos,0
CODIGO_POSTAL,Texto libre,Sitios de Internet Gratuitos ConectateNL,Codigo postal a la que pertenece el sitio con Internet gratuito,203 valores unicos,0.3
MUNICIPIO,Texto libre,Sitios de Internet Gratuitos ConectateNL,Municipio a la que pertenece el sitio con Intenet gratuito,47 valores unicos,0
ESTADO,Categorica,Sitios de Internet Gratuitos ConectateNL,Estado a la que pertenece el sitio con Intenet gratuito,NUEVO LEON,0
LATITUD,Numerica (decimal),Sitios de Internet Gratuitos ConectateNL,Latitud del sitio con Internet gratuito,18.95 a 27.24,0
LONGITUD,Numerica (decimal),Sitios de Internet Gratuitos ConectateNL,Longitud del sitio con Internet gratuito,-100.6 a -99.18,0
VELOCIDAD SUBIDA,Entero (integer),Sitios de Internet Gratuitos ConectateNL,Sin descripcion,10 a 1000,34.7
VELOCIDAD DESCARGA,Entero (integer),Sitios de Internet Gratuitos ConectateNL,Sin descripcion,2 a 1000,34.7
USUARIOS MAXIMO SIMULTANEO,Entero (integer),Sitios de Internet Gratuitos ConectateNL,Sin descripcion,50 a 3800,34.7
CONSECUTIVO,Entero (integer),Sitios de Internet Gratuitos ConectateNL,Numero consecutivo de los sitios con Internet gratuito,1 a 300,65.3
VELOCIDAD_SUBIDA,Entero (integer),Sitios de Internet Gratuitos ConectateNL,Velocidad de subida de Internet del sitio en Mbps,10 a 1000,65.3
VELOCIDAD_DESCARGA,Entero (integer),Sitios de Internet Gratuitos ConectateNL,Velocidad de descarga de Internet del sitio en Mbps,2 a 1000,65.3
USUARIOS_MAXIMO_SIMULTANEO,Entero (integer),Sitios de Internet Gratuitos ConectateNL,Cantidad de usuarios maximo que pueden estar navegando en Internet al mismo tiempo,250 a 3800,65.3
fecha_atenci¢n,Texto libre,Solicitud de informacion Instituto Registral y Catastral,Sin descripcion,60 valores unicos,33.7
atenciones_telefonicas,Entero (integer),Solicitud de informacion Instituto Registral y Catastral,"Numero de consultas, solicitudes o situaciones que se da a las personas usuarias a traves del irc  el canal telefonico",0 a 10,0
atenciones_digitales,Texto libre,Solicitud de informacion Instituto Registral y Catastral,"Numero de consultas, solicitudes o situaciones que se da a las personas usuarias a traves del irc por medios digitales",86 valores unicos,0
atenciones_presenciales,Entero (integer),Solicitud de informacion Instituto Registral y Catastral,"Numero de consultas, solicitudes o situaciones que se da a las personas usuarias a traves del irc de manera presencial",0 a 27128,33.7
fecha_atencion,Tiempo (fecha/hora),Solicitud de informacion Instituto Registral y Catastral,"Fecha en la que se dio la consulta, solicitud o situación del irc",2026-01-01 00:00:00 a 2026-01-31 00:00:00,66.3
atenciones_presenciales ,Entero (integer),Solicitud de informacion Instituto Registral y Catastral,"Numero de consultas, solicitudes o situaciones que se da a las personas usuarias a traves del irc de manera presencial",0 a 1379,66.3
folio,Entero (integer),Solicitudes de Acceso a la Información,Numero con el que se identifica la solicitud de informacion,9321 a 191107125000040,0
fecha_solicitud,Tiempo (fecha/hora),Solicitudes de Acceso a la Información,Fecha en la que la ciudadania ingresa la solicitud de informacion,2020-12-10 00:00:00 a 2025-11-19 00:00:00,0
estatus,Categorica,Solicitudes de Acceso a la Información,Proceso en el que se encuentra la solicitud de informacion,Terminada,0
medio_entrega,Categorica,Solicitudes de Acceso a la Información,medio por el cual se entrega la informacion,Dispositivo movil; Organo Garante; electronica,0
tipo_solicitud,Categorica,Solicitudes de Acceso a la Información,tipo de solicitud  ya sea de acceso a la informacion o derechos ARCOP,Datos Personales; Informacion publica,0
fecha_respuesta,Tiempo (fecha/hora),Solicitudes de Acceso a la Información,fecha en la que el sujeto obligado remitio la respuesta a la ciudadania,2021-02-01 00:00:00 a 2025-12-02 00:00:00,0
prorroga,Booleana,Solicitudes de Acceso a la Información,Conocer si el sujeto solicito prorroga para brindar a la ciudadania la respuesta,No,0
prevencion,Booleana,Solicitudes de Acceso a la Información,Conocer si el sujeto obligado genero alguna prevencion,No,0
disponibilidad,Booleana,Solicitudes de Acceso a la Información,Conocer si el el sujeto obligado cuenta con la informacion,No,0
tipo_derecho_arcop,Categorica,Solicitudes de Acceso a la Información,Tipo de informacion publica solicitada por la ciudadania,Acceso; No Aplica,0
queja,Booleana,Solicitudes de Acceso a la Información,Conocer si la ciudadania se quejo,No; Si,0
folio_solicitud,Entero (integer),Solicitudes de Acceso a la Información,Numero con el que se identifica la solicitud de informacion,191394225000001 a 191394225000005,0
fecha_solicitud,Tiempo (fecha/hora),Solicitudes de Acceso a la Información,Fecha en la que la ciudadania ingresa la solicitud de informacion,2025-02-11 00:00:00 a 2025-11-25 00:00:00,0
dependencia,Categorica,Solicitudes de Acceso a la Información,Dependencia a la que compete la solicitud de informacion,Representación_del_Gobierno_del_Estado_en_la_Ciudad_de_México,0
estatus_solicitud,Categorica,Solicitudes de Acceso a la Información,Proceso en el que se encuentra la solicitud de informacion,DESECHADA POR FALTA DE RESPUESTA DEL CIUDADANO; TERMINADA,0
medio_entrada,Categorica,Solicitudes de Acceso a la Información,Herramienra utilizada para generar la solicitud de informacion,Electronica,0
tipo_solicitud,Categorica,Solicitudes de Acceso a la Información,informacion solicitada por la ciudadania en la solicitud,Datos_Personales; Informacion_publica,0
medio_entrega,Categorica,Solicitudes de Acceso a la Información,Herramienta con la que se le brindara respuesta a la ciudadania,Electronico_a_traves_del_sistema_de_solicitudes_de_acceso_a_la_informacion_de_la_PNT,0
fecha_limite,Tiempo (fecha/hora),Solicitudes de Acceso a la Información,Fecha con la que cuenta el sujeto obligado para brindar respuesta a la ciudadania,2025-02-25 00:00:00 a 2025-12-09 00:00:00,0
respuesta,Categorica,Solicitudes de Acceso a la Información,Tipo de respuesta que se le brindo a la ciudadania,Entrega_de_informacion_via_PNT; Por_notoria_incompetencia; Prevencion_o_existencia_de_un_tramite,0
fecha_respuesta,Tiempo (fecha/hora),Solicitudes de Acceso a la Información,Fecha en la que el sujeto obligado remitio la respuesta a la ciudadania,2025-02-24 00:00:00 a 2025-11-28 00:00:00,0
pais,Categorica,Solicitudes de Acceso a la Información,Pais de donde se solicita la informacion,sin dato,0
estado,Categorica,Solicitudes de Acceso a la Información,Estado del que se solicita la informacion,sin dato,0
municipio,Categorica,Solicitudes de Acceso a la Información,Municipio del que se solicita la informacion,sin dato,0
codigo_postal,Categorica,Solicitudes de Acceso a la Información,Codigo postal de donde se solicita la informacion,sin dato,0
sector,Categorica,Solicitudes de Acceso a la Información,Sector del que se solicita la informacion,Poder_Ejecutivo,0
prorroga,Booleana,Solicitudes de Acceso a la Información,Conocer si el sujeto solicito prorroga para brindar a la ciudadania la respuesta,No,0
prevencion,Booleana,Solicitudes de Acceso a la Información,Conocer si el sujeto obligado genero alguna prevencion,No; SI,0
disponibilidad,Booleana,Solicitudes de Acceso a la Información,Conocer si el el sujeto obligado cuenta con la informacion,No,0
tipo_derecho_arcop,Categorica,Solicitudes de Acceso a la Información,Tipo de informacion publica solicitada por la ciudadania,No_Aplica,0
queja,Booleana,Solicitudes de Acceso a la Información,Conocer si la ciudadania se quejo,No,0
anualidad,Entero (integer),Solicitudes de Acceso a la Información,anualidad en el que el ciudadano presenta su solicitud,2023 a 2025,0
fecha_recepcion,Tiempo (fecha/hora),Solicitudes de Acceso a la Información,Fecha en la que la ciudadano presenta la solicitud de informacion,2023-01-05 00:00:00 a 2025-12-02 00:00:00,0
sujeto obligado,Categorica,Solicitudes de Acceso a la Información,Sin descripcion,Sistema de Caminos de Nuevo Leon,0
folio,Entero (integer),Solicitudes de Acceso a la Información,Numero con el que se identifica la solicitud de informacion,191105723000001 a 191105725000014,0
estatus,Categorica,Solicitudes de Acceso a la Información,Proceso en el que se encuentra la solicitud de informacion,Terminada,0
tipo_respuesta,Categorica,Solicitudes de Acceso a la Información,Tipo de respuesta que se le brindo a la ciudadania,Entrega de informacion; Informacion Publica; Informacion clasificada como confidencial; Informacion inexistente; Informaci¢n Publica; Informaci¢n disponible via internet; Por notoria incompetencia; Prevencion de la Informacion; solicitud improcedente/derecho de peticion,0
medio_recepcion,Categorica,Solicitudes de Acceso a la Información,Herramienta utilizada para generar la solicitud de informacion,Electronica,0
tipo_solicitud,Categorica,Solicitudes de Acceso a la Información,Informacion solicitada por la ciudadania en la solicitud,Informacion publica,0
entidad_federativa,Categorica,Solicitudes de Acceso a la Información,Estado de la republica a la que se env¡a la solicitud,sin dato,0
delegacion_municipio,Categorica,Solicitudes de Acceso a la Información,Municipio del que se solicita la informacion,sin dato,0
codigo_postal,Categorica,Solicitudes de Acceso a la Información,Codigo postal de donde se solicita la informacion,sin dato,0
telefono,Categorica,Solicitudes de Acceso a la Información,Medio de comunicacion que en casos brinda el ciudadano para la entrega de la informacion,sin dato,0
correo_electronico,Categorica,Solicitudes de Acceso a la Información,Medio electronico mediante el cual el ciudadano quiere que se le entregue la informacion,sin dato,0
folio,Texto libre,Solicitudes de Acceso a la Información del Fondo de Fomento Agropecuario del Estado de Nuevo León,Numero con el que se identifica la solicitud de informacion,42 valores unicos,0
fecha_solicitud,Tiempo (fecha/hora),Solicitudes de Acceso a la Información del Fondo de Fomento Agropecuario del Estado de Nuevo León,Fecha en la que la ciudadania ingresa la solicitud de informacion,2021-01-22 00:00:00 a 2026-02-23 00:00:00,0
estatus,Categorica,Solicitudes de Acceso a la Información del Fondo de Fomento Agropecuario del Estado de Nuevo León,Proceso en el que se encuentra la solicitud de informacion,En proceso; Terminada,0
medio_entrega,Categorica,Solicitudes de Acceso a la Información del Fondo de Fomento Agropecuario del Estado de Nuevo León,medio por el cual se entrega la informacion,Dispositivo movil; Electronica,0
tipo_solicitud,Categorica,Solicitudes de Acceso a la Información del Fondo de Fomento Agropecuario del Estado de Nuevo León,tipo de solicitud  ya sea de acceso a la informacion o derechos ARCOP,Datos Personales; Informacion publica,0
fecha_respuesta,Tiempo (fecha/hora),Solicitudes de Acceso a la Información del Fondo de Fomento Agropecuario del Estado de Nuevo León,fecha en la que el sujeto obligado remitio la respuesta a la ciudadania,2021-02-01 00:00:00 a 2026-03-03 00:00:00,2.4
prorroga,Booleana,Solicitudes de Acceso a la Información del Fondo de Fomento Agropecuario del Estado de Nuevo León,Conocer si el sujeto solicito prorroga para brindar a la ciudadania la respuesta,No,0
prevencion,Booleana,Solicitudes de Acceso a la Información del Fondo de Fomento Agropecuario del Estado de Nuevo León,Conocer si el sujeto obligado genero alguna prevencion,No,0
disponibilidad,Booleana,Solicitudes de Acceso a la Información del Fondo de Fomento Agropecuario del Estado de Nuevo León,Conocer si el el sujeto obligado cuenta con la informacion,No,0
tipo_derecho_arcop,Booleana,Solicitudes de Acceso a la Información del Fondo de Fomento Agropecuario del Estado de Nuevo León,Tipo de informacion publica solicitada por la ciudadania,No; Si,0
queja,Vacia / sin datos,Solicitudes de Acceso a la Información del Fondo de Fomento Agropecuario del Estado de Nuevo León,Registrar si la ciudadania manifesto alguna queja respecto al servicio o tramite,,100
FOLIO,Entero (integer),Solicitudes de Acceso a la información recibidas por CODETUR,Sin descripcion,191107325000001 a 191107325000010,9.1
FECHA_SOLICITUD,Tiempo (fecha/hora),Solicitudes de Acceso a la información recibidas por CODETUR,Sin descripcion,2025-01-06 00:00:00 a 2025-11-05 00:00:00,9.1
DEPENDENCIA,Categorica,Solicitudes de Acceso a la información recibidas por CODETUR,Sin descripcion,Corporaci¢n para el Desarrollo Tur¡stico de Nuevo Le¢n,9.1
ESTATUS,Categorica,Solicitudes de Acceso a la información recibidas por CODETUR,Sin descripcion,Terminada,9.1
MEDIO_ENTRADA,Categorica,Solicitudes de Acceso a la información recibidas por CODETUR,Sin descripcion,Electr¢nica,9.1
TIPO_SOLICITUD,Categorica,Solicitudes de Acceso a la información recibidas por CODETUR,Sin descripcion,Informacion publica,9.1
MEDIO_ENTREGA,Categorica,Solicitudes de Acceso a la información recibidas por CODETUR,Sin descripcion,Electronico a traves del sistema de solicitudes de acceso a la informacion de la PNT,9.1
FECHA_LIMITE,Tiempo (fecha/hora),Solicitudes de Acceso a la información recibidas por CODETUR,Sin descripcion,2025-01-20 00:00:00 a 2025-11-20 00:00:00,9.1
RESPUESTA,Categorica,Solicitudes de Acceso a la información recibidas por CODETUR,Sin descripcion,Entrega de informacion via PNT,9.1
FECHA_RESPUESTA,Tiempo (fecha/hora),Solicitudes de Acceso a la información recibidas por CODETUR,Sin descripcion,2025-01-08 00:00:00 a 2025-11-07 00:00:00,9.1
PAIS,Categorica,Solicitudes de Acceso a la información recibidas por CODETUR,Sin descripcion,sin dato,9.1
ESTADO,Categorica,Solicitudes de Acceso a la información recibidas por CODETUR,Sin descripcion,sin dato,9.1
MUNICIPIO,Categorica,Solicitudes de Acceso a la información recibidas por CODETUR,Sin descripcion,sin dato,9.1
CODIGO_POSTAL,Categorica,Solicitudes de Acceso a la información recibidas por CODETUR,Sin descripcion,sin dato,9.1
SECTOR,Categorica,Solicitudes de Acceso a la información recibidas por CODETUR,Sin descripcion,Poder Ejecutivo,9.1
PRORROGA,Booleana,Solicitudes de Acceso a la información recibidas por CODETUR,Sin descripcion,No,9.1
PREVENCION,Booleana,Solicitudes de Acceso a la información recibidas por CODETUR,Sin descripcion,No,9.1
DISPONIBILIDAD,Booleana,Solicitudes de Acceso a la información recibidas por CODETUR,Sin descripcion,No,9.1
TIPO_DERECHO_ARCOP,Categorica,Solicitudes de Acceso a la información recibidas por CODETUR,Sin descripcion,No Aplica,9.1
QUEJA,Booleana,Solicitudes de Acceso a la información recibidas por CODETUR,Sin descripcion,No,9.1
anualidad,Entero (integer),Solicitudes de Información,anualidad en el que el ciudadano presenta su solicitud,2025 a 2025,76.8
fecha_recepcion,Tiempo (fecha/hora),Solicitudes de Información,Fecha en la que la ciudadano presenta la solicitud de informacion,2025-01-07 00:00:00 a 2025-12-04 00:00:00,76.8
sujeto obligado,Categorica,Solicitudes de Información,Sin descripcion,NLE - Fideicomiso No  2209 Linea 3 del Sistema de Transporte Colectivo Metrorrey LINEA3,76.8
folio,Entero (integer),Solicitudes de Información,Numero con el que se identifica la solicitud de informacion,191397000000000 a 191397000000000,76.8
estatus,Categorica,Solicitudes de Información,Proceso en el que se encuentra la solicitud de informacion,Terminada,76.8
tipo_respuesta,Categorica,Solicitudes de Información,Tipo de respuesta que se le brindo a la ciudadania,entrega de informacion; entrega deinformacion; incomeptencia; inexistencia,76.8
medio_recepcion,Categorica,Solicitudes de Información,Herramienta utilizada para generar la solicitud de informacion,Electronica,76.8
tipo_solicitud,Categorica,Solicitudes de Información,Informacion solicitada por la ciudadania en la solicitud,Informacion publica,76.8
entidad_federativa,Categorica,Solicitudes de Información,Estado de la republica a la que se env¡a la solicitud,sin dato,76.8
delegacion_municipio,Categorica,Solicitudes de Información,Municipio del que se solicita la informacion,sin dato,76.8
codigo_postal,Categorica,Solicitudes de Información,Codigo postal de donde se solicita la informacion,sin dato,76.8
telefono,Categorica,Solicitudes de Información,Medio de comunicacion que en casos brinda el ciudadano para la entrega de la informacion,sin dato,76.8
correo_electronico,Categorica,Solicitudes de Información,Medio electronico mediante el cual el ciudadano quiere que se le entregue la informacion,sin dato,76.8
anualidad,Entero (integer),Solicitudes de Información Fid. 2284 Tren Suburbano,anualidad en el que el ciudadano presenta su solicitud,2025 a 2025,75
fecha_recepcion,Tiempo (fecha/hora),Solicitudes de Información Fid. 2284 Tren Suburbano,Fecha en la que la ciudadano presenta la solicitud de informacion,2025-01-06 00:00:00 a 2025-08-22 00:00:00,75
sujeto obligado,Categorica,Solicitudes de Información Fid. 2284 Tren Suburbano,Sin descripcion,NLE - Fideicomiso de Administracion y Fuente de Pago No  2284  Tren Suburbano Villa Garcia - Aeropuerto de Monterrey primera fase Etapa 1,75
folio,Entero (integer),Solicitudes de Información Fid. 2284 Tren Suburbano,Numero con el que se identifica la solicitud de informacion,193055000000000 a 193055000000000,75
estatus,Categorica,Solicitudes de Información Fid. 2284 Tren Suburbano,Proceso en el que se encuentra la solicitud de informacion,Desechada por falta de respuesta del ciudadano; Terminada,75
tipo_respuesta,Categorica,Solicitudes de Información Fid. 2284 Tren Suburbano,Tipo de respuesta que se le brindo a la ciudadania,desechada; entrega deinformacion; inexistencia,75
medio_recepcion,Categorica,Solicitudes de Información Fid. 2284 Tren Suburbano,Herramienta utilizada para generar la solicitud de informacion,Electronica,75
tipo_solicitud,Categorica,Solicitudes de Información Fid. 2284 Tren Suburbano,Informacion solicitada por la ciudadania en la solicitud,Informacion publica,75
entidad_federativa,Categorica,Solicitudes de Información Fid. 2284 Tren Suburbano,Estado de la republica a la que se env¡a la solicitud,sin dato,75
delegacion_municipio,Categorica,Solicitudes de Información Fid. 2284 Tren Suburbano,Municipio del que se solicita la informacion,sin dato,75
codigo_postal,Categorica,Solicitudes de Información Fid. 2284 Tren Suburbano,Codigo postal de donde se solicita la informacion,sin dato,75
telefono,Categorica,Solicitudes de Información Fid. 2284 Tren Suburbano,Medio de comunicacion que en casos brinda el ciudadano para la entrega de la informacion,sin dato,75
correo_electronico,Categorica,Solicitudes de Información Fid. 2284 Tren Suburbano,Medio electronico mediante el cual el ciudadano quiere que se le entregue la informacion,sin dato,75
FOLIO,Entero (integer),Solicitudes de acceso a la información recibidas en la Administración Pública Estatal,Sin descripcion,191000000000000 a 193286000000000,0
FECHA_SOLICITUD,Tiempo (fecha/hora),Solicitudes de acceso a la información recibidas en la Administración Pública Estatal,Sin descripcion,2022-12-13 00:00:00 a 2026-03-31 00:00:00,0
DEPENDENCIA,Categorica,Solicitudes de acceso a la información recibidas en la Administración Pública Estatal,Sin descripcion,"Amar a Nuevo Leon; Amar a Nuevo León; Centro de Conciliacion Laboral del Estado de Nuevo Leon; Centro de Conciliación Laboral del Estado de Nuevo León; Colegio Militarizado ""General Mariano Escobedo"" del Estado de Nuevo Leon; Colegio Militarizado ""General Mariano Escobedo"" del Estado de Nuevo León; Colegio de Bachilleres Militarizado General Mariano Escobedo; Colegio de Educacion Profesional Tecnica de Nuevo Leon (CONALEP) (OPD); Colegio de Educación Profesional Técnica de Nuevo León (CONALEP) (OPD); Colegio de Estudios Cientificos y Tecnologicos del Estado de Nuevo Leon (CECyTENL) (OPD); Colegio de Estudios Científicos y Tecnológicos del Estado de Nuevo León (CECyTENL) (OPD); Comunicacion; Comunicación; Consejeria Juridica; Consejería Jurídica; Consejo Estatal para Prevenir y Eliminar la Discriminacion en el Estado de Nuevo Leon (COPRED NL); Consejo para la Cultura y las Artes de Nuevo Leon (OPD); Consejo para la Cultura y las Artes de Nuevo León (OPD); Contraloria y Transparencia Gubernamental (DGC); Contraloría y Transparencia Gubernamental (DGC); Corporacion para el Desarrollo Agropecuario de Nuevo Leon (OPDPC); Corporacion para el Desarrollo Turistico de Nuevo Leon (OPDPC); Corporacion para el Desarrollo de la Zona Fronteriza de Nuevo Leon (OPDPC); Corporación para el Desarrollo Agropecuario de Nuevo León (OPDPC); Corporación para el Desarrollo Turístico de Nuevo León (OPDPC); Corporación para el Desarrollo de la Zona Fronteriza de Nuevo León (OPDPC); Fideicomiso BP3417 CENDIS; Fideicomiso Festival Internacional de Santa Lucia (FISL); Fideicomiso Festival Internacional de Santa Lucía (FISL); Fideicomiso Fondo Editorial de Nuevo Leon (FFENL) (+514 mas)",0
ESTATUS,Categorica,Solicitudes de acceso a la información recibidas en la Administración Pública Estatal,Sin descripcion,"Desechada por falta de pago; Desechada por falta de respuesta del ciudadano; Desechada por falta de seleccion del medio de entrega; En espera de ampliacion de informacion; En espera de ampliación de información; En espera de confirmar tramite o desahogo de prevencion con identidad acreditada; En espera de confirmar tramite o desahogo de prevencion, con identidad acreditada; En espera de confirmar tramite o desahogo de prevencion, sin identidad acreditada; En espera de confirmar trámite o desahogo de prevención, con identidad acreditada; En espera de confirmar trámite o desahogo de prevención, sin identidad acreditada; En espera de forma de entrega; En proceso; En proceso con identidad acreditada; En proceso con prevencion sin identidad acreditada; En proceso con prevencion, sin identidad acreditada; En proceso con prorroga; En proceso con prórroga; En proceso de entrega de informacion; En proceso informacion adicional; En proceso sin identidad acreditada; En proceso, informacion adicional; En proceso, información adicional; En proceso, sin identidad acreditada; Por registrar que se hizo efectivo el derecho; Terminada",0
MEDIO_ENTRADA,Categorica,Solicitudes de acceso a la información recibidas en la Administración Pública Estatal,Sin descripcion,Dispositivo movil; Dispositivo móvil; Electronica; Electrónica; Manual; Organo Garante,0
TIPO_SOLICITUD,Categorica,Solicitudes de acceso a la información recibidas en la Administración Pública Estatal,Sin descripcion,Datos Personales; Informacion publica; Información pública,0
MEDIO_ENTREGA,Categorica,Solicitudes de acceso a la información recibidas en la Administración Pública Estatal,Sin descripcion,"Consulta directa; Consulta directa en la Unidad de Transparencia; Copia Certificada; Copia Simple; Copia certificada; Correo electronico; Cualquier otro medio incluido los electronicos; Cualquier otro medio incluido los electronicos (CD DVD USB); Cualquier otro medio incluido los electronicos (CD, DVD, USB); Cualquier otro medio incluido los electrónicos; Cualquier otro medio incluido los electrónicos (CD, DVD, USB); Electronico a traves del Sistema de Solicitudes de Acceso a la Informacion de la PNT; Electronico a traves del sistema de solicitudes de acceso  la informacion de la PNT; Electronico a traves del sistema de solicitudes de acceso a la informacion de la PNT; Electrónico a través del Sistema de Solicitudes de Acceso a la Información de la PNT; Medio electronico aportado por el solicitante; Medio electrónico aportado por el solicitante; No Aplica",0
FECHA_LIMITE,Tiempo (fecha/hora),Solicitudes de acceso a la información recibidas en la Administración Pública Estatal,Sin descripcion,2023-01-16 00:00:00 a 2026-05-12 00:00:00,0
RESPUESTA,Categorica,Solicitudes de acceso a la información recibidas en la Administración Pública Estatal,Sin descripcion,"Acceso en medio electronico gratuito proporcionado por el solicitante; Acepta el tramite de la institucion; Acepta el trámite de la institución; Acreditacion de la identidad o titularidad; Acreditación de la identidad o titularidad; Consulta directa informacion publica; Consulta directa, datos personales; Consulta directa, informacion publica; Consulta directa, información pública; Disponibilidad de la informacion; El solicitante responde al so la prevencion; El solicitante responde al so la prevención; Entrega de informacion via PNT; Entrega de informacion via PNT datos; Entrega de informacion via PNT, datos; Entrega de información vía PNT; Entrega de información vía PNT, datos; Fe De Erratas; Improcedencia; Inexistencia de los datos; Informacion clasificada como confidencial; Informacion clasificada como reservada; Informacion disponible parcialmente confidencial; Informacion disponible parcialmente reservada; Informacion disponible via internet; Informacion inexistente; Información clasificada como confidencial; Información clasificada como reservada; Información disponible parcialmente confidencial; Información disponible parcialmente reservada (+29 mas)",0
FECHA_RESPUESTA,Tiempo (fecha/hora),Solicitudes de acceso a la información recibidas en la Administración Pública Estatal,Sin descripcion,2022-12-19 00:00:00 a 2026-01-15 00:00:00,14.4
PAIS,Categorica,Solicitudes de acceso a la información recibidas en la Administración Pública Estatal,Sin descripcion,MEXICO; Nuevo Leon; Sin dato; sin dato,0
ESTADO,Categorica,Solicitudes de acceso a la información recibidas en la Administración Pública Estatal,Sin descripcion,Apodaca; Guadalupe; Monterrey; Nuevo Leon; Nuevo León; Quintana Roo; San Pedro Garza Garcia; Sin dato; sin dato,0
MUNICIPIO,Categorica,Solicitudes de acceso a la información recibidas en la Administración Pública Estatal,Sin descripcion,3502; 64000; 64030; 64109; 64165; 64320; 64650; 64930; 66220; 66265; 66636; 67134; 67174; Apodaca; Benito Juárez; Doctor Arroyo; El Carmen; Garcia; García; General Escobedo; Guadalupe; Juarez; Monterrey; San Nicolas de los Garza; San Nicolás de los Garza; San Pedro Garza Garcia; San Pedro Garza García; Santa Catarina; Sin dato; sin dato,0
CODIGO_POSTAL,Categorica,Solicitudes de acceso a la información recibidas en la Administración Pública Estatal,Sin descripcion,0; 64000; 64030; 64060; 64103; 64165; 64346; 64349; 64350; 64460; 64488; 64530; 64630; 64710; 64850; 64920; 64988; 66023; 66026; 66053; 66220; 66230; 66260; 66265; 66292; 66350; 66351; 66430; 66468; 66470 (+26 mas),0.1
SECTOR,Categorica,Solicitudes de acceso a la información recibidas en la Administración Pública Estatal,Sin descripcion,Ayuntamientos; Descentralizados; Fideicomisos y fondos publicos; Fideicomisos y fondos públicos; No; Poder Ejecutivo; Si; Sin dato; sin dato,0.6
PRORROGA,Booleana,Solicitudes de acceso a la información recibidas en la Administración Pública Estatal,Sin descripcion,No; Si,0
PREVENCION,Categorica,Solicitudes de acceso a la información recibidas en la Administración Pública Estatal,Sin descripcion,.; No; Si,0
DISPONIBILIDAD,Categorica,Solicitudes de acceso a la información recibidas en la Administración Pública Estatal,Sin descripcion,Acceso; Cancelacion; No; No Aplica; Oposicion; Portabilidad; Rectificacion; Si,0
TIPO_DERECHO_ARCOP,Categorica,Solicitudes de acceso a la información recibidas en la Administración Pública Estatal,Sin descripcion,Acceso; Cancelacion; Cancelación; No; No Aplica; Oposicion; Oposición; Portabilidad; Rectificacion; Rectificación; Si,0
QUEJA,Booleana,Solicitudes de acceso a la información recibidas en la Administración Pública Estatal,Sin descripcion,No; Si,14.5
folio_solicitud,Entero (integer),Solicitudes de acceso a la información recibidas por el Sistema Estatal de Información,Numero con el que se identifica la solicitud de informacion,192836925000001 a 192836925000029,55.4
fecha_solicitud,Tiempo (fecha/hora),Solicitudes de acceso a la información recibidas por el Sistema Estatal de Información,Fecha en la que la ciudadania ingresa la solicitud de informacion,2025-01-03 00:00:00 a 2025-12-15 00:00:00,55.4
dependencia,Categorica,Solicitudes de acceso a la información recibidas por el Sistema Estatal de Información,Dependencia a la que compete la solicitud de informacion,Sistema Estatal de Informacion,55.4
estatus,Categorica,Solicitudes de acceso a la información recibidas por el Sistema Estatal de Información,Proceso en el que se encuentra la solicitud de informacion,Terminada,55.4
medio_entrada,Categorica,Solicitudes de acceso a la información recibidas por el Sistema Estatal de Información,Herramienta utilizada para generar la solicitud de informacion,Electronica,55.4
tipo_solicitud,Categorica,Solicitudes de acceso a la información recibidas por el Sistema Estatal de Información,Tipo de solicitud presentada por la ciudadania ya sea de Informacion publica o de Datos personales,Informacion publica,55.4
medio_entrega,Categorica,Solicitudes de acceso a la información recibidas por el Sistema Estatal de Información,Herramienta la cual se le brinda respuesta a la ciudadania,Copia Simple; Copia certificada; Electronico a traves del Sistema de Solicitudes de Acceso a la Informacion de la PNT,55.4
fecha_limite,Tiempo (fecha/hora),Solicitudes de acceso a la información recibidas por el Sistema Estatal de Información,Fecha con la que cuenta el sujeto obligado para brindar respuesta a la ciudadania,2025-01-20 00:00:00 a 2026-01-14 00:00:00,55.4
respuesta,Categorica,Solicitudes de acceso a la información recibidas por el Sistema Estatal de Información,Tipo de respuesta brindada a la ciudadania,Entrega de informacion via PNT; Por notoria incompetencia,55.4
fecha_respuesta,Tiempo (fecha/hora),Solicitudes de acceso a la información recibidas por el Sistema Estatal de Información,Fecha en la que el sujeto obligado remitio la respuesta a la ciudadania,2025-01-08 00:00:00 a 2025-12-17 00:00:00,55.4
sector,Categorica,Solicitudes de acceso a la información recibidas por el Sistema Estatal de Información,Sector del que se solicita la informacion,Poder Ejecutivo,55.4
prorroga,Booleana,Solicitudes de acceso a la información recibidas por el Sistema Estatal de Información,Conocer si el sujeto obligado solicito prorroga para brindar la respuesta a la ciudadania,No; Si,55.4
prevencion,Booleana,Solicitudes de acceso a la información recibidas por el Sistema Estatal de Información,Conocer si el sujeto obligado genero alguna prevencion,No,55.4
disponibilidad,Booleana,Solicitudes de acceso a la información recibidas por el Sistema Estatal de Información,Conocer si el el sujeto obligado cuenta con la informacion,No,55.4
tipo_derecho_arcop,Categorica,Solicitudes de acceso a la información recibidas por el Sistema Estatal de Información,"En caso de haber presentado una solicitud relacionada con Datos Personales el tipo de derecho acceso, rectificacion, cancelacion, oposicion  o portabilidad",No Aplica,55.4
queja,Booleana,Solicitudes de acceso a la información recibidas por el Sistema Estatal de Información,Conocer si la ciudadania se quejo,No,55.4
centro_comunitario,Texto libre,Talleres realizados en los Centros Comunitarios de Desarrollo Social,Nombre del Centro Comunitario,47 valores unicos,0
municipio,Categorica,Talleres realizados en los Centros Comunitarios de Desarrollo Social,Municipio donde se ubica el Centro Comunitario,Allende; Apodaca; Bustamante; Cadereyta Jimenez; Cerralvo; China; El Carmen; Galeana; General Escobedo; General Teran; General Zaragoza; Guadalupe; Higueras; Juarez; Linares; Montemorelos; Monterrey; Pesqueria; Sabinas Hidalgo; Salinas Victoria; Santa Catarina; Santiago; Zuazua,0
cuarto_trimestre,Entero (integer),Talleres realizados en los Centros Comunitarios de Desarrollo Social,Numero de talleres impartidos en Centros Comunitarios en el IV trimestre de 2024,0 a 321,0
primer_trimestre,Entero (integer),Talleres realizados en los Centros Comunitarios de Desarrollo Social,Numero de talleres impartidos en Centros Comunitarios en eI primer trimestre de 2025,4 a 303,0
segundo_trimestre,Entero (integer),Talleres realizados en los Centros Comunitarios de Desarrollo Social,Numero de de talleres impartidos en Centros Comunitarios en el segundo trimestre de 2025,9 a 285,0
tercer_trimestre,Entero (integer),Talleres realizados en los Centros Comunitarios de Desarrollo Social,Numero de talleres impartidos en Centros Comunitarios en el tercer trimestre de 2025,3 a 287,0
total,Entero (integer),Talleres realizados en los Centros Comunitarios de Desarrollo Social,Total de talleres impartidos en el periodo del cuarto trimestre 2024 al tercer trimestre 2025.,30 a 1196,0
parque,Categorica,Tecnoparques FIDESUR 2025,Nombre del complejo agricola administrado por FIDESUR,Tecnoparque Hortícola FIDESUR Galeana; Tecnoparque Hortícola FIDESUR Sandia; Tecnoparque Hortícola FIDESUR Tanquecillos; Tecnoparque Hortícola FIDESUR Terranova,0
municipio,Categorica,Tecnoparques FIDESUR 2025,Nombre del municipio en donde se ubica el parque,Arramberri; Doctor Arrollo; Galeana,0
localidad,Categorica,Tecnoparques FIDESUR 2025,Nombre de la Localidad en donde se ubica el parque,San Joaquin; Sandia El Grande; Tanquecillos,0
personas_morales_beneficiadas,Entero (integer),Tecnoparques FIDESUR 2025,Numero de personas morales beneficiadas en el parque,4 a 13,0
productores_beneficiados,Entero (integer),Tecnoparques FIDESUR 2025,Numero de productores beneficiados en el parque,39 a 156,0
periodo,Entero (integer),Tecnoparques FIDESUR 2025,Ejercicio fiscal,2025 a 2026,0
ejercicio,Entero (integer),Tramites y Servicios a Pequeñas y Medianas Empresas,Sin descripcion,2025 a 2026,0
fecha_inicio,Tiempo (fecha/hora),Tramites y Servicios a Pequeñas y Medianas Empresas,Sin descripcion,2025-01-01 00:00:00 a 2026-02-17 00:00:00,0
fecha_termino,Tiempo (fecha/hora),Tramites y Servicios a Pequeñas y Medianas Empresas,Sin descripcion,2025-01-31 00:00:00 a 2026-02-28 00:00:00,0
tipo_tramite_servicio,Categorica,Tramites y Servicios a Pequeñas y Medianas Empresas,Sin descripcion,Servicio,0
nombre_tramite_servicio,Categorica,Tramites y Servicios a Pequeñas y Medianas Empresas,Sin descripcion,Afiliacion a Hecho en Nuevo Leon; Asesoria en Comercio Exterior; Asesoria para Apertura y Formalización de Negocios; Asesoria para la Busqueda Fonetica y Registro de Marcas; Constitucion de Sociedad Micro Industrial; Consultoria y Capacitacion Empresarial; Fortalecimiento al Desarrollo Economico de las Mujeres; Programa de Apoyo al Fortalecimiento de las Mipymes,0
poblacion_objetivo,Categorica,Tramites y Servicios a Pequeñas y Medianas Empresas,Sin descripcion,Personas en General,0
modalidad_tramite,Categorica,Tramites y Servicios a Pequeñas y Medianas Empresas,Sin descripcion,Presencial; Presencial / En linea,0
hipervinculo_tramite,Categorica,Tramites y Servicios a Pequeñas y Medianas Empresas,Sin descripcion,https://nlinea.nl.gob.mx/modules/ventanillaDigital/procedures/afiliacionAHechoEnNuevoLeon; https://nlinea.nl.gob.mx/modules/ventanillaDigital/procedures/asesoriaEnComercioExterior; https://nlinea.nl.gob.mx/modules/ventanillaDigital/procedures/asesoriaParaAperturaYFormalizacionDeNegocios; https://nlinea.nl.gob.mx/modules/ventanillaDigital/procedures/asesoriaParaBusquedaFoneticaYRegistroDeMarcas; https://nlinea.nl.gob.mx/modules/ventanillaDigital/procedures/constitucionDeSociedadMicroIndustrial; https://nlinea.nl.gob.mx/modules/ventanillaDigital/procedures/consultoriaYCapacitacionEmpresarial; https://nlinea.nl.gob.mx/modules/ventanillaDigital/procedures/fortalecimientoAlDesarrolloEconomicoDeLasMujeres; https://nlinea.nl.gob.mx/modules/ventanillaDigital/procedures/programaDeApoyoAlFortalecimientoDeLasMipymes,0
requisitos,Categorica,Tramites y Servicios a Pequeñas y Medianas Empresas,Sin descripcion,"Acudir a las oficinas
Identificación oficial
Comprobante de Domicilio; Elaborar transformar o envasar un producto dentro del Estado de Nuevo Leon
Llevar muestra de su producto
Llenar el formato de afiliacion; Identificacion Oficial
Acta de Nacimiento
Tener como actividad economica la elaboracion fabricacion transformacion y o diseño de un producto final
Objetivo principal que va a tener la sociedad
Identificacion oficial
Comprobante de domicilio; No se establecen requisitos para brindar asesoría; Plan de negocio o autodiagnostico empresarial; Plan de negocio o autodiagnostico empresarial
En caso de ser mujer emprendedora, tener un proyecto o idea de emprendimiento
En el caso de convocatorias o invitacion a alguna de las actividades del servicio se considerarán los requisitos del mismo; Recabar formatos de registro de marca y comprobante de pago proporcionado por el Centro de Atencion Empresarial
Logotipo o Diseño de la marca
Acta constitutiva
Poder Notarial
Identificacion oficial; Ser empresa establecida en Nuevo Leon
Manifestar via correo electronico oficio o entrevista el interes en la asesoria para exportar",0
contacto_tramite,Categorica,Tramites y Servicios a Pequeñas y Medianas Empresas,Sin descripcion,Direccion de Fomento a la Mujer; Direccion de Fomento y Apoyo a Mipyme; Direccion de Inversion,0
ubicación,Categorica,Tramites y Servicios a Pequeñas y Medianas Empresas,Lugar en el que se lleva a cabo el tramite o servicio,Edificio Elizondo Paez Av 5 de mayo numero 521 numero interior 521 piso PB; Torre Administrativa en Calle Washington numero 2000 piso 13 colonia Obrera en el Municipio de Monterrey Nuevo Leon,0
fecha_actualizacion,Tiempo (fecha/hora),Tramites y Servicios a Pequeñas y Medianas Empresas,Sin descripcion,2025-01-31 00:00:00 a 2026-02-17 00:00:00,0
periodo,Categorica,Unidades de Transporte Público,A–os de referencia del periodo anual al que pertenece la informaci—n de la ruta.,2024_2025,0
mes_publicacion,Categorica,Unidades de Transporte Público,Mes del registro o de actualizaci—n de la informaci—n.,Septiembre,0
modalidad_SETME,Categorica,Unidades de Transporte Público,"Tipo de servicio o modalidad operativa de la ruta, segœn la clasificaci—n oficial del SETME.",Alimentadora; Directa; Remanente; Sin Dato; Troncal,0
nombre_ruta,Texto libre,Unidades de Transporte Público,Nombre o denominaci—n oficial de la ruta de transporte pœblico.,148 valores unicos,0
id_unidad,Texto libre,Unidades de Transporte Público,Identificador œnico de la unidad (versi—n anonimizada del nœmero VIN por motivos de seguridad).,2184 valores unicos,0
placas_unidad,Texto libre,Unidades de Transporte Público,Matr’cula o nœmero de placas del veh’culo.,1246 valores unicos,0
tipo_combustible,Entero (integer),Unidades de Transporte Público,Tipo de combustible utilizado por la unidad.,1 a 3,0
capacidad_max_pasajeros,Entero (integer),Unidades de Transporte Público,Capacidad m‡xima de pasajeros autorizada para la unidad.,70 a 90,0
antiguedad_unidad,Entero (integer),Unidades de Transporte Público,AntigŸedad de la unidad en a–os.,0 a 2,0
aseguradora,Categorica,Unidades de Transporte Público,Nombre de la compa–’a que brinda el seguro a la unidad.,Afirme; Banorte; GNP Seguros; General de seguros; HDI Seguros; Qualitas; Sin Dato; Sura,0
tipo_cobertura,Categorica,Unidades de Transporte Público,Tipo de cobertura contratada en la p—liza del seguro.,Amplia; Limitada; Responsabilidad civil; Sin Dato,0
fecha_vencimiento_seguro,Tiempo (fecha/hora),Unidades de Transporte Público,Fecha en que expira la p—liza del seguro de la unidad.,2025-10-13 00:00:00 a 2031-09-25 00:00:00,0
periodo,Categorica,Unidades del STCM,A–o de referencia al que pertenece la informaci—n de la ruta.,2024_2025,0
mes_publicacion,Categorica,Unidades del STCM,Mes del registro o de actualizaci—n de la informaci—n.,Septiembre,0
modalidad_SETME,Entero (integer),Unidades del STCM,"Tipo de servicio o modalidad operativa de la ruta, segœn la clasificaci—n oficial del SETME.",4 a 9,0
tipo_servicio,Categorica,Unidades del STCM,Modalidad de servicio segœn la ofertada en STC Metrorrey.,LINEAS_DE_METRO; RUTAS_DE_TRANSMETRO,0
nombre_ruta,Texto libre,Unidades del STCM,Nombre o denominaci—n oficial de la ruta de transporte pœblico.,35 valores unicos,0
id_unidad,Texto libre,Unidades del STCM,Identificador œnico de la unidad (versi—n anonimizada del nœmero VIN por motivos de seguridad).,276 valores unicos,0
placas_unidad,Texto libre,Unidades del STCM,Matr’cula o nœmero de placas del veh’culo.,359 valores unicos,0
tipo_combustible,Entero (integer),Unidades del STCM,Tipo de combustible utilizado por la unidad.,1 a 4,0
capacidad_max_pasajeros,Entero (integer),Unidades del STCM,Capacidad m‡xima de pasajeros autorizada para la unidad.,65 a 300,0
antiguedad_unidad,Entero (integer),Unidades del STCM,AntigŸedad de la unidad en a–os.,0 a 35,0
aseguradora,Categorica,Unidades del STCM,Nombre de la compa–’a que brinda el seguro a la unidad.,BANORTE; GENERALDESEGUROS; HDISEGUROS; INBURSA; PRIMEROSEGUROS; QUALITAS; SEGUROSVEPORMAS,0
tipo_cobertura,Categorica,Unidades del STCM,Tipo de cobertura contratada en la p—liza del seguro.,AMPLIA; RCYRCVIAJERO; TodoriesgoyResponsabilidadCivilViajero,0
fecha_vencimiento_seguro,Tiempo (fecha/hora),Unidades del STCM,Fecha en que expira la p—liza del seguro de la unidad.,2025-09-30 00:00:00 a 2029-01-24 00:00:00,0
periodo,Entero (integer),Uso de agua,Año de registro,2024 a 2025,0
mes,Categorica,Uso de agua,Mes en el que se efectuo la medicion,abril; agosto; diciembre; enero; febrero; julio; junio; marzo; mayo; noviembre; octubre; septiembre,0
consumo_agua_promedio,Numerica (decimal),Uso de agua,Cantidad promedio de agua efectivamente consumida/vendida por persona al dia,98.24 a 119.8,0
disponibilidad_agua,Numerica (decimal),Uso de agua,Capacidad hidraulica total de abastecimiento del organismo operador,26.1 a 26.1,0
agua_no_contabilizada,Numerica (decimal),Uso de agua,Porcentaje de agua no contabilizada correspondiente al Area Metropolitana y Zona Conurbada de Nuevo Leon,41.11 a 48.25,0
nombre_programa,Categorica,VIVIENDAS REHABILITADAS,"Denominacion oficial del programa publico al que pertenece el beneficio otorgado:
MEJORAMIENTOS: Ofrece mejoras en la vivienda con ampliaciones y rehabilitacion como piso firme muros y losa.",MEJORAMIENTOS,0
tipo_accion,Categorica,VIVIENDAS REHABILITADAS,"Clasificacion especifica de la accion realizada dentro del programa de asignaciones:
VIVIENDAS REHABILITADAS: El programa realiza acciones de mejoramiento a las viviendas de personas en situacion de vulnerabilidad para reducir el rezago habitacional.",VIVIENDAS REHABILITADAS,0
periodo_alta,Entero (integer),VIVIENDAS REHABILITADAS,Periodo en que la persona fue incorporada oficialmente al programa,2022 a 2025,0
municipio,Categorica,VIVIENDAS REHABILITADAS,Municipio donde se realizo la accion del programa,APODACA; EL CARMEN; GARCIA; GENERAL ESCOBEDO; GUADALUPE; JUAREZ; MONTERREY; SALINAS VICTORIA; SAN NICOLAS DE LOS GARZA; SAN PEDRO GARZA GARCIA; SANTA CATARINA,0
total_beneficiarios,Entero (integer),VIVIENDAS REHABILITADAS,Total de personas beneficiarias del programa,1 a 210,0
genero_femenino,Entero (integer),VIVIENDAS REHABILITADAS,Numero de personas beneficiarias de genero femenino,0 a 164,0
genero_masculino,Entero (integer),VIVIENDAS REHABILITADAS,Numero de personas beneficiarias de genero masculino,0 a 46,0
edad_18_a_29,Entero (integer),VIVIENDAS REHABILITADAS,Numero de personas beneficiarias pertenecientes al grupo etario juventud,0 a 12,0
edad_30_a_59,Entero (integer),VIVIENDAS REHABILITADAS,Numero de personas beneficiarias pertenecientes al grupo etario adultez,0 a 113,0
edad_60_y_mas,Entero (integer),VIVIENDAS REHABILITADAS,Numero de personas beneficiarias pertenecientes al grupo etario vejez,0 a 85,0
tipo_apoyo,Categorica,VIVIENDAS REHABILITADAS,"Modalidad del apoyo otorgado, se refiere a la entrega directa de bienes o servicios a una persona beneficiaria, sin otorgar dinero.",ESPECIE,0
periodicidad,Categorica,VIVIENDAS REHABILITADAS,"Frecuencia con la que se entrega el apoyo, se refiere al beneficio que se otorga en una sola ocasion sin caracter periodico ni recurrente.",UNICO,0
PK,Texto libre,Visitantes a Parques de Nuevo León,Sin descripcion,66 valores unicos,8.3
ú&ž$‰my,Categorica,Visitantes a Parques de Nuevo León,Sin descripcion,"•åJ·²õoÍ|ªiõx`gžŠåÜ¶ÉXÐB5£Ajä@^=ÿþÕó§èÕó'ÇŸ?üéøÑ£ã‡?ZYÞÄmœ'îÄ—ß~öç×£?ž~óòña¼tñ¿þðÉ/?B}ÍÖÿâË'¿={òâ«Oÿîq; `7i…GZªîe•ºÕS«¾1¸MÐ0X@šf¿~ØN¼¬«öˆÎ¹ŸÎ9¢Z½¶½@ˆÆ»%æ3†8åµq›%þÞÜ+Œb’NKë,ñ""^Õ?TªÊ¸¾ƒD”I.; c.>·rs7Õ`SÙ; j»¤ÌafÌ 5ý—’Ÿ; «Öñ0ä­Né–£ð°ŠeáÉ–ù<e´-‹â#uÊŒ•©Ç“G»b[äïëÙìvQÅXêÝké®öhé^ð¨ƒÂú5GÍ×«Ð.Ý—@ò/÷§Ã""v›güÝ_:ƒ“å8:Îuw–Nõv; ®<uÃ€„ê¼@3Ø«r–såÈ}«A'ÖØ~ñ¶cÝNìÞç¹G[ío; ²T6Gµ¿~¢âæw@´ÈT“Ñc|E; Å]œ¿?Î÷pmŒsvñò@=ÀÛüEè{™xØ»ã€1ÎÏË=ÀÿÀCAJ*šŽÞ.ßƒ®:; ßåÎÔ¸«°àý¶âShõï5µ^""|NG÷Œ!NëgÊÄ©24ÏH?ÀÆ´ÛßY’×[¯; ëi\Õ{{„RHuÃ&%; ì0X®íÀ_-×ë8tGîêãà‘õ‚'–~; ò±ß’¹³–zÔjˆÑð",83.3
No_Control,Entero (integer),Órganos colegiados,Numero de control interno del registro en la Secretaria de Participacion Ciudadana,1 a 78,19.3
Nombre,Texto libre,Órganos colegiados,Nombre asignado al organo colegiado por el documento que lo crea,79 valores unicos,19.3
Tipo,Categorica,Órganos colegiados,Tipo de organo colegiado,Comision; Comite; Consejo; Contraloria; Fideicomiso; Junta; Observatorio; Patronato; Sistema,19.3
Dependencia,Texto libre,Órganos colegiados,Nombre de la dependencia o entidad rectora del organo colegiado,44 valores unicos,20.5
Clasificacion_Dependencia ,Categorica,Órganos colegiados,Clasificacion de la dependencia o entidad encargada de su creacion y renovacion,Dependencias Centrales; Fideicomisos; Organismos Descentralizados; Organismos Descentralizados con Participacion Ciudadana; Unidades Administrativas,19.3
Nivel_Incidencia ,Categorica,Órganos colegiados,Nivel de incidencia que tiene el organo colegiado sobre la dependencia,Cogestion; Consulta; Deliberacion; Dialogo; Resolutivo; Vigilancia,19.3
Temas,Texto libre,Órganos colegiados,Temas que se atienden o discuten en el organo colegiado,46 valores unicos,19.3
Presupuesto_Asignado,Categorica,Órganos colegiados,Determina si el organo colegiado tiene un presupuesto asignado para su operación,No; Si; Sin dato,23.3
Aprobacion_presupuesto,Tiempo (fecha/hora),Órganos colegiados,Fecha establecida de asignacion del presupuesto del organo colegiado,1998-10-27 00:00:00 a 2023-02-28 00:00:00,81.8
Estatus,Categorica,Órganos colegiados,Estatus reportado del organo colegiado,Activo; En proceso de creacion; Inactivo,19.3
Normativa,Texto libre,Órganos colegiados,Nombre del sustento juridico que lo crea,69 valores unicos,19.3
URL_Normativa,Texto libre,Órganos colegiados,URL para consultar la normativa que lo crea,63 valores unicos,19.9
Proceso_Integracion,Categorica,Órganos colegiados,"Proceso utilizado por la dependencia, organismo o entidad,  para la integracion del organo colegiado","Art. 62 de la Ley de Victimas del Estado de Nuevo Leon; Articulo 512 B en cada entidad federativa se constituira una comision consultiva estatal de seguridad y salud en el trabajo, situa facultad sera de coadyuvar en la definicion de la politica estatal en materia de seguridad, salud y medio ambiente de trabajo, proponer reformas y adiciones al reglamento y las normas oficiales mexicanas en la materia, asi como estudiar y proponer medidas preventivas para abatir los riesgos en los centros de trabajo establecidos en su jurisdiccion.; De Conformidad Con La Ley Que Crea Una Institucion Publica Descentralizada 
Servicios De Agua Y Drenaje De Monterrey; De acuerdo a la normatividad; Decreto de Creacion de la Universidad Ciudadana de Nuevo Leon; De conformidad con la Ley que Crea el Instituto De Control Vehicuar. Articulo 3 Bis I.; Invitacion; La Ley de Acceso de las Mujeres para una Vida Libre de Violencia, establece en su articulo 26, la integracion de sus integrantes.; Los integrantes son de acuerdo al Contrato de Creacion del Fideicomiso; Otro Procedimiento: Acuerdo Por El Que Se Emiten Las Disposiciones Y El Manual Administrativo De Aplicacion Estatal En Materia De Control Interno; Por Invitacion Hecha Por El Titular Del Poder Ejecutivo; Por Invitacion Hecha Por El Titular Del Poder Ejecutivo O El Titular De La Dependencia; Por Io establecido
en la Ley de
Movilidad
Sostenible, de
Accesibilidad y
Seguridad Vial del
Estado de Nuevo
Leon, capitulo 8.
articulo 50; Por Io establecido en la Ley de Movilidad Sostenible, de Accesibilidad y Seguridad Vial del Estado de Nuevo Leon, capitulo 8. articulo 50; Por convocatoria publica abierta; Por invitacion hecha por el Titular del Poder Ejecutivo o el Titular de la  dependencia; Por invitacion hecha por el Titular del Poder Ejecutivo o el Titular de la dependencia; Por ley; Se designan los integrantes de la Junta Directiva conforme al art. 6 de la Ley que Crea el Colegio Militarizado ""General Mariano Escobedo"" del Estado de Nuevo Leon.; Se integra acorde a lo establecido en la Ley para la Proteccion de los derechos de las Personas con Discapacidad; Seleccionado Por La Dependencia O Por Su Propio Ordenamiento Juridico; Seleccionado por la dependencia o por su propio ordenamiento juridico; Seleccionado por la dependencia o por su propio ordenamiento juridico: Si la seleccion se realiza internamente por la dependencia o de acuerdo con normas internas preestablecidas.; Sin Valor; Sin dato",19.3
Frecuencia_Sesiones ,Categorica,Órganos colegiados,Frecuencia con la que sesiona,Anual; Anualmente; Bimestral; Cuatrimestral; Mensual; Semestral; Sin dato; Sin valor; Trimestal; Trimestral,20.5
URL_ActasPlublicas,Texto libre,Órganos colegiados,Sin descripcion,32 valores unicos,19.3
Asientos_Totales,Texto libre,Órganos colegiados,Cantidad de personas que integran el colegio,32 valores unicos,19.3
Asientos_Ciudadanos,Categorica,Órganos colegiados,Cantidad de asientos reservados para personas no funcionarias publicas,0; 1; 10; 11; 12; 13; 15; 16; 2; 21; 23; 24; 28; 3; 30; 36; 4; 42; 5; 6; 7; 8; 9; Hasta 15,19.3
Asientos_Mujeres,Texto libre,Órganos colegiados,Cantidad de asientos que son ocupados por mujeres,33 valores unicos,28.4
Grupos_Prioritarios,Categorica,Órganos colegiados,Lista de los grupos prioritarios que tienen asientos en el colegio,"Comunidad LGBTTTIQ+, Pueblos Originarios, Personas Adultas Mayores, Personas con Discapacidad; Diversas en proceso de eleccion; Juventudes; Juventudes,
personas adultas mayores,
personas con discapacidad.; Juventudes, Personas Adultas Mayores; Juventudes, Personas Adultas Mayores, Personas con Discapacidad; Personas Adultas Mayores; Personas adultas mayores; Personas con Discapacidad; Personas con Discapacidad, Jovenes; Personas con discapacidad, Personas adultas mayores; Personas con discapacidad, Personas adultas mayores, Personas afrodescendientes, Personas indigenas, Poblaciones LGBTIQ+, Infancias y adolescencias, Personas que no viven en el area metropolitana, Juventudes; Personas que no viven en el Area Metropolitana; Personas que no viven en el area metropolitana; Personas que no viven en el area metropolitana, Personas Adultas Mayores; Personas que no viven en el area metropolitanas; Sin dato; Sin valor",28.4
Categorias_Integrantes,Texto libre,Órganos colegiados,Listado de las categorias de personas que conforman la integracion del colegio,73 valores unicos,19.3
Tipo_Presidencia,Categorica,Órganos colegiados,Cargo de la persona que tiene la presidencia del organo de acuerdo a su normativa,Gobernador del Estado de Nuevo Leon; Persona Servidora Publica en calidad de suplente permanente; Presidencia ciudadana; Titular de la dependencia o entidad,19.3
Nombre_Presidencia,Categorica,Órganos colegiados,Nombre de la personas que ocupa la presidencia del organo colegiado,"Adrian de la Garza Tijerina; Alfonso Martinez Munoz; Alma Rosa Marroquin Escamilla; Carolina Farias Campero; Dra. Sofia Leticia Morales Garza; Eugenio Montiel Amoroso; Fernando Arizpe Aleman; Gabriel
Eugenio Todd
Alanis; Graciela Buchanan Ortega; Guillermo Bazan Gomez; Ivan Rivas Rodriguez; Jose de Jesus Alarcon Cordova; Lauro Horacio Trevino Nares; Lic. Maricarmen Martinez Villarreal; Lic. Veronica Lucia Gonzalez Casas; Lorenia Canavati Von Borstel; Luisa Peresbarbosa Garza; Maria Teresa Villarreal Guzman; Martha Patricia Herrera Gonzalez; N/A; Rebeca Clouthier Carrillo; Samuel Alejadro Garcia Sepulveda; Samuel Alejandro Garcia Sepulveda; Samuel Alejandro Garcia Sepuveda; Secretaria de Educacion del Estado; Sin dato; Sin valor; Sofia Leticia Morales Garza; Sofia Leticia Morales Garza, Secretaria de Educacion; Sofialeticia Morales Garza, Secretaria de Educacion",20.5
Nombre_SecretariaTecnica,Texto libre,Órganos colegiados,Nombre de la persona que hace las funciones de secretaria tecnica del organo de acuerdo a su normativa,59 valores unicos,22.2
Tipo_ST,Texto libre,Órganos colegiados,Cargo de la persona que hace las funciones de secretaria tecnica del organo de acuerdo a su normativa,43 valores unicos,21.6
Telefono_ST,Texto libre,Órganos colegiados,Numero telefonico de la persona que hace las funciones de secretaria tecnica del organo,51 valores unicos,22.2
Correo_ST,Texto libre,Órganos colegiados,Correo electronico de la persona que hace las funciones de secretaria tecnica del organo,55 valores unicos,22.2
Unnamed: 26,Vacia / sin datos,Órganos colegiados,Sin descripcion,,100
Unnamed: 27,Vacia / sin datos,Órganos colegiados,Sin descripcion,,100
Unnamed: 28,Vacia / sin datos,Órganos colegiados,Sin descripcion,,100
Unnamed: 29,Vacia / sin datos,Órganos colegiados,Sin descripcion,,100
Unnamed: 30,Vacia / sin datos,Órganos colegiados,Sin descripcion,,100
Unnamed: 31,Vacia / sin datos,Órganos colegiados,Sin descripcion,,100
Unnamed: 32,Vacia / sin datos,Órganos colegiados,Sin descripcion,,100
Unnamed: 33,Vacia / sin datos,Órganos colegiados,Sin descripcion,,100
Unnamed: 34,Vacia / sin datos,Órganos colegiados,Sin descripcion,,100
Unnamed: 35,Vacia / sin datos,Órganos colegiados,Sin descripcion,,100
Unnamed: 36,Vacia / sin datos,Órganos colegiados,Sin descripcion,,100
Unnamed: 37,Vacia / sin datos,Órganos colegiados,Sin descripcion,,100
Unnamed: 38,Vacia / sin datos,Órganos colegiados,Sin descripcion,,100
Unnamed: 39,Vacia / sin datos,Órganos colegiados,Sin descripcion,,100
Unnamed: 40,Vacia / sin datos,Órganos colegiados,Sin descripcion,,100
Unnamed: 41,Vacia / sin datos,Órganos colegiados,Sin descripcion,,100
